case,cpus,variant,iteration,warmup,wall_s,cpu_s,user_s,system_s,peak_bytes,returncode,process_tree_drained,validated_contract,validated_failure
gin,4,native,-1,True,0.18166444916278124,0.172038,0.117666,0.054372,38146048,0,True,True,
gin,4,orchestrion,-1,True,0.24269460909999907,0.348918,0.233768,0.11515,50442240,0,True,True,
gin,4,orchestrion,0,False,0.227664559148252,0.361145,0.263676,0.097469,65802240,0,True,True,
gin,4,native,0,False,0.18347186292521656,0.170003,0.116173,0.05383,38420480,0,True,True,
gin,4,native,1,False,0.18394503509625793,0.176744,0.118696,0.058047,38232064,0,True,True,
gin,4,orchestrion,1,False,0.2191273069474846,0.334152,0.250094,0.084059,88629248,0,True,True,
gin,4,native,2,False,0.19432747107930481,0.173962,0.107547,0.066415,40456192,0,True,True,
gin,4,orchestrion,2,False,0.2326541179791093,0.346928,0.236351,0.110577,59879424,0,True,True,
gin,4,native,3,False,0.17820463702082634,0.169734,0.1195,0.050234,37818368,0,True,True,
gin,4,orchestrion,3,False,0.24144804198294878,0.3541,0.233163,0.120937,63217664,0,True,True,
gin,4,native,4,False,0.17850315803661942,0.168886,0.11594,0.052946,39133184,0,True,True,
gin,4,orchestrion,4,False,0.2193261389620602,0.348156,0.249885,0.098272,59502592,0,True,True,
gin,32,native,-1,True,0.1836409659590572,0.197821,0.140084,0.057737,44945408,0,True,True,
gin,32,orchestrion,-1,True,0.24140416295267642,0.423007,0.296093,0.126914,96043008,0,True,True,
gin,32,orchestrion,0,False,0.23003505682572722,0.439478,0.297775,0.141704,70832128,0,True,True,
gin,32,native,0,False,0.19434572383761406,0.220261,0.147103,0.073158,44224512,0,True,True,
gin,32,native,1,False,0.19285364192910492,0.220898,0.153001,0.067898,42749952,0,True,True,
gin,32,orchestrion,1,False,0.23504402698017657,0.427906,0.295064,0.132841,74104832,0,True,True,
gin,32,native,2,False,0.19006919907405972,0.215986,0.158969,0.057016,43991040,0,True,True,
gin,32,orchestrion,2,False,0.2565584999974817,0.452256,0.293322,0.158935,63606784,0,True,True,
gin,32,native,3,False,0.19166646106168628,0.200097,0.13348,0.066616,45080576,0,True,True,
gin,32,orchestrion,3,False,0.23576282989233732,0.442641,0.305581,0.13706,79228928,0,True,True,
gin,32,native,4,False,0.1935334950685501,0.217764,0.156583,0.061181,44318720,0,True,True,
gin,32,orchestrion,4,False,0.24010146711952984,0.436484,0.299208,0.137277,78397440,0,True,True,
chi,4,native,-1,True,26.142103099962696,2.943173,2.684042,0.25913,34578432,0,True,True,
chi,4,orchestrion,-1,True,26.17679017712362,2.761846,2.617159,0.144687,54697984,0,True,True,
chi,4,orchestrion,0,False,26.152968580834568,2.674453,2.530622,0.143831,79728640,0,True,True,
chi,4,native,0,False,26.13560164300725,2.914355,2.677548,0.236806,47386624,0,True,True,
chi,4,native,1,False,26.136863711988553,2.899536,2.675359,0.224177,45617152,0,True,True,
chi,4,orchestrion,1,False,26.17852736194618,2.70644,2.578603,0.127837,83521536,0,True,True,
chi,4,native,2,False,26.135457929922268,2.979668,2.729015,0.250653,48873472,0,True,True,
chi,4,orchestrion,2,False,26.18465262511745,2.682397,2.54934,0.133056,90030080,0,True,True,
chi,4,native,3,False,26.13756874902174,2.901706,2.64739,0.254316,52477952,0,True,True,
chi,4,orchestrion,3,False,26.174048342043534,2.692635,2.559871,0.132765,79495168,0,True,True,
chi,4,native,4,False,26.150430082110688,2.843638,2.617778,0.225861,47853568,0,True,True,
chi,4,orchestrion,4,False,26.152723985956982,2.661739,2.53966,0.122078,83771392,0,True,True,
chi,32,native,-1,True,26.154827149119228,7.852951,6.950215,0.902737,69451776,0,True,True,
chi,32,orchestrion,-1,True,26.159122630022466,7.289123,6.589539,0.699585,116248576,0,True,True,
chi,32,orchestrion,0,False,26.18355085607618,7.026045,6.308687,0.717357,136110080,0,True,True,
chi,32,native,0,False,26.14083177712746,7.661383,6.817565,0.843817,90894336,0,True,True,
chi,32,native,1,False,26.141535648843274,6.965027,6.244109,0.720917,146300928,0,True,True,
chi,32,orchestrion,1,False,26.181518971920013,7.176656,6.54731,0.629347,130572288,0,True,True,
chi,32,native,2,False,26.139699009945616,7.671665,6.801327,0.870338,100491264,0,True,True,
chi,32,orchestrion,2,False,26.179189686197788,7.210252,6.449356,0.760897,134266880,0,True,True,
chi,32,native,3,False,26.141873916843906,7.540336,6.686525,0.853811,99336192,0,True,True,
chi,32,orchestrion,3,False,26.160495608812198,7.385406,6.658123,0.727283,128765952,0,True,True,
chi,32,native,4,False,26.141334583982825,7.734554,6.835306,0.899248,92889088,0,True,True,
chi,32,orchestrion,4,False,26.16003521112725,7.197552,6.515403,0.68215,152813568,0,True,True,
gin--race,4,native,-1,True,2.327791705960408,2.620377,2.459353,0.161024,268091392,0,True,True,
gin--race,4,orchestrion,-1,True,4.2160220509395,3.697768,3.384593,0.313176,404611072,1,True,False,race detector reported an error
gin--race,4,orchestrion,0,False,2.139834754867479,3.708186,3.35681,0.351377,355512320,1,True,False,race detector reported an error
gin--race,4,native,0,False,2.0401560459285975,2.636835,2.476089,0.160745,208977920,0,True,True,
gin--race,4,native,1,False,2.038046435918659,2.627885,2.47336,0.154524,209010688,0,True,True,
gin--race,4,orchestrion,1,False,2.1516183288767934,3.691318,3.340183,0.351135,360603648,0,True,True,
gin--race,4,native,2,False,2.041355049936101,2.625062,2.46012,0.164942,203341824,0,True,True,
gin--race,4,orchestrion,2,False,2.1363139119930565,3.646366,3.316676,0.329689,339304448,1,True,False,race detector reported an error
gin--race,4,native,3,False,2.0414926311932504,2.629218,2.457975,0.171244,209727488,0,True,True,
gin--race,4,orchestrion,3,False,2.1319453371688724,3.651534,3.331595,0.319939,336109568,1,True,False,race detector reported an error
gin--race,4,native,4,False,2.0340077080763876,2.623744,2.460185,0.163559,219525120,0,True,True,
gin--race,4,orchestrion,4,False,2.144693244015798,3.714574,3.382496,0.332078,348372992,1,True,False,race detector reported an error
gin--race,32,native,-1,True,1.4122787499800324,2.729681,2.540528,0.189153,271204352,0,True,True,
gin--race,32,orchestrion,-1,True,1.7369407671503723,3.892389,3.47733,0.415059,439365632,1,True,False,race detector reported an error
gin--race,32,orchestrion,0,False,1.740766896866262,3.897878,3.471009,0.426869,439144448,1,True,False,race detector reported an error
gin--race,32,native,0,False,1.4262426840141416,2.736615,2.539778,0.196836,275853312,0,True,True,
gin--race,32,native,1,False,1.415085538988933,2.712944,2.518473,0.194472,277852160,0,True,True,
gin--race,32,orchestrion,1,False,1.7242804151028395,3.873833,3.477951,0.395882,454885376,1,True,False,race detector reported an error
gin--race,32,native,2,False,1.4161071311682463,2.728248,2.51263,0.215618,271323136,0,True,True,
gin--race,32,orchestrion,2,False,1.7369690840132535,3.893175,3.44756,0.445615,428597248,1,True,False,race detector reported an error
gin--race,32,native,3,False,1.4078459220472723,2.725913,2.527124,0.198789,275664896,0,True,True,
gin--race,32,orchestrion,3,False,1.7311173400375992,3.88023,3.43601,0.44422,452280320,1,True,False,race detector reported an error
gin--race,32,native,4,False,1.4122203160077333,2.713,2.512899,0.200101,271568896,0,True,True,
gin--race,32,orchestrion,4,False,1.7304203291423619,3.898606,3.471145,0.427461,436260864,1,True,False,race detector reported an error
gin--cover,4,native,-1,True,0.19300341606140137,0.195125,0.148072,0.047053,37130240,0,True,True,
gin--cover,4,orchestrion,-1,True,1.1493187288288027,1.369463,0.92643,0.443033,90345472,0,True,True,
gin--cover,4,orchestrion,0,False,0.4893043029587716,1.29085,0.867832,0.423018,91893760,0,True,True,
gin--cover,4,native,0,False,0.18639937997795641,0.192255,0.127385,0.06487,37818368,0,True,True,
gin--cover,4,native,1,False,0.1904218359850347,0.191717,0.127746,0.063972,38080512,0,True,True,
gin--cover,4,orchestrion,1,False,0.4712392729707062,1.272174,0.821068,0.451106,97099776,0,True,True,
gin--cover,4,native,2,False,0.1875260730739683,0.19498,0.136925,0.058056,37007360,0,True,True,
gin--cover,4,orchestrion,2,False,0.4844031729735434,1.28909,0.883482,0.405609,99844096,0,True,True,
gin--cover,4,native,3,False,0.18842238397337496,0.192585,0.139211,0.053373,37613568,0,True,True,
gin--cover,4,orchestrion,3,False,0.47246178798377514,1.246662,0.8314,0.415262,92954624,0,True,True,
gin--cover,4,native,4,False,0.18932157615199685,0.196122,0.143547,0.052574,37593088,0,True,True,
gin--cover,4,orchestrion,4,False,0.49794136406853795,1.330278,0.894737,0.435542,104742912,0,True,True,
gin--cover,32,native,-1,True,0.2080036720726639,0.24995,0.168935,0.081014,44736512,0,True,True,
gin--cover,32,orchestrion,-1,True,0.41992438002489507,3.637937,2.457467,1.180471,173559808,0,True,True,
gin--cover,32,orchestrion,0,False,0.42746301204897463,3.429602,2.277085,1.152518,177930240,0,True,True,
gin--cover,32,native,0,False,0.21986140008084476,0.241502,0.162431,0.079071,44150784,0,True,True,
gin--cover,32,native,1,False,0.1941133060026914,0.235602,0.15966,0.075941,45121536,0,True,True,
gin--cover,32,orchestrion,1,False,0.40410468401387334,3.242095,2.164291,1.077805,173207552,0,True,True,
gin--cover,32,native,2,False,0.19781410112045705,0.237945,0.16632,0.071625,43855872,0,True,True,
gin--cover,32,orchestrion,2,False,0.4105517929419875,3.407134,2.316761,1.090374,169304064,0,True,True,
gin--cover,32,native,3,False,0.19806387298740447,0.24552,0.169632,0.075888,43958272,0,True,True,
gin--cover,32,orchestrion,3,False,0.41772385500371456,3.361391,2.287933,1.073458,173199360,0,True,True,
gin--cover,32,native,4,False,0.20066873589530587,0.238151,0.166564,0.071587,45551616,0,True,True,
gin--cover,32,orchestrion,4,False,0.40413834690116346,3.283274,2.220035,1.06324,170696704,0,True,True,
gin--cover-client,4,native,-1,True,0.2513421671465039,0.382194,0.323576,0.058618,37474304,0,True,True,
gin--cover-client,4,orchestrion,-1,True,6.615307230036706,14.116607,8.786538,5.330069,98717696,0,True,True,
gin--cover-client,4,orchestrion,0,False,6.616408152040094,14.125127,8.85628,5.268846,103399424,0,True,True,
gin--cover-client,4,native,0,False,0.26373117603361607,0.389621,0.325786,0.063835,37462016,0,True,True,
gin--cover-client,4,native,1,False,0.2530917548574507,0.388024,0.329668,0.058356,37908480,0,True,True,
gin--cover-client,4,orchestrion,1,False,6.617304928135127,14.141498,8.767891,5.373607,96403456,0,True,True,
gin--cover-client,4,native,2,False,0.25108418497256935,0.379502,0.314909,0.064594,39383040,0,True,True,
gin--cover-client,4,orchestrion,2,False,6.582756644114852,14.083526,8.839299,5.244228,98004992,0,True,True,
gin--cover-client,4,native,3,False,0.25328329205513,0.385059,0.327827,0.057233,37175296,0,True,True,
gin--cover-client,4,orchestrion,3,False,6.598682385869324,14.118671,8.856305,5.262367,105107456,0,True,True,
gin--cover-client,4,native,4,False,0.25058334111236036,0.385578,0.327637,0.057941,37031936,0,True,True,
gin--cover-client,4,orchestrion,4,False,6.973706600023434,14.574267,9.141914,5.432353,106012672,0,True,True,
gin--cover-client,32,native,-1,True,0.26777374115772545,0.439657,0.356768,0.082889,44826624,0,True,True,
gin--cover-client,32,orchestrion,-1,True,6.548243805998936,16.740075,10.610598,6.129477,171831296,0,True,True,
gin--cover-client,32,orchestrion,0,False,6.660463688895106,17.135816,10.866363,6.269452,197251072,0,True,True,
gin--cover-client,32,native,0,False,0.2627172409556806,0.423457,0.363655,0.059801,45928448,0,True,True,
gin--cover-client,32,native,1,False,0.25324940914288163,0.420659,0.358227,0.062433,55640064,0,True,True,
gin--cover-client,32,orchestrion,1,False,6.541288259904832,16.82035,10.67348,6.14687,204783616,0,True,True,
gin--cover-client,32,native,2,False,0.25158106884919107,0.422519,0.368135,0.054384,54611968,0,True,True,
gin--cover-client,32,orchestrion,2,False,6.535919664893299,16.678276,10.545848,6.132427,228261888,0,True,True,
gin--cover-client,32,native,3,False,0.25025407900102437,0.418879,0.352706,0.066174,53530624,0,True,True,
gin--cover-client,32,orchestrion,3,False,6.516527604078874,16.543202,10.5145,6.028701,215400448,0,True,True,
gin--cover-client,32,native,4,False,0.2558436600957066,0.417611,0.354393,0.063219,55570432,0,True,True,
gin--cover-client,32,orchestrion,4,False,6.633171600056812,16.905914,10.665783,6.240132,210702336,0,True,True,
gin--race-cover-client,4,native,-1,True,3.382661978015676,8.3366,8.128452,0.208148,227692544,0,True,True,
gin--race-cover-client,4,orchestrion,-1,True,18.507492744131014,43.631276,37.384148,6.247128,398667776,1,True,False,race detector reported an error
gin--race-cover-client,4,orchestrion,0,False,18.56029933108948,43.650634,37.509708,6.140925,399818752,1,True,False,race detector reported an error
gin--race-cover-client,4,native,0,False,3.3719873048830777,8.291169,8.088084,0.203085,223580160,0,True,True,
gin--race-cover-client,4,native,1,False,3.391169640934095,8.363,8.173638,0.189362,255770624,0,True,True,
gin--race-cover-client,4,orchestrion,1,False,18.506331415148452,43.436291,37.268038,6.168253,432295936,1,True,False,race detector reported an error
gin--race-cover-client,4,native,2,False,3.5443103529978544,8.826151,8.636562,0.189589,257433600,0,True,True,
gin--race-cover-client,4,orchestrion,2,False,18.464072379050776,43.477136,37.273653,6.203483,428773376,1,True,False,race detector reported an error
gin--race-cover-client,4,native,3,False,3.4652869389392436,8.601034,8.373314,0.22772,231256064,0,True,True,
gin--race-cover-client,4,orchestrion,3,False,18.491987281944603,43.544534,37.252484,6.292051,397594624,0,True,False,SDK reference unavailable for this failed-oracle combination
gin--race-cover-client,4,native,4,False,3.415679916040972,8.5008,8.308213,0.192586,265543680,0,True,True,
gin--race-cover-client,4,orchestrion,4,False,18.428509461926296,43.410596,37.149208,6.261388,434544640,1,True,False,race detector reported an error
gin--race-cover-client,32,native,-1,True,3.909956166986376,9.992483,9.749801,0.242681,320733184,0,True,True,
gin--race-cover-client,32,orchestrion,-1,True,18.80388191714883,48.13659,40.809454,7.327136,513126400,0,True,False,SDK reference unavailable for this failed-oracle combination
gin--race-cover-client,32,orchestrion,0,False,18.737563831033185,48.296068,41.085627,7.210441,488550400,1,True,False,race detector reported an error
gin--race-cover-client,32,native,0,False,3.478006977820769,8.713654,8.456694,0.256961,300015616,0,True,True,
gin--race-cover-client,32,native,1,False,3.4130630171857774,8.496521,8.205369,0.291153,297488384,0,True,True,
gin--race-cover-client,32,orchestrion,1,False,18.746791139943525,48.112984,40.893979,7.219004,514527232,1,True,False,race detector reported an error
gin--race-cover-client,32,native,2,False,3.420563801890239,8.53665,8.259526,0.277123,291454976,0,True,True,
gin--race-cover-client,32,orchestrion,2,False,18.707627882016823,48.076989,40.761529,7.31546,503439360,1,True,False,race detector reported an error
gin--race-cover-client,32,native,3,False,3.5838706009089947,9.065876,8.830592,0.235284,297549824,0,True,True,
gin--race-cover-client,32,orchestrion,3,False,18.788361313054338,48.207009,40.906818,7.30019,493506560,1,True,False,race detector reported an error
gin--race-cover-client,32,native,4,False,3.4468067409470677,8.572765,8.335401,0.237364,299118592,0,True,True,
gin--race-cover-client,32,orchestrion,4,False,18.80346165993251,48.385356,41.012838,7.372517,489369600,1,True,False,race detector reported an error
testify-direct--normal,4,native,-1,True,0.0028009340167045593,0.004518,0.00243,0.002087,13197312,0,True,True,
testify-direct--normal,4,orchestrion,-1,True,0.014634357066825032,0.019762,0.00661,0.013153,26316800,0,True,True,
testify-direct--normal,4,orchestrion,0,False,0.014293156797066331,0.018899,0.008353,0.010545,28278784,0,True,True,
testify-direct--normal,4,native,0,False,0.0027253238949924707,0.003903,0.003741,0.000163,14643200,0,True,True,
testify-direct--normal,4,native,1,False,0.00276765413582325,0.003788,0.000561,0.003227,15278080,0,True,True,
testify-direct--normal,4,orchestrion,1,False,0.014587177895009518,0.020161,0.00976,0.0104,27910144,0,True,True,
testify-direct--normal,4,native,2,False,0.002658793004229665,0.003708,0.001589,0.00212,15249408,0,True,True,
testify-direct--normal,4,orchestrion,2,False,0.014714278047904372,0.019198,0.01257,0.006629,28147712,0,True,True,
testify-direct--normal,4,native,3,False,0.0027831329498440027,0.003647,0.001478,0.002169,14761984,0,True,True,
testify-direct--normal,4,orchestrion,3,False,0.013945746934041381,0.018148,0.012099,0.006049,26800128,0,True,True,
testify-direct--normal,4,native,4,False,0.0028710730839520693,0.004098,0.00096,0.003138,15278080,0,True,True,
testify-direct--normal,4,orchestrion,4,False,0.014252707129344344,0.018486,0.005148,0.013338,26951680,0,True,True,
testify-direct--normal,32,native,-1,True,0.003105744021013379,0.004594,0.003675,0.000919,16080896,0,True,True,
testify-direct--normal,32,orchestrion,-1,True,0.016976910876110196,0.029095,0.012333,0.016763,37240832,0,True,True,
testify-direct--normal,32,orchestrion,0,False,0.01591325900517404,0.023107,0.009455,0.013653,30855168,0,True,True,
testify-direct--normal,32,native,0,False,0.0031749641057103872,0.004679,0.001593,0.003085,15712256,0,True,True,
testify-direct--normal,32,native,1,False,0.00299552408978343,0.004573,0.000771,0.003802,15216640,0,True,True,
testify-direct--normal,32,orchestrion,1,False,0.016177961137145758,0.023647,0.007711,0.015936,33517568,0,True,True,
testify-direct--normal,32,native,2,False,0.003034204011783004,0.004537,0.001697,0.00284,15708160,0,True,True,
testify-direct--normal,32,orchestrion,2,False,0.01595182018354535,0.023118,0.012773,0.010345,30019584,0,True,True,
testify-direct--normal,32,native,3,False,0.002834102837368846,0.004196,0.001908,0.002289,15458304,0,True,True,
testify-direct--normal,32,orchestrion,3,False,0.016013839980587363,0.022458,0.011157,0.011301,30142464,0,True,True,
testify-direct--normal,32,native,4,False,0.0036366949789226055,0.0048,0.001376,0.003424,15704064,0,True,True,
testify-direct--normal,32,orchestrion,4,False,0.016350989928469062,0.023349,0.009017,0.014333,32997376,0,True,True,
testify-direct--race,4,native,-1,True,1.0083636690396816,0.009695,0.003515,0.00618,37539840,0,True,True,
testify-direct--race,4,orchestrion,-1,True,1.0409176819957793,0.054714,0.028702,0.026011,72536064,0,True,True,
testify-direct--race,4,orchestrion,0,False,1.0408317688852549,0.051237,0.031891,0.019346,70631424,0,True,True,
testify-direct--race,4,native,0,False,1.008200601907447,0.009414,0.003359,0.006056,35733504,0,True,True,
testify-direct--race,4,native,1,False,1.008521239971742,0.009672,0.002571,0.007101,37715968,0,True,True,
testify-direct--race,4,orchestrion,1,False,1.0412329440005124,0.051832,0.029569,0.022263,70737920,0,True,True,
testify-direct--race,4,native,2,False,1.0087896869517863,0.009968,0.005706,0.004262,35131392,0,True,True,
testify-direct--race,4,orchestrion,2,False,1.0418960088863969,0.055346,0.031429,0.023917,72048640,0,True,True,
testify-direct--race,4,native,3,False,1.0082589001394808,0.009248,0.004182,0.005065,37736448,0,True,True,
testify-direct--race,4,orchestrion,3,False,1.0418434750754386,0.051417,0.028018,0.023399,70639616,0,True,True,
testify-direct--race,4,native,4,False,1.0082930258940905,0.00926,0.003613,0.005646,35729408,0,True,True,
testify-direct--race,4,orchestrion,4,False,1.041777980979532,0.055686,0.026895,0.02879,73326592,0,True,True,
testify-direct--race,32,native,-1,True,1.0092521549668163,0.010135,0.004497,0.005637,39567360,0,True,True,
testify-direct--race,32,orchestrion,-1,True,1.045861414866522,0.065782,0.025176,0.040605,80068608,0,True,True,
testify-direct--race,32,orchestrion,0,False,1.0458274311386049,0.060688,0.032577,0.028111,75116544,0,True,True,
testify-direct--race,32,native,0,False,1.0088295969180763,0.009856,0.005674,0.004183,38756352,0,True,True,
testify-direct--race,32,native,1,False,1.0089649730361998,0.009915,0.003696,0.006218,39030784,0,True,True,
testify-direct--race,32,orchestrion,1,False,1.0468704239465296,0.06316,0.035419,0.027741,76943360,0,True,True,
testify-direct--race,32,native,2,False,1.0090037770569324,0.010342,0.005805,0.004536,39038976,0,True,True,
testify-direct--race,32,orchestrion,2,False,1.0455127989407629,0.067949,0.028889,0.03906,79073280,0,True,True,
testify-direct--race,32,native,3,False,1.008470562985167,0.010023,0.001478,0.008545,39018496,0,True,True,
testify-direct--race,32,orchestrion,3,False,1.045707454206422,0.059883,0.030243,0.02964,74940416,0,True,True,
testify-direct--race,32,native,4,False,1.0089273480698466,0.01046,0.006603,0.003857,36659200,0,True,True,
testify-direct--race,32,orchestrion,4,False,1.046292468905449,0.065685,0.03479,0.030895,79409152,0,True,True,
testify-direct--cover,4,native,-1,True,0.0030373740009963512,0.003631,0.0,0.003631,15007744,0,True,True,
testify-direct--cover,4,orchestrion,-1,True,0.022550140973180532,0.026989,0.008405,0.018583,28991488,0,True,True,
testify-direct--cover,4,orchestrion,0,False,0.022714539896696806,0.026835,0.010108,0.016727,31895552,0,True,True,
testify-direct--cover,4,native,0,False,0.0031547839753329754,0.004006,0.000691,0.003315,15245312,0,True,True,
testify-direct--cover,4,native,1,False,0.003208334092050791,0.004414,0.003328,0.001086,15200256,0,True,True,
testify-direct--cover,4,orchestrion,1,False,0.02368944208137691,0.027558,0.008484,0.019073,28786688,0,True,True,
testify-direct--cover,4,native,2,False,0.0030145139899104834,0.003818,0.001884,0.001934,15183872,0,True,True,
testify-direct--cover,4,orchestrion,2,False,0.023371590999886394,0.026825,0.010474,0.016351,30818304,0,True,True,
testify-direct--cover,4,native,3,False,0.0029614840168505907,0.003591,5e-06,0.003586,15024128,0,True,True,
testify-direct--cover,4,orchestrion,3,False,0.022565180901437998,0.025955,0.005641,0.020314,31436800,0,True,True,
testify-direct--cover,4,native,4,False,0.0030395640060305595,0.003917,0.001805,0.002111,12926976,0,True,True,
testify-direct--cover,4,orchestrion,4,False,0.023040201049298048,0.02758,0.013583,0.013997,31133696,0,True,True,
testify-direct--cover,32,native,-1,True,0.0031223141122609377,0.003793,0.0,0.003793,15556608,0,True,True,
testify-direct--cover,32,orchestrion,-1,True,0.02519338415004313,0.032704,0.009987,0.022717,35348480,0,True,True,
testify-direct--cover,32,orchestrion,0,False,0.024969303980469704,0.034234,0.012952,0.021282,37863424,0,True,True,
testify-direct--cover,32,native,0,False,0.0032339137978851795,0.003968,0.001769,0.002198,15433728,0,True,True,
testify-direct--cover,32,native,1,False,0.00366693502292037,0.004788,0.00165,0.003137,15466496,0,True,True,
testify-direct--cover,32,orchestrion,1,False,0.02574104513041675,0.034325,0.011923,0.022403,35418112,0,True,True,
testify-direct--cover,32,native,2,False,0.003184995148330927,0.00403,0.000647,0.003382,15224832,0,True,True,
testify-direct--cover,32,orchestrion,2,False,0.025785065023228526,0.034084,0.015622,0.018461,32997376,0,True,True,
testify-direct--cover,32,native,3,False,0.0032250548247247934,0.004487,0.00241,0.002077,15425536,0,True,True,
testify-direct--cover,32,orchestrion,3,False,0.024757184088230133,0.032325,0.012552,0.019773,35225600,0,True,True,
testify-direct--cover,32,native,4,False,0.003205724060535431,0.004496,0.000735,0.003761,15708160,0,True,True,
testify-direct--cover,32,orchestrion,4,False,0.02531532500870526,0.032411,0.011624,0.020787,35905536,0,True,True,
testify-direct--cover-client,4,native,-1,True,0.0028589440044015646,0.003525,0.000385,0.003139,13185024,0,True,True,
testify-direct--cover-client,4,orchestrion,-1,True,0.023858122993260622,0.029231,0.01366,0.015572,28676096,0,True,True,
testify-direct--cover-client,4,orchestrion,0,False,0.02430898300372064,0.028599,0.011528,0.017071,28979200,0,True,True,
testify-direct--cover-client,4,native,0,False,0.003362565068528056,0.004687,0.000809,0.003878,15286272,0,True,True,
testify-direct--cover-client,4,native,1,False,0.003004183992743492,0.003684,0.000809,0.002876,15278080,0,True,True,
testify-direct--cover-client,4,orchestrion,1,False,0.023334142053499818,0.027521,0.010038,0.017484,29286400,0,True,True,
testify-direct--cover-client,4,native,2,False,0.0030666140373796225,0.003895,0.000953,0.002942,13189120,0,True,True,
testify-direct--cover-client,4,orchestrion,2,False,0.024031272856518626,0.028643,0.014234,0.014409,28790784,0,True,True,
testify-direct--cover-client,4,native,3,False,0.0029332940466701984,0.003888,0.002918,0.00097,15024128,0,True,True,
testify-direct--cover-client,4,orchestrion,3,False,0.023243151837959886,0.026913,0.012581,0.014332,26980352,0,True,True,
testify-direct--cover-client,4,native,4,False,0.003020334057509899,0.004583,0.002684,0.001899,14893056,0,True,True,
testify-direct--cover-client,4,orchestrion,4,False,0.024021223187446594,0.028469,0.013619,0.014851,31350784,0,True,True,
testify-direct--cover-client,32,native,-1,True,0.003279034048318863,0.004086,0.001855,0.002232,14958592,0,True,True,
testify-direct--cover-client,32,orchestrion,-1,True,0.024638604139909148,0.033146,0.015648,0.017498,36036608,0,True,True,
testify-direct--cover-client,32,orchestrion,0,False,0.026889277156442404,0.03748,0.01518,0.0223,33886208,0,True,True,
testify-direct--cover-client,32,native,0,False,0.003179344115778804,0.00449,0.002425,0.002065,15425536,0,True,True,
testify-direct--cover-client,32,native,1,False,0.003059543902054429,0.004158,0.002933,0.001225,15482880,0,True,True,
testify-direct--cover-client,32,orchestrion,1,False,0.026926637860015035,0.034229,0.012926,0.021302,35696640,0,True,True,
testify-direct--cover-client,32,native,2,False,0.0031572850421071053,0.004049,0.001061,0.002987,15691776,0,True,True,
testify-direct--cover-client,32,orchestrion,2,False,0.026260246988385916,0.035103,0.014582,0.020521,35729408,0,True,True,
testify-direct--cover-client,32,native,3,False,0.0031574638560414314,0.004658,0.002517,0.002141,15699968,0,True,True,
testify-direct--cover-client,32,orchestrion,3,False,0.025888815987855196,0.03428,0.0144,0.019881,35000320,0,True,True,
testify-direct--cover-client,32,native,4,False,0.003159034065902233,0.004058,0.00182,0.002237,15155200,0,True,True,
testify-direct--cover-client,32,orchestrion,4,False,0.02579154702834785,0.033526,0.010314,0.023213,35926016,0,True,True,
testify-direct--race-cover-client,4,native,-1,True,1.0090402360074222,0.009959,0.004695,0.005264,33525760,0,True,True,
testify-direct--race-cover-client,4,orchestrion,-1,True,1.0524096600711346,0.061034,0.032849,0.028185,69771264,0,True,True,
testify-direct--race-cover-client,4,orchestrion,0,False,1.052709364099428,0.0621,0.035318,0.026783,69959680,0,True,True,
testify-direct--race-cover-client,4,native,0,False,1.0093393169809133,0.010213,0.004507,0.005705,36270080,0,True,True,
testify-direct--race-cover-client,4,native,1,False,1.0089550488628447,0.010245,0.004282,0.005964,34435072,0,True,True,
testify-direct--race-cover-client,4,orchestrion,1,False,1.0518373020458966,0.061477,0.030401,0.031076,69398528,0,True,True,
testify-direct--race-cover-client,4,native,2,False,1.0095704551786184,0.010272,0.004243,0.006029,34066432,0,True,True,
testify-direct--race-cover-client,4,orchestrion,2,False,1.0531665778253227,0.061823,0.027124,0.034699,69771264,0,True,True,
testify-direct--race-cover-client,4,native,3,False,1.0094088688492775,0.010255,0.005207,0.005047,36270080,0,True,True,
testify-direct--race-cover-client,4,orchestrion,3,False,1.0526069209445268,0.061145,0.036855,0.024291,70094848,0,True,True,
testify-direct--race-cover-client,4,native,4,False,1.0091209821403027,0.009956,0.00462,0.005335,35622912,0,True,True,
testify-direct--race-cover-client,4,orchestrion,4,False,1.0526939460542053,0.061688,0.030131,0.031557,70352896,0,True,True,
testify-direct--race-cover-client,32,native,-1,True,1.010407568886876,0.011564,0.004739,0.006825,37453824,0,True,True,
testify-direct--race-cover-client,32,orchestrion,-1,True,1.0563861560076475,0.072345,0.036037,0.036309,77107200,0,True,True,
testify-direct--race-cover-client,32,orchestrion,0,False,1.0610979869961739,0.075623,0.035788,0.039835,75595776,0,True,True,
testify-direct--race-cover-client,32,native,0,False,1.0096982968971133,0.011192,0.005591,0.0056,37486592,0,True,True,
testify-direct--race-cover-client,32,native,1,False,1.0100496308878064,0.011177,0.005644,0.005533,37208064,0,True,True,
testify-direct--race-cover-client,32,orchestrion,1,False,1.0557454468216747,0.071518,0.043549,0.02797,74461184,0,True,True,
testify-direct--race-cover-client,32,native,2,False,1.0098753329366446,0.010694,0.002868,0.007827,37715968,0,True,True,
testify-direct--race-cover-client,32,orchestrion,2,False,1.05719153303653,0.072301,0.038137,0.034164,77275136,0,True,True,
testify-direct--race-cover-client,32,native,3,False,1.0101237869821489,0.01171,0.00289,0.008819,37269504,0,True,True,
testify-direct--race-cover-client,32,orchestrion,3,False,1.0571515490300953,0.072929,0.037844,0.035085,77537280,0,True,True,
testify-direct--race-cover-client,32,native,4,False,1.0096289089415222,0.01063,0.006547,0.004083,37490688,0,True,True,
testify-direct--race-cover-client,32,orchestrion,4,False,1.0563419701065868,0.069887,0.03714,0.032748,74854400,0,True,True,
testify-direct--cover-testing,4,native,-1,True,0.0037865759804844856,0.004842,0.002591,0.00225,15540224,0,True,True,
testify-direct--cover-testing,4,orchestrion,-1,True,0.0385250560939312,0.044943,0.019907,0.025036,33271808,0,True,True,
testify-direct--cover-testing,4,orchestrion,0,False,0.038846977055072784,0.045745,0.021543,0.024203,28278784,0,True,True,
testify-direct--cover-testing,4,native,0,False,0.003701945999637246,0.00521,0.003755,0.001455,15699968,0,True,True,
testify-direct--cover-testing,4,native,1,False,0.003634706139564514,0.004515,0.00169,0.002826,15540224,0,True,True,
testify-direct--cover-testing,4,orchestrion,1,False,0.03880649711936712,0.046708,0.013587,0.03312,29044736,0,True,True,
testify-direct--cover-testing,4,native,2,False,0.00351410498842597,0.004664,0.002557,0.002107,15527936,0,True,True,
testify-direct--cover-testing,4,orchestrion,2,False,0.03823786717839539,0.045779,0.017117,0.028662,29335552,0,True,True,
testify-direct--cover-testing,4,native,3,False,0.0035835050512105227,0.004955,0.003823,0.001132,15245312,0,True,True,
testify-direct--cover-testing,4,orchestrion,3,False,0.03933425899595022,0.046674,0.019048,0.027626,29085696,0,True,True,
testify-direct--cover-testing,4,native,4,False,0.0035377151798456907,0.004669,0.002555,0.002115,15286272,0,True,True,
testify-direct--cover-testing,4,orchestrion,4,False,0.038884177803993225,0.045965,0.018333,0.027633,31129600,0,True,True,
testify-direct--cover-testing,32,native,-1,True,0.003978986060246825,0.005231,0.002953,0.002278,15970304,0,True,True,
testify-direct--cover-testing,32,orchestrion,-1,True,0.04178950213827193,0.056976,0.023929,0.033046,37593088,0,True,True,
testify-direct--cover-testing,32,orchestrion,0,False,0.04261702299118042,0.054658,0.021732,0.032926,35631104,0,True,True,
testify-direct--cover-testing,32,native,0,False,0.0038166260346770287,0.004514,0.001641,0.002873,15532032,0,True,True,
testify-direct--cover-testing,32,native,1,False,0.003933535888791084,0.005086,0.002864,0.002222,17838080,0,True,True,
testify-direct--cover-testing,32,orchestrion,1,False,0.04182768194004893,0.053774,0.016053,0.037721,36904960,0,True,True,
testify-direct--cover-testing,32,native,2,False,0.004127036081627011,0.005023,0.003887,0.001135,18427904,0,True,True,
testify-direct--cover-testing,32,orchestrion,2,False,0.03998801996931434,0.050856,0.017647,0.033209,37613568,0,True,True,
testify-direct--cover-testing,32,native,3,False,0.003901225980371237,0.00552,0.002416,0.003103,15691776,0,True,True,
testify-direct--cover-testing,32,orchestrion,3,False,0.04073853092268109,0.052847,0.018724,0.034123,38682624,0,True,True,
testify-direct--cover-testing,32,native,4,False,0.0037689460441470146,0.00525,0.002993,0.002257,14909440,0,True,True,
testify-direct--cover-testing,32,orchestrion,4,False,0.04255822394043207,0.053131,0.018954,0.034177,34213888,0,True,True,
testify-direct--race-cover-testing,4,native,-1,True,1.0114192680921406,0.012294,0.007942,0.004353,37052416,0,True,True,
testify-direct--race-cover-testing,4,orchestrion,-1,True,1.0903492970392108,0.11069,0.074562,0.036128,78413824,0,True,True,
testify-direct--race-cover-testing,4,orchestrion,0,False,1.0911632410716265,0.110629,0.07059,0.040038,78290944,0,True,True,
testify-direct--race-cover-testing,4,native,0,False,1.011857203906402,0.012711,0.006284,0.006428,37048320,0,True,True,
testify-direct--race-cover-testing,4,native,1,False,1.011577008990571,0.012413,0.005373,0.00704,34856960,0,True,True,
testify-direct--race-cover-testing,4,orchestrion,1,False,1.0895572958979756,0.11032,0.059738,0.050582,77979648,0,True,True,
testify-direct--race-cover-testing,4,native,2,False,1.011822669999674,0.012416,0.006335,0.006082,37056512,0,True,True,
testify-direct--race-cover-testing,4,orchestrion,2,False,1.0899547599256039,0.10947,0.067725,0.041746,78323712,0,True,True,
testify-direct--race-cover-testing,4,native,3,False,1.0116268929559737,0.012377,0.004612,0.007765,37531648,0,True,True,
testify-direct--race-cover-testing,4,orchestrion,3,False,1.0890327799133956,0.107942,0.061648,0.046293,77168640,0,True,True,
testify-direct--race-cover-testing,4,native,4,False,1.0117058060131967,0.012165,0.010114,0.002051,37281792,0,True,True,
testify-direct--race-cover-testing,4,orchestrion,4,False,1.0888319530058652,0.108471,0.062693,0.045777,78045184,0,True,True,
testify-direct--race-cover-testing,32,native,-1,True,1.0126852998510003,0.01374,0.008581,0.00516,38240256,0,True,True,
testify-direct--race-cover-testing,32,orchestrion,-1,True,1.0962210779543966,0.124414,0.080381,0.044032,87662592,0,True,True,
testify-direct--race-cover-testing,32,orchestrion,0,False,1.096545300912112,0.121816,0.073736,0.04808,85250048,0,True,True,
testify-direct--race-cover-testing,32,native,0,False,1.0123415440320969,0.013208,0.007007,0.006201,38514688,0,True,True,
testify-direct--race-cover-testing,32,native,1,False,1.0129604379180819,0.013801,0.00429,0.009512,38522880,0,True,True,
testify-direct--race-cover-testing,32,orchestrion,1,False,1.0981268889736384,0.129647,0.07403,0.055618,87584768,0,True,True,
testify-direct--race-cover-testing,32,native,2,False,1.0124622301664203,0.013447,0.004684,0.008763,38596608,0,True,True,
testify-direct--race-cover-testing,32,orchestrion,2,False,1.0960872189607471,0.121093,0.072589,0.048504,84029440,0,True,True,
testify-direct--race-cover-testing,32,native,3,False,1.012772701913491,0.014463,0.004953,0.009509,38248448,0,True,True,
testify-direct--race-cover-testing,32,orchestrion,3,False,1.0984995728358626,0.126504,0.076604,0.0499,87826432,0,True,True,
testify-direct--race-cover-testing,32,native,4,False,1.0123192421160638,0.013437,0.007367,0.006069,38342656,0,True,True,
testify-direct--race-cover-testing,32,orchestrion,4,False,1.0975048739928752,0.127321,0.067814,0.059507,90828800,0,True,True,
testify-external--normal,4,native,-1,True,0.0027609148528426886,0.003785,0.002656,0.001129,15265792,0,True,True,
testify-external--normal,4,orchestrion,-1,True,0.014118772000074387,0.019444,0.00808,0.011364,28520448,0,True,True,
testify-external--normal,4,orchestrion,0,False,0.013730530859902501,0.019643,0.012371,0.007272,26386432,0,True,True,
testify-external--normal,4,native,0,False,0.00264969514682889,0.003568,0.000694,0.002875,15036416,0,True,True,
testify-external--normal,4,native,1,False,0.0027159240562468767,0.00337,0.000581,0.002789,15036416,0,True,True,
testify-external--normal,4,orchestrion,1,False,0.01424792199395597,0.019137,0.009956,0.009181,28467200,0,True,True,
testify-external--normal,4,native,2,False,0.002638914156705141,0.00319,0.001845,0.001345,15298560,0,True,True,
testify-external--normal,4,orchestrion,2,False,0.014539701864123344,0.019312,0.010602,0.00871,28270592,0,True,True,
testify-external--normal,4,native,3,False,0.0027958438731729984,0.003635,0.000748,0.002887,17129472,0,True,True,
testify-external--normal,4,orchestrion,3,False,0.01435023290105164,0.020064,0.007343,0.012721,30351360,0,True,True,
testify-external--normal,4,native,4,False,0.00279215513728559,0.003684,0.000812,0.002872,14999552,0,True,True,
testify-external--normal,4,orchestrion,4,False,0.014134352095425129,0.019181,0.010764,0.008417,28438528,0,True,True,
testify-external--normal,32,native,-1,True,0.0028477348387241364,0.003822,0.002865,0.000957,14913536,0,True,True,
testify-external--normal,32,orchestrion,-1,True,0.01702292589470744,0.028309,0.020364,0.007946,35618816,0,True,True,
testify-external--normal,32,orchestrion,0,False,0.016443605069071054,0.025005,0.013227,0.011777,34705408,0,True,True,
testify-external--normal,32,native,0,False,0.003122985130175948,0.004025,0.000382,0.003642,15183872,0,True,True,
testify-external--normal,32,native,1,False,0.0029397050384432077,0.00371,0.001634,0.002075,15441920,0,True,True,
testify-external--normal,32,orchestrion,1,False,0.01620306516997516,0.024051,0.006011,0.01804,30814208,0,True,True,
testify-external--normal,32,native,2,False,0.0029214038513600826,0.003626,0.000738,0.002888,14925824,0,True,True,
testify-external--normal,32,orchestrion,2,False,0.016213614959269762,0.027202,0.010805,0.016397,33890304,0,True,True,
testify-external--normal,32,native,3,False,0.0029365650843828917,0.004304,0.001925,0.002379,15724544,0,True,True,
testify-external--normal,32,orchestrion,3,False,0.016514915972948074,0.02572,0.013597,0.012122,32890880,0,True,True,
testify-external--normal,32,native,4,False,0.0030289851129055023,0.00432,0.002109,0.002211,15187968,0,True,True,
testify-external--normal,32,orchestrion,4,False,0.016616136068478227,0.027137,0.013206,0.013931,37310464,0,True,True,
testify-external--race,4,native,-1,True,1.0080528880935162,0.008829,0.004611,0.004218,35631104,0,True,True,
testify-external--race,4,orchestrion,-1,True,1.0423801210708916,0.052391,0.029402,0.022988,70717440,0,True,True,
testify-external--race,4,orchestrion,0,False,1.0424986341968179,0.055906,0.033499,0.022408,72179712,0,True,True,
testify-external--race,4,native,0,False,1.0083522421773523,0.009517,0.000508,0.009008,35471360,0,True,True,
testify-external--race,4,native,1,False,1.008555213920772,0.009679,0.005342,0.004338,35471360,0,True,True,
testify-external--race,4,orchestrion,1,False,1.041847885819152,0.052793,0.029141,0.023652,71192576,0,True,True,
testify-external--race,4,native,2,False,1.0083544650115073,0.009869,0.006722,0.003147,38010880,0,True,True,
testify-external--race,4,orchestrion,2,False,1.0421943489927799,0.052529,0.029096,0.023434,70287360,0,True,True,
testify-external--race,4,native,3,False,1.0083513960707933,0.009259,0.004167,0.005092,35196928,0,True,True,
testify-external--race,4,orchestrion,3,False,1.0419910899363458,0.055901,0.026455,0.029446,72495104,0,True,True,
testify-external--race,4,native,4,False,1.008250747108832,0.00922,0.004194,0.005026,38088704,0,True,True,
testify-external--race,4,orchestrion,4,False,1.041744649875909,0.055411,0.030451,0.024959,72503296,0,True,True,
testify-external--race,32,native,-1,True,1.0093652510549873,0.010606,0.006736,0.00387,39043072,0,True,True,
testify-external--race,32,orchestrion,-1,True,1.0451242269482464,0.067441,0.037387,0.030054,79458304,0,True,True,
testify-external--race,32,orchestrion,0,False,1.0468989911023527,0.06617,0.03731,0.028859,80199680,0,True,True,
testify-external--race,32,native,0,False,1.0094890038017184,0.010911,0.005799,0.005111,38768640,0,True,True,
testify-external--race,32,native,1,False,1.0090784940402955,0.010511,0.006398,0.004112,36667392,0,True,True,
testify-external--race,32,orchestrion,1,False,1.046241883886978,0.06562,0.032618,0.033003,79081472,0,True,True,
testify-external--race,32,native,2,False,1.0091582559980452,0.009989,0.004716,0.005274,39038976,0,True,True,
testify-external--race,32,orchestrion,2,False,1.046144925057888,0.059812,0.028682,0.031129,77156352,0,True,True,
testify-external--race,32,native,3,False,1.0089490658137947,0.009726,0.005796,0.003929,39030784,0,True,True,
testify-external--race,32,orchestrion,3,False,1.0464257758576423,0.06485,0.034502,0.030348,78974976,0,True,True,
testify-external--race,32,native,4,False,1.0090092071332037,0.010453,0.005019,0.005434,36663296,0,True,True,
testify-external--race,32,orchestrion,4,False,1.0459238961338997,0.064259,0.035009,0.02925,78532608,0,True,True,
testify-external--cover,4,native,-1,True,0.002939614001661539,0.004219,0.000799,0.003419,15257600,0,True,True,
testify-external--cover,4,orchestrion,-1,True,0.02319274703040719,0.027331,0.014615,0.012716,27181056,0,True,True,
testify-external--cover,4,orchestrion,0,False,0.023010105825960636,0.026656,0.011123,0.015532,30846976,0,True,True,
testify-external--cover,4,native,0,False,0.00287964497692883,0.003944,0.002703,0.001242,15294464,0,True,True,
testify-external--cover,4,native,1,False,0.003032974898815155,0.004026,0.002745,0.001281,14925824,0,True,True,
testify-external--cover,4,orchestrion,1,False,0.02312793699093163,0.027699,0.012442,0.015258,29220864,0,True,True,
testify-external--cover,4,native,2,False,0.002873344114050269,0.003744,0.001824,0.00192,14671872,0,True,True,
testify-external--cover,4,orchestrion,2,False,0.022500045131891966,0.026454,0.010777,0.015678,29003776,0,True,True,
testify-external--cover,4,native,3,False,0.003041494870558381,0.004108,0.000851,0.003258,17293312,0,True,True,
testify-external--cover,4,orchestrion,3,False,0.02378856693394482,0.027232,0.009946,0.017287,33230848,0,True,True,
testify-external--cover,4,native,4,False,0.0028567949775606394,0.003864,0.002671,0.001193,14671872,0,True,True,
testify-external--cover,4,orchestrion,4,False,0.022903776029124856,0.027322,0.010147,0.017175,31154176,0,True,True,
testify-external--cover,32,native,-1,True,0.0033800150267779827,0.00458,0.002027,0.002553,15433728,0,True,True,
testify-external--cover,32,orchestrion,-1,True,0.02529387013055384,0.033069,0.009253,0.023815,33988608,0,True,True,
testify-external--cover,32,orchestrion,0,False,0.02591152093373239,0.032581,0.016163,0.016418,36114432,0,True,True,
testify-external--cover,32,native,0,False,0.00302178505808115,0.003863,0.000229,0.003634,16269312,0,True,True,
testify-external--cover,32,native,1,False,0.003031264990568161,0.004108,0.001122,0.002986,15175680,0,True,True,
testify-external--cover,32,orchestrion,1,False,0.02529669995419681,0.03203,0.016148,0.015882,35024896,0,True,True,
testify-external--cover,32,native,2,False,0.0031455049756914377,0.00407,0.001893,0.002177,15454208,0,True,True,
testify-external--cover,32,orchestrion,2,False,0.025142868980765343,0.032932,0.011087,0.021846,36737024,0,True,True,
testify-external--cover,32,native,3,False,0.0029617350082844496,0.004082,0.002092,0.001989,15753216,0,True,True,
testify-external--cover,32,orchestrion,3,False,0.025954200886189938,0.036099,0.014206,0.021893,36073472,0,True,True,
testify-external--cover,32,native,4,False,0.003418145002797246,0.005046,0.001079,0.003967,15970304,0,True,True,
testify-external--cover,32,orchestrion,4,False,0.025533030973747373,0.034841,0.012604,0.022237,35282944,0,True,True,
testify-external--cover-client,4,native,-1,True,0.0030333641916513443,0.004153,0.001851,0.002302,15302656,0,True,True,
testify-external--cover-client,4,orchestrion,-1,True,0.024059187853708863,0.028018,0.011583,0.016435,31166464,0,True,True,
testify-external--cover-client,4,orchestrion,0,False,0.02338622696697712,0.027525,0.005486,0.022038,31412224,0,True,True,
testify-external--cover-client,4,native,0,False,0.003059654962271452,0.004318,0.002037,0.002282,15269888,0,True,True,
testify-external--cover-client,4,native,1,False,0.0031573050655424595,0.004461,0.001383,0.003078,13189120,0,True,True,
testify-external--cover-client,4,orchestrion,1,False,0.02228048606775701,0.0268,0.011739,0.015061,28766208,0,True,True,
testify-external--cover-client,4,native,2,False,0.0030779149383306503,0.003691,0.000592,0.003099,15024128,0,True,True,
testify-external--cover-client,4,orchestrion,2,False,0.024013008922338486,0.028201,0.011144,0.017057,29528064,0,True,True,
testify-external--cover-client,4,native,3,False,0.003355584805831313,0.004833,0.001681,0.003153,11554816,0,True,True,
testify-external--cover-client,4,orchestrion,3,False,0.023756707087159157,0.027816,0.012854,0.014961,34045952,0,True,True,
testify-external--cover-client,4,native,4,False,0.003076735185459256,0.003791,0.0036,0.000192,15269888,0,True,True,
testify-external--cover-client,4,orchestrion,4,False,0.02328285714611411,0.027246,0.013027,0.01422,29294592,0,True,True,
testify-external--cover-client,32,native,-1,True,0.0033836448565125465,0.004329,0.002304,0.002025,18358272,0,True,True,
testify-external--cover-client,32,orchestrion,-1,True,0.026382541982457042,0.03542,0.013638,0.021782,36065280,0,True,True,
testify-external--cover-client,32,orchestrion,0,False,0.025764261139556766,0.033784,0.013993,0.019791,35577856,0,True,True,
testify-external--cover-client,32,native,0,False,0.003307175124064088,0.004624,0.001089,0.003534,15740928,0,True,True,
testify-external--cover-client,32,native,1,False,0.0031239448580890894,0.004335,0.000907,0.003427,15978496,0,True,True,
testify-external--cover-client,32,orchestrion,1,False,0.025280850008130074,0.03251,0.014582,0.017927,36044800,0,True,True,
testify-external--cover-client,32,native,2,False,0.003221915103495121,0.004774,0.003602,0.001171,15441920,0,True,True,
testify-external--cover-client,32,orchestrion,2,False,0.026668132049962878,0.036109,0.015289,0.02082,38117376,0,True,True,
testify-external--cover-client,32,native,3,False,0.0033592560794204473,0.004256,0.00309,0.001165,17801216,0,True,True,
testify-external--cover-client,32,orchestrion,3,False,0.02566305990330875,0.033521,0.01128,0.022241,37490688,0,True,True,
testify-external--cover-client,32,native,4,False,0.00346225593239069,0.004985,0.001033,0.003952,15462400,0,True,True,
testify-external--cover-client,32,orchestrion,4,False,0.025596689898520708,0.032376,0.01457,0.017807,35930112,0,True,True,
testify-external--race-cover-client,4,native,-1,True,1.009398465976119,0.009839,0.003602,0.006237,33542144,0,True,True,
testify-external--race-cover-client,4,orchestrion,-1,True,1.0540050759445876,0.063125,0.034548,0.028577,69771264,0,True,True,
testify-external--race-cover-client,4,orchestrion,0,False,1.0542802470736206,0.062706,0.034748,0.027957,69193728,0,True,True,
testify-external--race-cover-client,4,native,0,False,1.0093219468835741,0.010397,0.004323,0.006074,36532224,0,True,True,
testify-external--race-cover-client,4,native,1,False,1.0089890849776566,0.010478,0.006649,0.003828,34390016,0,True,True,
testify-external--race-cover-client,4,orchestrion,1,False,1.0536534069105983,0.063887,0.038666,0.025221,70483968,0,True,True,
testify-external--race-cover-client,4,native,2,False,1.0091416670475155,0.009589,0.007179,0.002411,33841152,0,True,True,
testify-external--race-cover-client,4,orchestrion,2,False,1.052705436013639,0.061121,0.032128,0.028994,70373376,0,True,True,
testify-external--race-cover-client,4,native,3,False,1.009474417893216,0.009963,0.007327,0.002635,34172928,0,True,True,
testify-external--race-cover-client,4,orchestrion,3,False,1.0532274891156703,0.061959,0.029201,0.032759,69849088,0,True,True,
testify-external--race-cover-client,4,native,4,False,1.0094529900234193,0.010672,0.006528,0.004144,35647488,0,True,True,
testify-external--race-cover-client,4,orchestrion,4,False,1.0527909500524402,0.06175,0.030801,0.03095,70356992,0,True,True,
testify-external--race-cover-client,32,native,-1,True,1.0100647411309183,0.01117,0.005162,0.006008,38100992,0,True,True,
testify-external--race-cover-client,32,orchestrion,-1,True,1.0580079660285264,0.074034,0.04046,0.033574,79536128,0,True,True,
testify-external--race-cover-client,32,orchestrion,0,False,1.0574325460474938,0.072888,0.039636,0.033252,77033472,0,True,True,
testify-external--race-cover-client,32,native,0,False,1.0097514679655433,0.011494,0.003373,0.008122,37834752,0,True,True,
testify-external--race-cover-client,32,native,1,False,1.0102207611780614,0.01098,0.005079,0.005901,38404096,0,True,True,
testify-external--race-cover-client,32,orchestrion,1,False,1.0591431639622897,0.073031,0.042509,0.030523,76775424,0,True,True,
testify-external--race-cover-client,32,native,2,False,1.0102043480146676,0.010864,0.003024,0.00784,37232640,0,True,True,
testify-external--race-cover-client,32,orchestrion,2,False,1.0583169918972999,0.071699,0.028376,0.043322,75603968,0,True,True,
testify-external--race-cover-client,32,native,3,False,1.0098094090353698,0.010604,0.003,0.007604,36200448,0,True,True,
testify-external--race-cover-client,32,orchestrion,3,False,1.0582012119702995,0.073076,0.036005,0.03707,76472320,0,True,True,
testify-external--race-cover-client,32,native,4,False,1.0094385480042547,0.011073,0.000837,0.010236,36978688,0,True,True,
testify-external--race-cover-client,32,orchestrion,4,False,1.05650665005669,0.072178,0.039868,0.032309,76623872,0,True,True,
testify-external--cover-testing,4,native,-1,True,0.0037543971557170153,0.005244,0.004007,0.001238,15466496,0,True,True,
testify-external--cover-testing,4,orchestrion,-1,True,0.03942091600038111,0.046333,0.016187,0.030147,31473664,0,True,True,
testify-external--cover-testing,4,orchestrion,0,False,0.03905368479900062,0.045327,0.020342,0.024985,29073408,0,True,True,
testify-external--cover-testing,4,native,0,False,0.0035979070235043764,0.004541,0.0,0.00454,14966784,0,True,True,
testify-external--cover-testing,4,native,1,False,0.003747337032109499,0.004493,0.001199,0.003295,15314944,0,True,True,
testify-external--cover-testing,4,orchestrion,1,False,0.037583231925964355,0.044291,0.01535,0.028941,29368320,0,True,True,
testify-external--cover-testing,4,native,2,False,0.0037017371505498886,0.004641,0.002512,0.002128,17637376,0,True,True,
testify-external--cover-testing,4,orchestrion,2,False,0.03933816496282816,0.045974,0.016322,0.029651,30941184,0,True,True,
testify-external--cover-testing,4,native,3,False,0.0037489570677280426,0.004415,0.002362,0.002054,15052800,0,True,True,
testify-external--cover-testing,4,orchestrion,3,False,0.03934225509874523,0.046453,0.011044,0.035408,30932992,0,True,True,
testify-external--cover-testing,4,native,4,False,0.00367717701010406,0.00447,0.002433,0.002037,15302656,0,True,True,
testify-external--cover-testing,4,orchestrion,4,False,0.03928807517513633,0.046488,0.016856,0.029632,29007872,0,True,True,
testify-external--cover-testing,32,native,-1,True,0.003918867092579603,0.005012,0.003812,0.0012,17588224,0,True,True,
testify-external--cover-testing,32,orchestrion,-1,True,0.042658820981159806,0.054207,0.025262,0.028945,36474880,0,True,True,
testify-external--cover-testing,32,orchestrion,0,False,0.04155529011040926,0.058183,0.02976,0.028424,36159488,0,True,True,
testify-external--cover-testing,32,native,0,False,0.003766327165067196,0.005014,0.003759,0.001255,15466496,0,True,True,
testify-external--cover-testing,32,native,1,False,0.004048497881740332,0.005185,0.004027,0.001157,15974400,0,True,True,
testify-external--cover-testing,32,orchestrion,1,False,0.041791221126914024,0.054566,0.019433,0.035134,37400576,0,True,True,
testify-external--cover-testing,32,native,2,False,0.004002016969025135,0.004914,0.00103,0.003883,18087936,0,True,True,
testify-external--cover-testing,32,orchestrion,2,False,0.042874922044575214,0.056458,0.026445,0.030013,36540416,0,True,True,
testify-external--cover-testing,32,native,3,False,0.004046707879751921,0.00476,0.00365,0.001109,17563648,0,True,True,
testify-external--cover-testing,32,orchestrion,3,False,0.042733432026579976,0.054678,0.027911,0.026768,35241984,0,True,True,
testify-external--cover-testing,32,native,4,False,0.0039915768429636955,0.005011,0.00206,0.00295,17580032,0,True,True,
testify-external--cover-testing,32,orchestrion,4,False,0.042200790951028466,0.054885,0.026051,0.028834,35086336,0,True,True,
testify-external--race-cover-testing,4,native,-1,True,1.0116955388803035,0.012531,0.007672,0.004859,36814848,0,True,True,
testify-external--race-cover-testing,4,orchestrion,-1,True,1.0895035199355334,0.110021,0.062265,0.047756,78266368,0,True,True,
testify-external--race-cover-testing,4,orchestrion,0,False,1.088727347785607,0.106921,0.065324,0.041596,77389824,0,True,True,
testify-external--race-cover-testing,4,native,0,False,1.0115854190662503,0.012302,0.004532,0.00777,35147776,0,True,True,
testify-external--race-cover-testing,4,native,1,False,1.0122114189434797,0.013474,0.005684,0.007789,36990976,0,True,True,
testify-external--race-cover-testing,4,orchestrion,1,False,1.0907341099809855,0.110854,0.069214,0.041639,78757888,0,True,True,
testify-external--race-cover-testing,4,native,2,False,1.0121655820403248,0.01296,0.006415,0.006546,37523456,0,True,True,
testify-external--race-cover-testing,4,orchestrion,2,False,1.090318740112707,0.111453,0.07701,0.034443,77922304,0,True,True,
testify-external--race-cover-testing,4,native,3,False,1.0120681100524962,0.012466,0.006659,0.005807,37031936,0,True,True,
testify-external--race-cover-testing,4,orchestrion,3,False,1.0913539538159966,0.111627,0.069739,0.041888,78675968,0,True,True,
testify-external--race-cover-testing,4,native,4,False,1.0118412508163601,0.012663,0.006289,0.006375,36773888,0,True,True,
testify-external--race-cover-testing,4,orchestrion,4,False,1.089181937975809,0.107501,0.062833,0.044668,77606912,0,True,True,
testify-external--race-cover-testing,32,native,-1,True,1.012943342095241,0.01371,0.007827,0.005883,38535168,0,True,True,
testify-external--race-cover-testing,32,orchestrion,-1,True,1.0961434908676893,0.123902,0.080005,0.043898,85520384,0,True,True,
testify-external--race-cover-testing,32,orchestrion,0,False,1.0980014849919826,0.127099,0.079157,0.047942,82952192,0,True,True,
testify-external--race-cover-testing,32,native,0,False,1.0127034119796008,0.01354,0.006473,0.007066,38326272,0,True,True,
testify-external--race-cover-testing,32,native,1,False,1.0139070940203965,0.014729,0.006526,0.008204,37490688,0,True,True,
testify-external--race-cover-testing,32,orchestrion,1,False,1.0987609659787267,0.126615,0.081546,0.045068,73330688,0,True,True,
testify-external--race-cover-testing,32,native,2,False,1.0125727320555598,0.01331,0.004989,0.008321,38035456,0,True,True,
testify-external--race-cover-testing,32,orchestrion,2,False,1.0990986679680645,0.124246,0.075525,0.048721,76578816,0,True,True,
testify-external--race-cover-testing,32,native,3,False,1.0136657829862088,0.014656,0.007403,0.007253,31477760,0,True,True,
testify-external--race-cover-testing,32,orchestrion,3,False,1.102928034029901,0.132333,0.074849,0.057485,74379264,0,True,True,
testify-external--race-cover-testing,32,native,4,False,1.012989382026717,0.01379,0.00864,0.00515,38592512,0,True,True,
testify-external--race-cover-testing,32,orchestrion,4,False,1.0961271210107952,0.125069,0.075905,0.049164,88076288,0,True,True,
chi--race,4,native,-1,True,27.21604574797675,44.11185,42.021628,2.090221,3114975232,0,True,True,
chi--race,4,orchestrion,-1,True,27.306098931934685,45.459936,43.574147,1.88579,3047751680,0,True,True,
chi--race,4,orchestrion,0,False,27.322207431076095,45.87118,43.835745,2.035436,3120807936,0,True,True,
chi--race,4,native,0,False,27.214190234197304,44.823804,42.832651,1.991153,3114467328,0,True,True,
chi--race,4,native,1,False,27.216558646177873,44.603395,42.572578,2.030817,3102474240,0,True,True,
chi--race,4,orchestrion,1,False,27.32568738493137,46.247963,44.200275,2.047688,3191685120,0,True,True,
chi--race,4,native,2,False,27.2096897570882,44.789768,42.796155,1.993612,3146801152,0,True,True,
chi--race,4,orchestrion,2,False,27.323288993909955,46.467888,44.437689,2.030199,3223363584,0,True,True,
chi--race,4,native,3,False,27.216216165106744,44.707255,42.696714,2.010542,3098140672,0,True,True,
chi--race,4,orchestrion,3,False,27.308319665957242,46.083466,44.144709,1.938757,3100762112,0,True,True,
chi--race,4,native,4,False,27.210891755996272,44.51913,42.525361,1.993769,3101790208,0,True,True,
chi--race,4,orchestrion,4,False,27.308936109999195,45.55962,43.596755,1.962865,3124076544,0,True,True,
chi--race,32,native,-1,True,27.221420841058716,223.825973,177.926471,45.899503,3213983744,0,True,True,
chi--race,32,orchestrion,-1,True,27.321593543048948,145.870091,114.845456,31.024634,3255697408,0,True,True,
chi--race,32,orchestrion,0,False,27.324464057106525,147.245017,115.507684,31.737334,3258056704,0,True,True,
chi--race,32,native,0,False,27.220010575139895,224.184257,178.158445,46.025811,3221913600,0,True,True,
chi--race,32,native,1,False,27.217934709973633,225.081637,179.198427,45.88321,3217874944,0,True,True,
chi--race,32,orchestrion,1,False,27.32920673303306,146.4241,115.125977,31.298124,3263569920,0,True,True,
chi--race,32,native,2,False,27.214791930979118,225.164169,178.718931,46.445239,3208146944,0,True,True,
chi--race,32,orchestrion,2,False,27.302994863130152,147.024159,115.553945,31.470214,3359539200,0,True,True,
chi--race,32,native,3,False,27.225713391089812,225.535863,179.145532,46.390332,3219955712,0,True,True,
chi--race,32,orchestrion,3,False,27.320352819981053,147.048678,115.785857,31.262821,3267391488,0,True,True,
chi--race,32,native,4,False,27.21803891705349,225.509754,179.092021,46.417733,3210571776,0,True,True,
chi--race,32,orchestrion,4,False,27.324007022893056,147.573393,115.795145,31.778247,3225636864,0,True,True,
chi--cover,4,native,-1,True,26.147987014148384,3.012499,2.75594,0.256559,61304832,0,True,True,
chi--cover,4,orchestrion,-1,True,26.231401295168325,2.986508,2.80081,0.185699,78065664,0,True,True,
chi--cover,4,orchestrion,0,False,26.22429336188361,3.008069,2.816631,0.191439,85934080,0,True,True,
chi--cover,4,native,0,False,26.134604470804334,3.026159,2.762834,0.263325,50532352,0,True,True,
chi--cover,4,native,1,False,26.13562333700247,2.994286,2.724013,0.270272,44417024,0,True,True,
chi--cover,4,orchestrion,1,False,26.236508277943358,3.020666,2.817779,0.202888,90460160,0,True,True,
chi--cover,4,native,2,False,26.140277398051694,2.966301,2.697817,0.268485,45613056,0,True,True,
chi--cover,4,orchestrion,2,False,26.229098436888307,2.988494,2.773288,0.215206,82817024,0,True,True,
chi--cover,4,native,3,False,26.136956761823967,3.004046,2.696998,0.307047,44318720,0,True,True,
chi--cover,4,orchestrion,3,False,26.227465221192688,2.983702,2.810625,0.173077,95346688,0,True,True,
chi--cover,4,native,4,False,26.137467190856114,3.018773,2.741506,0.277266,45088768,0,True,True,
chi--cover,4,orchestrion,4,False,26.234608094906434,3.014536,2.780849,0.233688,89088000,0,True,True,
chi--cover,32,native,-1,True,26.143407084979117,8.601417,7.677523,0.923894,87564288,0,True,True,
chi--cover,32,orchestrion,-1,True,26.240178026957437,8.773857,7.886357,0.887501,139403264,0,True,True,
chi--cover,32,orchestrion,0,False,26.23076033894904,8.677196,7.799752,0.877443,159625216,0,True,True,
chi--cover,32,native,0,False,26.140309589914978,8.761943,7.825703,0.93624,78962688,0,True,True,
chi--cover,32,native,1,False,26.138273203978315,8.681347,7.75222,0.929126,85946368,0,True,True,
chi--cover,32,orchestrion,1,False,26.234864099882543,8.816616,7.955647,0.860969,156368896,0,True,True,
chi--cover,32,native,2,False,26.14441945287399,8.25769,7.308137,0.949553,111575040,0,True,True,
chi--cover,32,orchestrion,2,False,26.233959787990898,8.829408,7.929847,0.899561,147030016,0,True,True,
chi--cover,32,native,3,False,26.140128867002204,8.704006,7.876505,0.827502,92950528,0,True,True,
chi--cover,32,orchestrion,3,False,26.228725381894037,8.804965,7.920457,0.884508,161206272,0,True,True,
chi--cover,32,native,4,False,26.138643527869135,8.707141,7.852257,0.854883,107130880,0,True,True,
chi--cover,32,orchestrion,4,False,26.238063622033224,8.769757,7.82475,0.945008,140349440,0,True,True,
chi--cover-client,4,native,-1,True,26.135173739865422,3.239385,3.001338,0.238047,54038528,0,True,True,
chi--cover-client,4,orchestrion,-1,True,26.795468593016267,4.27727,3.465941,0.81133,106405888,0,True,True,
chi--cover-client,4,orchestrion,0,False,26.78857111814432,4.300277,3.50226,0.798017,112365568,0,True,True,
chi--cover-client,4,native,0,False,26.143370519857854,3.274561,2.994093,0.280467,52527104,0,True,True,
chi--cover-client,4,native,1,False,26.139478261116892,3.24365,3.007154,0.236495,47316992,0,True,True,
chi--cover-client,4,orchestrion,1,False,26.783171315910295,4.280577,3.5082,0.772377,98414592,0,True,True,
chi--cover-client,4,native,2,False,26.13907668599859,3.260012,3.047782,0.212229,50159616,0,True,True,
chi--cover-client,4,orchestrion,2,False,26.79563381196931,4.329182,3.550994,0.778189,99631104,0,True,True,
chi--cover-client,4,native,3,False,26.138678217073902,3.273207,3.054079,0.219128,47190016,0,True,True,
chi--cover-client,4,orchestrion,3,False,26.786666418192908,4.276051,3.513559,0.762493,107761664,0,True,True,
chi--cover-client,4,native,4,False,26.138725021854043,3.279876,3.028292,0.251584,46530560,0,True,True,
chi--cover-client,4,orchestrion,4,False,26.806839926168323,4.292763,3.49902,0.793742,103604224,0,True,True,
chi--cover-client,32,native,-1,True,26.142157096182927,12.482375,11.331689,1.150687,82784256,0,True,True,
chi--cover-client,32,orchestrion,-1,True,26.83553862501867,12.472347,10.929346,1.543001,152580096,0,True,True,
chi--cover-client,32,orchestrion,0,False,26.845708089880645,12.621996,11.11683,1.505165,152264704,0,True,True,
chi--cover-client,32,native,0,False,26.14307771716267,12.06115,10.9534,1.107751,83587072,0,True,True,
chi--cover-client,32,native,1,False,26.140160056995228,12.007906,10.929623,1.078283,86421504,0,True,True,
chi--cover-client,32,orchestrion,1,False,26.8438307819888,12.401387,10.953214,1.448174,160251904,0,True,True,
chi--cover-client,32,native,2,False,26.143271477194503,12.134794,11.091793,1.043001,88211456,0,True,True,
chi--cover-client,32,orchestrion,2,False,26.84332613297738,12.536681,10.975994,1.560686,143618048,0,True,True,
chi--cover-client,32,native,3,False,26.14388419012539,11.805583,10.748759,1.056824,94162944,0,True,True,
chi--cover-client,32,orchestrion,3,False,26.825489311944693,12.573572,11.13276,1.440813,170061824,0,True,True,
chi--cover-client,32,native,4,False,26.14277441892773,11.928456,10.862843,1.065614,94179328,0,True,True,
chi--cover-client,32,orchestrion,4,False,26.848655621055514,12.403402,10.954896,1.448507,149946368,0,True,True,
chi--race-cover-client,4,native,-1,True,27.22844054410234,55.147055,52.970445,2.176609,3112095744,0,True,True,
chi--race-cover-client,4,orchestrion,-1,True,28.81192948622629,58.327781,55.378847,2.948934,3179360256,0,True,True,
chi--race-cover-client,4,orchestrion,0,False,28.864940241910517,59.668711,56.716235,2.952476,3214057472,0,True,True,
chi--race-cover-client,4,native,0,False,27.22727393102832,54.587509,52.528658,2.058851,3075670016,0,True,True,
chi--race-cover-client,4,native,1,False,27.229595474898815,55.070241,52.978066,2.092174,3122774016,0,True,True,
chi--race-cover-client,4,orchestrion,1,False,28.848461876856163,58.694236,55.686481,3.007755,3233124352,0,True,True,
chi--race-cover-client,4,native,2,False,27.21962879388593,55.39789,53.235625,2.162265,3099942912,0,True,True,
chi--race-cover-client,4,orchestrion,2,False,28.81781923188828,60.038538,57.097847,2.940691,3222736896,0,True,True,
chi--race-cover-client,4,native,3,False,27.22499679797329,55.156485,53.061705,2.094781,3087446016,0,True,True,
chi--race-cover-client,4,orchestrion,3,False,28.91266645095311,59.183012,56.198607,2.984405,3192950784,0,True,True,
chi--race-cover-client,4,native,4,False,27.232085459167138,54.929325,52.787071,2.142254,3071127552,0,True,True,
chi--race-cover-client,4,orchestrion,4,False,28.864118807949126,58.978268,56.041565,2.936704,3250315264,0,True,True,
chi--race-cover-client,32,native,-1,True,27.24253116408363,244.99115,202.900658,42.090493,3101704192,0,True,True,
chi--race-cover-client,32,orchestrion,-1,True,28.9638499841094,191.328237,153.048595,38.279643,3225939968,0,True,True,
chi--race-cover-client,32,orchestrion,0,False,28.938062909059227,189.72402,152.450849,37.273172,3258421248,0,True,True,
chi--race-cover-client,32,native,0,False,27.23065617098473,240.980564,200.093435,40.887129,3093008384,0,True,True,
chi--race-cover-client,32,native,1,False,27.231294658966362,245.280292,202.615627,42.664666,3090673664,0,True,True,
chi--race-cover-client,32,orchestrion,1,False,28.929454398108646,189.4479,151.202716,38.245184,3210375168,0,True,True,
chi--race-cover-client,32,native,2,False,27.235783654032275,243.74385,202.18244,41.56141,3065577472,0,True,True,
chi--race-cover-client,32,orchestrion,2,False,28.930311176925898,188.321351,151.19172,37.129631,3221749760,0,True,True,
chi--race-cover-client,32,native,3,False,27.23593729408458,243.15553,202.584908,40.570621,3077615616,0,True,True,
chi--race-cover-client,32,orchestrion,3,False,28.93952037789859,189.835453,152.772949,37.062503,3211771904,0,True,True,
chi--race-cover-client,32,native,4,False,27.233273056102917,244.095189,203.313388,40.781801,3083468800,0,True,True,
chi--race-cover-client,32,orchestrion,4,False,28.933591105043888,188.693681,151.591733,37.101947,3231186944,0,True,True,
gin,4,mini,-1,True,0.3379897701088339,0.298725,0.218693,0.080032,60870656,0,True,True,
gin,4,mini-deferred,-1,True,0.2546131839044392,0.269865,0.200269,0.069597,65769472,0,True,True,
gin,4,mini-deferred,0,False,0.24813601188361645,0.2923,0.206587,0.085714,63197184,0,True,True,
gin,4,mini,0,False,0.24206961109302938,0.278972,0.207565,0.071408,62103552,0,True,True,
gin,4,mini,1,False,0.24560247804038227,0.271581,0.186288,0.085293,53551104,0,True,True,
gin,4,mini-deferred,1,False,0.23081098985858262,0.279808,0.193526,0.086282,60817408,0,True,True,
gin,4,mini-deferred,2,False,0.252381170168519,0.29193,0.213798,0.078132,69038080,0,True,True,
gin,4,mini,2,False,0.2605755948461592,0.315801,0.227832,0.087968,63545344,0,True,True,
gin,4,mini,3,False,0.2484060530550778,0.287926,0.199116,0.08881,54833152,0,True,True,
gin,4,mini-deferred,3,False,0.2515603289939463,0.331299,0.234462,0.096838,52936704,0,True,True,
gin,4,mini-deferred,4,False,0.27077551395632327,0.29102,0.20575,0.08527,62468096,0,True,True,
gin,4,mini,4,False,0.2618285471107811,0.306335,0.229268,0.077067,54771712,0,True,True,
gin,32,mini,-1,True,0.22613473096862435,0.358427,0.253281,0.105147,87871488,0,True,True,
gin,32,mini-deferred,-1,True,0.2270619929768145,0.353646,0.252233,0.101413,79822848,0,True,True,
gin,32,mini-deferred,0,False,0.2251390099991113,0.371017,0.260123,0.110893,77459456,0,True,True,
gin,32,mini,0,False,0.220875940984115,0.343249,0.241409,0.10184,84406272,0,True,True,
gin,32,mini,1,False,0.22492061904631555,0.343052,0.253445,0.089607,83357696,0,True,True,
gin,32,mini-deferred,1,False,0.2289708370808512,0.356158,0.252377,0.103782,85360640,0,True,True,
gin,32,mini-deferred,2,False,0.22840596619062126,0.357808,0.259053,0.098754,77770752,0,True,True,
gin,32,mini,2,False,0.23035053885541856,0.368228,0.276679,0.091549,83419136,0,True,True,
gin,32,mini,3,False,0.22529854997992516,0.360757,0.260891,0.099866,84262912,0,True,True,
gin,32,mini-deferred,3,False,0.22877097595483065,0.366688,0.279685,0.087004,69230592,0,True,True,
gin,32,mini-deferred,4,False,0.23103335010819137,0.348324,0.237995,0.110328,81231872,0,True,True,
gin,32,mini,4,False,0.2267953420523554,0.36011,0.247028,0.113082,85680128,0,True,True,
chi,4,mini,-1,True,26.16351667395793,3.72873,3.392062,0.336668,48037888,0,True,True,
chi,4,mini-deferred,-1,True,26.182415046030656,3.473231,3.164356,0.308876,63492096,0,True,True,
chi,4,mini-deferred,0,False,26.176719253882766,3.426355,3.130207,0.296147,70512640,0,True,True,
chi,4,mini,0,False,26.162380593828857,3.51976,3.174835,0.344926,59543552,0,True,True,
chi,4,mini,1,False,26.157969775842503,3.518386,3.188469,0.329916,64143360,0,True,True,
chi,4,mini-deferred,1,False,26.15462543000467,3.419481,3.15634,0.263141,59715584,0,True,True,
chi,4,mini-deferred,2,False,26.180610206909478,3.517602,3.181682,0.33592,63877120,0,True,True,
chi,4,mini,2,False,26.160180229926482,3.605461,3.265496,0.339966,63430656,0,True,True,
chi,4,mini,3,False,26.168654220877215,3.753856,3.398359,0.355496,66420736,0,True,True,
chi,4,mini-deferred,3,False,26.189018704928458,3.541701,3.249962,0.291739,61718528,0,True,True,
chi,4,mini-deferred,4,False,26.175985181936994,3.519208,3.191575,0.327632,63758336,0,True,True,
chi,4,mini,4,False,26.1615985899698,3.502432,3.18204,0.320393,63225856,0,True,True,
chi,32,mini,-1,True,26.182578599080443,10.152479,9.018321,1.134158,90836992,0,True,True,
chi,32,mini-deferred,-1,True,30.567046873038635,10.845422,9.715848,1.129575,87097344,0,True,True,
chi,32,mini-deferred,0,False,26.170037640957162,10.164045,9.045512,1.118534,98598912,0,True,True,
chi,32,mini,0,False,26.18741071294062,10.584302,9.406469,1.177832,99209216,0,True,True,
chi,32,mini,1,False,26.17296195589006,10.066077,9.065687,1.000391,118669312,0,True,True,
chi,32,mini-deferred,1,False,26.288781587034464,10.779467,9.619346,1.160121,57749504,0,True,True,
chi,32,mini-deferred,2,False,26.188037934014574,11.15512,9.944204,1.210916,54407168,0,True,True,
chi,32,mini,2,False,26.166275162016973,11.048699,9.742476,1.306224,101888000,0,True,True,
chi,32,mini,3,False,26.18190927989781,10.168111,8.944268,1.223843,100655104,0,True,True,
chi,32,mini-deferred,3,False,26.157267835224047,10.62583,9.475471,1.150359,107376640,0,True,True,
chi,32,mini-deferred,4,False,26.179298168048263,10.399878,9.261132,1.138746,89604096,0,True,True,
chi,32,mini,4,False,26.163984704064205,10.879034,9.698533,1.180502,66183168,0,True,True,
gin--race,4,mini,-1,True,2.576517670182511,3.061536,2.861667,0.199869,222576640,0,True,True,
gin--race,4,mini-deferred,-1,True,2.840627597179264,3.087785,2.874782,0.213004,216080384,0,True,True,
gin--race,4,mini-deferred,0,False,4.518539796117693,3.167479,2.965073,0.202407,174329856,0,True,True,
gin--race,4,mini,0,False,2.7826276279520243,3.097517,2.87983,0.217688,216854528,0,True,True,
gin--race,4,mini,1,False,2.6573793729767203,3.142573,2.920582,0.221991,220446720,0,True,True,
gin--race,4,mini-deferred,1,False,2.73462594486773,3.372354,3.133681,0.238674,224669696,0,True,True,
gin--race,4,mini-deferred,2,False,2.66547226998955,3.15028,2.931897,0.218383,224837632,0,True,True,
gin--race,4,mini,2,False,2.6932318629696965,3.316534,3.103121,0.213413,211697664,0,True,True,
gin--race,4,mini,3,False,2.722224330995232,3.408329,3.166708,0.24162,224690176,0,True,True,
gin--race,4,mini-deferred,3,False,2.6808544751256704,3.240694,3.025058,0.215635,221179904,0,True,True,
gin--race,4,mini-deferred,4,False,2.6706464188173413,3.266948,3.057082,0.209867,221052928,0,True,True,
gin--race,4,mini,4,False,2.6387392841279507,3.130271,2.917308,0.212964,213139456,0,True,True,
gin--race,32,mini,-1,True,1.6020805151201785,3.279114,3.034042,0.245071,412807168,0,True,True,
gin--race,32,mini-deferred,-1,True,1.5886465581133962,3.281313,3.016751,0.264563,428810240,0,True,True,
gin--race,32,mini-deferred,0,False,1.572135471040383,3.240698,2.962325,0.278373,417341440,0,True,True,
gin--race,32,mini,0,False,1.579564698971808,3.266354,3.013569,0.252784,412635136,0,True,True,
gin--race,32,mini,1,False,1.5998783379327506,3.301015,3.042964,0.258051,413585408,0,True,True,
gin--race,32,mini-deferred,1,False,1.5873675239272416,3.267185,3.003278,0.263907,415567872,0,True,True,
gin--race,32,mini-deferred,2,False,1.605306315002963,3.271472,3.021569,0.249904,413061120,0,True,True,
gin--race,32,mini,2,False,1.5924204189796,3.262962,2.980522,0.28244,411738112,0,True,True,
gin--race,32,mini,3,False,1.5793028739280999,3.243828,2.987765,0.256064,411029504,0,True,True,
gin--race,32,mini-deferred,3,False,1.5999513540882617,3.261092,2.986361,0.274731,410206208,0,True,True,
gin--race,32,mini-deferred,4,False,1.5874474791344255,3.25803,3.018371,0.239658,409948160,0,True,True,
gin--race,32,mini,4,False,1.5826398690696806,3.273501,2.995891,0.277609,410169344,0,True,True,
gin--cover,4,mini,-1,True,0.25197890494018793,0.351488,0.262036,0.089451,62783488,0,True,True,
gin--cover,4,mini-deferred,-1,True,0.2694731301162392,0.374968,0.27305,0.101917,69996544,0,True,True,
gin--cover,4,mini-deferred,0,False,0.2955157309770584,0.362552,0.274097,0.088455,57491456,0,True,True,
gin--cover,4,mini,0,False,0.2738736330065876,0.326629,0.232942,0.093686,66379776,0,True,True,
gin--cover,4,mini,1,False,0.2690858980640769,0.317426,0.24272,0.074707,72253440,0,True,True,
gin--cover,4,mini-deferred,1,False,0.2743722840677947,0.35182,0.258909,0.092911,64528384,0,True,True,
gin--cover,4,mini-deferred,2,False,0.2611635730136186,0.397823,0.287502,0.110321,55930880,0,True,True,
gin--cover,4,mini,2,False,0.263796720886603,0.361484,0.255723,0.10576,63152128,0,True,True,
gin--cover,4,mini,3,False,0.27732435218058527,0.340702,0.244856,0.095845,53723136,0,True,True,
gin--cover,4,mini-deferred,3,False,0.2730189689900726,0.327581,0.246483,0.081098,55447552,0,True,True,
gin--cover,4,mini-deferred,4,False,0.25992176798172295,0.362802,0.263133,0.099668,60411904,0,True,True,
gin--cover,4,mini,4,False,0.2711406119633466,0.348894,0.25408,0.094814,59842560,0,True,True,
gin--cover,32,mini,-1,True,0.23563664103858173,0.389602,0.263083,0.126519,89190400,0,True,True,
gin--cover,32,mini-deferred,-1,True,0.231052567018196,0.39387,0.276071,0.117798,83853312,0,True,True,
gin--cover,32,mini-deferred,0,False,0.23442008695565164,0.407402,0.286246,0.121155,88637440,0,True,True,
gin--cover,32,mini,0,False,0.24267697311006486,0.404078,0.290419,0.113659,81088512,0,True,True,
gin--cover,32,mini,1,False,0.23888587090186775,0.401315,0.274459,0.126855,82616320,0,True,True,
gin--cover,32,mini-deferred,1,False,0.23174447915516794,0.404946,0.287002,0.117944,87969792,0,True,True,
gin--cover,32,mini-deferred,2,False,0.23173074889928102,0.390852,0.279133,0.111719,83615744,0,True,True,
gin--cover,32,mini,2,False,0.24013630393892527,0.401416,0.273871,0.127545,83197952,0,True,True,
gin--cover,32,mini,3,False,0.24099225690588355,0.402089,0.286149,0.115939,89468928,0,True,True,
gin--cover,32,mini-deferred,3,False,0.23883464001119137,0.393789,0.28124,0.11255,87822336,0,True,True,
gin--cover,32,mini-deferred,4,False,0.23173813801258802,0.388064,0.275169,0.112896,80875520,0,True,True,
gin--cover,32,mini,4,False,0.22693151282146573,0.374772,0.241742,0.13303,88408064,0,True,True,
gin--cover-client,4,mini,-1,True,7.161638811929151,14.906221,9.482236,5.423986,125935616,0,True,True,
gin--cover-client,4,mini-deferred,-1,True,8.39795462694019,16.761229,10.954676,5.806552,122040320,0,True,True,
gin--cover-client,4,mini-deferred,0,False,8.461113569093868,17.18493,11.287365,5.897566,120954880,0,True,True,
gin--cover-client,4,mini,0,False,14.990828295005485,30.423907,24.02294,6.400968,100171776,0,True,True,
gin--cover-client,4,mini,1,False,37.678579998901114,74.123259,68.141382,5.981877,94294016,0,True,True,
gin--cover-client,4,mini-deferred,1,False,18.85357098397799,22.16393,16.593207,5.570723,132100096,0,True,True,
gin--cover-client,4,mini-deferred,2,False,8.017513151979074,15.870363,10.127436,5.742927,110850048,0,True,True,
gin--cover-client,4,mini,2,False,7.307356426026672,15.402425,9.772702,5.629724,127483904,0,True,True,
gin--cover-client,4,mini,3,False,7.19321577786468,15.250288,9.684203,5.566084,122802176,0,True,True,
gin--cover-client,4,mini-deferred,3,False,7.778293032897636,15.727403,10.161919,5.565485,130408448,0,True,True,
gin--cover-client,4,mini-deferred,4,False,7.7353875760454684,15.6189,10.132022,5.486877,128565248,0,True,True,
gin--cover-client,4,mini,4,False,7.732936936896294,16.4486,10.66765,5.78095,130363392,0,True,True,
gin--cover-client,32,mini,-1,True,6.957294820109382,18.677642,12.074595,6.603047,228241408,0,True,True,
gin--cover-client,32,mini-deferred,-1,True,7.396543981041759,18.069466,11.782758,6.286707,227725312,0,True,True,
gin--cover-client,32,mini-deferred,0,False,7.403143920004368,18.192935,11.819589,6.373345,238186496,0,True,True,
gin--cover-client,32,mini,0,False,7.135930670890957,18.842343,12.146981,6.695363,233140224,0,True,True,
gin--cover-client,32,mini,1,False,7.411690378095955,19.045787,12.294348,6.751438,229011456,0,True,True,
gin--cover-client,32,mini-deferred,1,False,7.913505484815687,18.730862,12.223552,6.50731,236679168,0,True,True,
gin--cover-client,32,mini-deferred,2,False,13.250561961904168,30.181708,23.507138,6.674571,230391808,0,True,True,
gin--cover-client,32,mini,2,False,6.840932144084945,18.091906,11.65746,6.434447,238510080,0,True,True,
gin--cover-client,32,mini,3,False,6.6876251141075045,17.718691,11.499762,6.21893,227893248,0,True,True,
gin--cover-client,32,mini-deferred,3,False,7.4617748451419175,18.311117,12.037807,6.27331,235282432,0,True,True,
gin--cover-client,32,mini-deferred,4,False,7.403065470047295,18.132648,11.757894,6.374754,228724736,0,True,True,
gin--cover-client,32,mini,4,False,6.701585768023506,17.789155,11.437565,6.351589,225902592,0,True,True,
gin--race-cover-client,4,mini,-1,True,19.746107241138816,44.64454,38.570269,6.074271,226074624,0,True,False,historical SDK reference unavailable for this combination
gin--race-cover-client,4,mini-deferred,-1,True,24.118283089948818,47.46436,41.460305,6.004055,218013696,0,True,False,historical SDK reference unavailable for this combination
gin--race-cover-client,4,mini-deferred,0,False,24.26732535311021,47.634152,41.534213,6.099939,221868032,0,True,False,historical SDK reference unavailable for this combination
gin--race-cover-client,4,mini,0,False,19.826964118983597,44.81324,38.802662,6.010577,234450944,0,True,False,historical SDK reference unavailable for this combination
gin--race-cover-client,4,mini,1,False,19.816302941879258,44.830616,38.70548,6.125136,231047168,0,True,False,historical SDK reference unavailable for this combination
gin--race-cover-client,4,mini-deferred,1,False,24.002895320998505,47.128764,41.224685,5.90408,224604160,0,True,False,historical SDK reference unavailable for this combination
gin--race-cover-client,4,mini-deferred,2,False,23.91178480000235,47.004822,41.012126,5.992697,222990336,0,True,False,historical SDK reference unavailable for this combination
gin--race-cover-client,4,mini,2,False,19.667306811083108,44.454959,38.390796,6.064163,231800832,0,True,False,historical SDK reference unavailable for this combination
gin--race-cover-client,4,mini,3,False,19.62770453095436,44.432966,38.573885,5.85908,228294656,0,True,False,historical SDK reference unavailable for this combination
gin--race-cover-client,4,mini-deferred,3,False,23.974029859062284,47.123015,41.003276,6.119739,224149504,0,True,False,historical SDK reference unavailable for this combination
gin--race-cover-client,4,mini-deferred,4,False,24.242485398892313,47.476784,41.412042,6.064743,217845760,0,True,False,historical SDK reference unavailable for this combination
gin--race-cover-client,4,mini,4,False,20.15436994098127,45.535318,39.409953,6.125365,234741760,0,True,False,historical SDK reference unavailable for this combination
gin--race-cover-client,32,mini,-1,True,19.165069730952382,49.299468,42.140282,7.159186,393302016,0,True,False,historical SDK reference unavailable for this combination
gin--race-cover-client,32,mini-deferred,-1,True,23.748219731030986,51.714987,44.677589,7.037397,392450048,0,True,False,historical SDK reference unavailable for this combination
gin--race-cover-client,32,mini-deferred,0,False,24.40795629704371,53.234923,46.113588,7.121335,396247040,0,True,False,historical SDK reference unavailable for this combination
gin--race-cover-client,32,mini,0,False,19.146428070031106,49.408586,42.149597,7.258989,397529088,0,True,False,historical SDK reference unavailable for this combination
gin--race-cover-client,32,mini,1,False,19.143165034009144,49.261393,42.101221,7.160172,389193728,0,True,False,historical SDK reference unavailable for this combination
gin--race-cover-client,32,mini-deferred,1,False,23.995879968861118,51.927399,44.980653,6.946745,388018176,0,True,False,historical SDK reference unavailable for this combination
gin--race-cover-client,32,mini-deferred,2,False,23.75733982701786,51.509276,44.65066,6.858617,391262208,0,True,False,historical SDK reference unavailable for this combination
gin--race-cover-client,32,mini,2,False,19.333257369929925,49.583632,42.382494,7.201138,388198400,0,True,False,historical SDK reference unavailable for this combination
gin--race-cover-client,32,mini,3,False,19.089003573870286,49.08782,42.04131,7.046511,385069056,0,True,False,historical SDK reference unavailable for this combination
gin--race-cover-client,32,mini-deferred,3,False,23.889757190132514,51.78592,44.674721,7.111199,389746688,0,True,False,historical SDK reference unavailable for this combination
gin--race-cover-client,32,mini-deferred,4,False,23.776982987998053,51.673479,44.740279,6.933199,381214720,0,True,False,historical SDK reference unavailable for this combination
gin--race-cover-client,32,mini,4,False,19.35340771311894,49.719538,42.560068,7.15947,395100160,0,True,False,historical SDK reference unavailable for this combination
chi--race,4,mini,-1,True,27.308368066092953,45.771359,43.643135,2.128223,3164401664,0,True,True,
chi--race,4,mini-deferred,-1,True,27.304705569986254,45.803517,43.732077,2.071441,3188563968,0,True,True,
chi--race,4,mini-deferred,0,False,27.308552658883855,45.277771,43.112385,2.165386,3165642752,0,True,True,
chi--race,4,mini,0,False,27.319454708136618,45.494782,43.312821,2.181961,3180371968,0,True,True,
chi--race,4,mini,1,False,27.280845342902467,45.390773,43.332765,2.058008,3181506560,0,True,True,
chi--race,4,mini-deferred,1,False,27.307192558888346,45.196217,42.950489,2.245728,3160010752,0,True,True,
chi--race,4,mini-deferred,2,False,27.292682244908065,45.476219,43.358969,2.11725,3149377536,0,True,True,
chi--race,4,mini,2,False,27.31623338907957,45.434622,43.2233,2.211323,3170304000,0,True,True,
chi--race,4,mini,3,False,27.304056101012975,45.442856,43.280574,2.162282,3167645696,0,True,True,
chi--race,4,mini-deferred,3,False,27.294185210950673,45.011035,42.968688,2.042346,3188715520,0,True,True,
chi--race,4,mini-deferred,4,False,27.30462425504811,45.350522,43.226585,2.123937,3167293440,0,True,True,
chi--race,4,mini,4,False,27.301558448933065,46.10926,43.890951,2.218309,3164250112,0,True,True,
chi--race,32,mini,-1,True,27.32426537387073,242.631872,182.415523,60.21635,3244888064,0,True,True,
chi--race,32,mini-deferred,-1,True,27.318757269065827,242.800274,183.540614,59.259661,3261202432,0,True,True,
chi--race,32,mini-deferred,0,False,27.28785661305301,241.872589,183.174226,58.698362,3262357504,0,True,True,
chi--race,32,mini,0,False,27.314174212981015,242.466242,184.517674,57.948568,3248336896,0,True,True,
chi--race,32,mini,1,False,27.284725866047665,247.859867,188.54649,59.313378,3245088768,0,True,True,
chi--race,32,mini-deferred,1,False,27.288915467914194,224.712649,176.261579,48.451071,3242737664,0,True,True,
chi--race,32,mini-deferred,2,False,27.28986514499411,238.05184,179.639991,58.411849,3298058240,0,True,True,
chi--race,32,mini,2,False,27.31579393101856,248.949337,187.263585,61.685753,3248816128,0,True,True,
chi--race,32,mini,3,False,27.297689311904833,242.696886,184.397347,58.299539,3264307200,0,True,True,
chi--race,32,mini-deferred,3,False,27.29359110002406,241.224077,184.259085,56.964991,3249950720,0,True,True,
chi--race,32,mini-deferred,4,False,27.331263326806948,239.302944,181.711047,57.591896,3262820352,0,True,True,
chi--race,32,mini,4,False,27.31804225500673,243.446948,184.890416,58.556532,3272130560,0,True,True,
chi--cover,4,mini,-1,True,26.193072366993874,3.738501,3.413336,0.325165,67026944,0,True,True,
chi--cover,4,mini-deferred,-1,True,26.20298225292936,3.798402,3.439009,0.359393,51515392,0,True,True,
chi--cover,4,mini-deferred,0,False,26.180907172849402,3.565485,3.25039,0.315094,65576960,0,True,True,
chi--cover,4,mini,0,False,26.158270116895437,3.637359,3.342201,0.295159,61816832,0,True,True,
chi--cover,4,mini,1,False,26.182340326951817,3.399335,3.147829,0.251506,52563968,0,True,True,
chi--cover,4,mini-deferred,1,False,26.183047550963238,3.47769,3.190316,0.287373,68472832,0,True,True,
chi--cover,4,mini-deferred,2,False,26.185012442059815,3.48675,3.178933,0.307817,63045632,0,True,True,
chi--cover,4,mini,2,False,26.161143354140222,3.418587,3.157004,0.261584,55115776,0,True,True,
chi--cover,4,mini,3,False,26.182128129992634,3.615594,3.308344,0.30725,73244672,0,True,True,
chi--cover,4,mini-deferred,3,False,26.204014973016456,3.460576,3.165176,0.2954,61255680,0,True,True,
chi--cover,4,mini-deferred,4,False,26.198473862838,3.514739,3.192268,0.322471,53915648,0,True,True,
chi--cover,4,mini,4,False,26.17870533815585,3.346251,3.119399,0.226853,47505408,0,True,True,
chi--cover,32,mini,-1,True,26.163500889204443,9.96692,8.943236,1.023684,98091008,0,True,True,
chi--cover,32,mini-deferred,-1,True,26.18402784690261,10.258878,9.228682,1.030197,101777408,0,True,True,
chi--cover,32,mini-deferred,0,False,26.16337540699169,10.245165,9.179461,1.065704,88055808,0,True,True,
chi--cover,32,mini,0,False,26.187215500045568,9.803893,8.81746,0.986434,100663296,0,True,True,
chi--cover,32,mini,1,False,26.17880683997646,10.020844,8.92064,1.100205,100372480,0,True,True,
chi--cover,32,mini-deferred,1,False,26.162280859891325,10.137568,9.119564,1.018004,91471872,0,True,True,
chi--cover,32,mini-deferred,2,False,26.165767061058432,9.539945,8.587737,0.952209,138526720,0,True,True,
chi--cover,32,mini,2,False,26.17756480188109,10.035038,8.950374,1.084664,89640960,0,True,True,
chi--cover,32,mini,3,False,26.15908733312972,10.167047,9.136071,1.030976,97759232,0,True,True,
chi--cover,32,mini-deferred,3,False,26.156850749161094,10.425437,9.391662,1.033776,88543232,0,True,True,
chi--cover,32,mini-deferred,4,False,26.18297257600352,10.149974,9.05087,1.099105,97882112,0,True,True,
chi--cover,32,mini,4,False,26.15888652112335,9.854028,8.817273,1.036756,97484800,0,True,True,
chi--cover-client,4,mini,-1,True,26.810613801935688,4.898553,3.968308,0.930245,62136320,0,True,True,
chi--cover-client,4,mini-deferred,-1,True,26.850330823101103,4.823258,3.962694,0.860564,70000640,0,True,True,
chi--cover-client,4,mini-deferred,0,False,26.85343284299597,4.832133,3.937195,0.894938,62353408,0,True,True,
chi--cover-client,4,mini,0,False,26.800287348916754,4.858998,3.927579,0.93142,63561728,0,True,True,
chi--cover-client,4,mini,1,False,26.792989711044356,4.834357,3.912132,0.922226,64872448,0,True,True,
chi--cover-client,4,mini-deferred,1,False,26.859927484067157,4.858387,3.912399,0.945989,68259840,0,True,True,
chi--cover-client,4,mini-deferred,2,False,26.854129882063717,4.83606,3.939367,0.896693,62046208,0,True,True,
chi--cover-client,4,mini,2,False,26.79628460481763,4.833111,3.977308,0.855804,60669952,0,True,True,
chi--cover-client,4,mini,3,False,26.789441976929083,4.843039,3.968599,0.87444,60395520,0,True,True,
chi--cover-client,4,mini-deferred,3,False,26.85736446385272,4.804052,3.929675,0.874377,66838528,0,True,True,
chi--cover-client,4,mini-deferred,4,False,26.85060400981456,4.80631,3.931899,0.874412,66678784,0,True,True,
chi--cover-client,4,mini,4,False,26.788758099079132,4.86482,3.958795,0.906025,62701568,0,True,True,
chi--cover-client,32,mini,-1,True,26.857246216852218,14.57979,12.63825,1.94154,118632448,0,True,True,
chi--cover-client,32,mini-deferred,-1,True,26.91560770687647,14.192064,12.350775,1.841289,109989888,0,True,True,
chi--cover-client,32,mini-deferred,0,False,26.92800972191617,14.450763,12.566,1.884763,112484352,0,True,True,
chi--cover-client,32,mini,0,False,26.83808926306665,14.191981,12.291549,1.900432,108175360,0,True,True,
chi--cover-client,32,mini,1,False,26.84986109705642,14.516606,12.622448,1.894157,103755776,0,True,True,
chi--cover-client,32,mini-deferred,1,False,26.903578269993886,14.269557,12.418869,1.850688,108871680,0,True,True,
chi--cover-client,32,mini-deferred,2,False,26.93412523716688,14.228906,12.381004,1.847901,106995712,0,True,True,
chi--cover-client,32,mini,2,False,26.84415974514559,14.485224,12.566349,1.918875,105361408,0,True,True,
chi--cover-client,32,mini,3,False,26.85007844399661,14.227103,12.289588,1.937514,119824384,0,True,True,
chi--cover-client,32,mini-deferred,3,False,26.924932952038944,14.333217,12.445309,1.887907,118775808,0,True,True,
chi--cover-client,32,mini-deferred,4,False,26.91484966292046,14.373379,12.576072,1.797308,104407040,0,True,True,
chi--cover-client,32,mini,4,False,26.856413547880948,14.442048,12.51012,1.931928,105111552,0,True,True,
chi--race-cover-client,4,mini,-1,True,28.850812851917,57.871132,55.272241,2.598891,2606845952,0,True,True,
chi--race-cover-client,4,mini-deferred,-1,True,29.25639539095573,57.210837,54.659699,2.551137,2596986880,0,True,True,
chi--race-cover-client,4,mini-deferred,0,False,29.179476724006236,56.745844,54.251827,2.494018,2598223872,0,True,True,
chi--race-cover-client,4,mini,0,False,28.83147156587802,56.801482,54.118803,2.68268,2601492480,0,True,True,
chi--race-cover-client,4,mini,1,False,28.822565518086776,58.314541,55.688266,2.626275,2606841856,0,True,True,
chi--race-cover-client,4,mini-deferred,1,False,29.188947764923796,57.409206,54.725032,2.684174,2600263680,0,True,True,
chi--race-cover-client,4,mini-deferred,2,False,29.330168390879408,58.108285,55.47799,2.630294,2595241984,0,True,True,
chi--race-cover-client,4,mini,2,False,28.844635306857526,57.841877,55.218505,2.623373,2599587840,0,True,True,
chi--race-cover-client,4,mini,3,False,28.841073398012668,57.102329,54.429598,2.672731,2599796736,0,True,True,
chi--race-cover-client,4,mini-deferred,3,False,29.152960629900917,56.845661,54.161993,2.683667,2600538112,0,True,True,
chi--race-cover-client,4,mini-deferred,4,False,29.177595161134377,57.664679,55.099988,2.564691,2599309312,0,True,True,
chi--race-cover-client,4,mini,4,False,28.84813044196926,57.568214,54.87923,2.688984,2602131456,0,True,True,
chi--race-cover-client,32,mini,-1,True,28.967615362023935,267.186096,212.669741,54.516355,2616750080,0,True,True,
chi--race-cover-client,32,mini-deferred,-1,True,29.472269898978993,268.456657,214.278549,54.178108,2616819712,0,True,True,
chi--race-cover-client,32,mini-deferred,0,False,29.458145800046623,266.838226,213.073299,53.764927,2623729664,0,True,True,
chi--race-cover-client,32,mini,0,False,28.944007534068078,268.598026,214.696784,53.901242,2624925696,0,True,True,
chi--race-cover-client,32,mini,1,False,28.998971667839214,268.369165,214.131996,54.237169,2624708608,0,True,True,
chi--race-cover-client,32,mini-deferred,1,False,29.500315699959174,269.690009,215.249129,54.44088,2611130368,0,True,True,
chi--race-cover-client,32,mini-deferred,2,False,29.46492558903992,269.860529,213.350908,56.509621,2622816256,0,True,True,
chi--race-cover-client,32,mini,2,False,28.96495057689026,270.114812,215.124017,54.990794,2620084224,0,True,True,
chi--race-cover-client,32,mini,3,False,28.998575494159013,271.772621,215.689003,56.083617,2629656576,0,True,True,
chi--race-cover-client,32,mini-deferred,3,False,29.520123195135966,266.22793,211.960039,54.26789,2615103488,0,True,True,
chi--race-cover-client,32,mini-deferred,4,False,29.47337592812255,267.346168,213.606644,53.739524,2604617728,0,True,True,
chi--race-cover-client,32,mini,4,False,28.968657657969743,265.105419,210.893816,54.211602,2614480896,0,True,True,
testify-direct--normal,4,mini,-1,True,0.010135702090337873,0.011867,0.004629,0.007238,18472960,0,True,True,
testify-direct--normal,4,mini-deferred,-1,True,0.009992841864004731,0.0108,0.004213,0.006586,16302080,0,True,True,
testify-direct--normal,4,mini-deferred,0,False,0.009698110865429044,0.011092,0.002891,0.0082,15523840,0,True,True,
testify-direct--normal,4,mini,0,False,0.012691827956587076,0.014145,0.001723,0.012422,18382848,0,True,True,
testify-direct--normal,4,mini,1,False,0.009829870890825987,0.011088,0.005779,0.00531,18092032,0,True,True,
testify-direct--normal,4,mini-deferred,1,False,0.010174671886488795,0.011899,0.005342,0.006558,17993728,0,True,True,
testify-direct--normal,4,mini-deferred,2,False,0.009922662051394582,0.010879,0.005495,0.005384,16187392,0,True,True,
testify-direct--normal,4,mini,2,False,0.00976760103367269,0.010715,0.002965,0.00775,16596992,0,True,True,
testify-direct--normal,4,mini,3,False,0.00973624107427895,0.011187,0.005875,0.005312,17850368,0,True,True,
testify-direct--normal,4,mini-deferred,3,False,0.009816992096602917,0.010644,0.003566,0.007077,16019456,0,True,True,
testify-direct--normal,4,mini-deferred,4,False,0.009721340844407678,0.010934,0.003735,0.007198,18071552,0,True,True,
testify-direct--normal,4,mini,4,False,0.010265392949804664,0.011117,0.007693,0.003425,18636800,0,True,True,
testify-direct--normal,32,mini,-1,True,0.01053543295711279,0.011852,0.003707,0.008145,19435520,0,True,True,
testify-direct--normal,32,mini-deferred,-1,True,0.01079028402455151,0.011931,0.003044,0.008887,18362368,0,True,True,
testify-direct--normal,32,mini-deferred,0,False,0.010701284045353532,0.01227,0.007226,0.005044,19275776,0,True,True,
testify-direct--normal,32,mini,0,False,0.01097091380506754,0.012228,0.005666,0.006562,19525632,0,True,True,
testify-direct--normal,32,mini,1,False,0.010742194019258022,0.012003,0.003739,0.008264,20185088,0,True,True,
testify-direct--normal,32,mini-deferred,1,False,0.01047939294949174,0.011775,0.005551,0.006224,16977920,0,True,True,
testify-direct--normal,32,mini-deferred,2,False,0.011171024991199374,0.013058,0.004456,0.008602,19791872,0,True,True,
testify-direct--normal,32,mini,2,False,0.010833284119144082,0.012983,0.003743,0.00924,21913600,0,True,True,
testify-direct--normal,32,mini,3,False,0.011004793923348188,0.013258,0.0,0.013258,19263488,0,True,True,
testify-direct--normal,32,mini-deferred,3,False,0.010854854015633464,0.012131,0.004651,0.00748,18878464,0,True,True,
testify-direct--normal,32,mini-deferred,4,False,0.011538024991750717,0.013117,0.00585,0.007266,20078592,0,True,True,
testify-direct--normal,32,mini,4,False,0.011288325069472194,0.013345,0.006019,0.007326,21020672,0,True,True,
testify-direct--race,4,mini,-1,True,1.022318305913359,0.02432,0.012021,0.012298,43532288,0,True,True,
testify-direct--race,4,mini-deferred,-1,True,1.0219712927937508,0.023448,0.004848,0.018601,42385408,0,True,True,
testify-direct--race,4,mini-deferred,0,False,1.021411090856418,0.023086,0.010682,0.012403,44478464,0,True,True,
testify-direct--race,4,mini,0,False,1.0220697538461536,0.023669,0.011662,0.012006,45096960,0,True,True,
testify-direct--race,4,mini,1,False,1.0220675219316036,0.024023,0.010238,0.013785,44531712,0,True,True,
testify-direct--race,4,mini-deferred,1,False,1.0226916051469743,0.023367,0.010764,0.012603,44466176,0,True,True,
testify-direct--race,4,mini-deferred,2,False,1.021930062910542,0.023338,0.01434,0.008997,44478464,0,True,True,
testify-direct--race,4,mini,2,False,1.0214095120318234,0.023074,0.011595,0.011479,44744704,0,True,True,
testify-direct--race,4,mini,3,False,1.021371881943196,0.023375,0.011442,0.011933,42643456,0,True,True,
testify-direct--race,4,mini-deferred,3,False,1.021589991869405,0.023175,0.009205,0.013969,44863488,0,True,True,
testify-direct--race,4,mini-deferred,4,False,1.0224372139200568,0.023719,0.006415,0.017303,44474368,0,True,True,
testify-direct--race,4,mini,4,False,1.021985893137753,0.024142,0.009449,0.014694,45633536,0,True,True,
testify-direct--race,32,mini,-1,True,1.0248661988880485,0.027367,0.010996,0.016371,47620096,0,True,True,
testify-direct--race,32,mini-deferred,-1,True,1.023815416963771,0.025704,0.011443,0.01426,45965312,0,True,True,
testify-direct--race,32,mini-deferred,0,False,1.0232571470551193,0.025104,0.012768,0.012336,45912064,0,True,True,
testify-direct--race,32,mini,0,False,1.0238048378378153,0.025826,0.012709,0.013117,47484928,0,True,True,
testify-direct--race,32,mini,1,False,1.0241909378673881,0.026484,0.010665,0.015819,47726592,0,True,True,
testify-direct--race,32,mini-deferred,1,False,1.0233220169320703,0.025126,0.010404,0.014721,46727168,0,True,True,
testify-direct--race,32,mini-deferred,2,False,1.023725067032501,0.026303,0.009915,0.016388,46161920,0,True,True,
testify-direct--race,32,mini,2,False,1.0226735938340425,0.02524,0.009673,0.015568,47087616,0,True,True,
testify-direct--race,32,mini,3,False,1.0232998479623348,0.025436,0.011411,0.014026,46936064,0,True,True,
testify-direct--race,32,mini-deferred,3,False,1.0240101281087846,0.025279,0.010963,0.014315,46268416,0,True,True,
testify-direct--race,32,mini-deferred,4,False,1.0231186910532415,0.024863,0.0127,0.012163,46665728,0,True,True,
testify-direct--race,32,mini,4,False,1.0234568698797375,0.02632,0.014406,0.011914,46936064,0,True,True,
testify-direct--cover,4,mini,-1,True,0.010926478076726198,0.012191,0.009018,0.003173,18067456,0,True,True,
testify-direct--cover,4,mini-deferred,-1,True,0.01067516696639359,0.011787,0.00389,0.007898,18132992,0,True,True,
testify-direct--cover,4,mini-deferred,0,False,0.010831997031345963,0.012295,0.004596,0.007699,18190336,0,True,True,
testify-direct--cover,4,mini,0,False,0.01079184701666236,0.011987,0.002897,0.00909,18341888,0,True,True,
testify-direct--cover,4,mini,1,False,0.010498676914721727,0.012172,0.004397,0.007775,18456576,0,True,True,
testify-direct--cover,4,mini-deferred,1,False,0.010326066985726357,0.012006,0.00507,0.006935,18522112,0,True,True,
testify-direct--cover,4,mini-deferred,2,False,0.01067262701690197,0.012263,0.00581,0.006454,18173952,0,True,True,
testify-direct--cover,4,mini,2,False,0.01044723717495799,0.011404,0.002316,0.009089,18518016,0,True,True,
testify-direct--cover,4,mini,3,False,0.01044552680104971,0.011623,0.007528,0.004095,17768448,0,True,True,
testify-direct--cover,4,mini-deferred,3,False,0.010568037163466215,0.011573,0.005737,0.005836,18337792,0,True,True,
testify-direct--cover,4,mini-deferred,4,False,0.010794817004352808,0.011978,0.003863,0.008114,18251776,0,True,True,
testify-direct--cover,4,mini,4,False,0.010324036935344338,0.012076,0.004079,0.007997,17756160,0,True,True,
testify-direct--cover,32,mini,-1,True,0.011073488043621182,0.013233,0.004911,0.008323,18849792,0,True,True,
testify-direct--cover,32,mini-deferred,-1,True,0.012652598787099123,0.013779,0.005156,0.008624,21131264,0,True,True,
testify-direct--cover,32,mini-deferred,0,False,0.011938948184251785,0.013317,0.006933,0.006384,18759680,0,True,True,
testify-direct--cover,32,mini,0,False,0.012749369023367763,0.017082,0.006711,0.010371,24092672,0,True,True,
testify-direct--cover,32,mini,1,False,0.012773048831149936,0.016757,0.007088,0.009669,25530368,0,True,True,
testify-direct--cover,32,mini-deferred,1,False,0.011752118123695254,0.012593,0.006739,0.005854,18223104,0,True,True,
testify-direct--cover,32,mini-deferred,2,False,0.011770928045734763,0.013093,0.00591,0.007184,19349504,0,True,True,
testify-direct--cover,32,mini,2,False,0.011134738102555275,0.013155,0.004799,0.008356,19464192,0,True,True,
testify-direct--cover,32,mini,3,False,0.012056058971211314,0.013291,0.00202,0.01127,21405696,0,True,True,
testify-direct--cover,32,mini-deferred,3,False,0.012938809115439653,0.014189,0.004491,0.009698,20377600,0,True,True,
testify-direct--cover,32,mini-deferred,4,False,0.011567397974431515,0.013102,0.004494,0.008607,18501632,0,True,True,
testify-direct--cover,32,mini,4,False,0.011482577072456479,0.013315,0.0,0.013315,19435520,0,True,True,
testify-direct--cover-client,4,mini,-1,True,0.019514283165335655,0.020543,0.008386,0.012158,23101440,0,True,True,
testify-direct--cover-client,4,mini-deferred,-1,True,0.020604863995686173,0.022105,0.011834,0.01027,23089152,0,True,True,
testify-direct--cover-client,4,mini-deferred,0,False,0.020170583855360746,0.021256,0.006615,0.014641,23572480,0,True,True,
testify-direct--cover-client,4,mini,0,False,0.019396503921598196,0.020853,0.005022,0.01583,25579520,0,True,True,
testify-direct--cover-client,4,mini,1,False,0.020160703919827938,0.021868,0.007038,0.014829,23322624,0,True,True,
testify-direct--cover-client,4,mini-deferred,1,False,0.02020455407910049,0.02105,0.00551,0.01554,23015424,0,True,True,
testify-direct--cover-client,4,mini-deferred,2,False,0.01987053407356143,0.020568,0.009178,0.011389,23240704,0,True,True,
testify-direct--cover-client,4,mini,2,False,0.01962661393918097,0.020766,0.00497,0.015796,20905984,0,True,True,
testify-direct--cover-client,4,mini,3,False,0.02019929396919906,0.021829,0.006424,0.015404,25329664,0,True,True,
testify-direct--cover-client,4,mini-deferred,3,False,0.019714654190465808,0.021159,0.003338,0.01782,25198592,0,True,True,
testify-direct--cover-client,4,mini-deferred,4,False,0.02007099403999746,0.021628,0.009418,0.012211,22884352,0,True,True,
testify-direct--cover-client,4,mini,4,False,0.019850044045597315,0.021331,0.00486,0.016471,23085056,0,True,True,
testify-direct--cover-client,32,mini,-1,True,0.022133876103907824,0.024755,0.005555,0.0192,24662016,0,True,True,
testify-direct--cover-client,32,mini-deferred,-1,True,0.023142535937950015,0.027013,0.014185,0.012827,24625152,0,True,True,
testify-direct--cover-client,32,mini-deferred,0,False,0.02142903581261635,0.023391,0.009351,0.01404,27586560,0,True,True,
testify-direct--cover-client,32,mini,0,False,0.020643184892833233,0.021933,0.007486,0.014447,26554368,0,True,True,
testify-direct--cover-client,32,mini,1,False,0.021456836024299264,0.023277,0.00878,0.014497,24752128,0,True,True,
testify-direct--cover-client,32,mini-deferred,1,False,0.022181205917149782,0.026499,0.010975,0.015524,26304512,0,True,True,
testify-direct--cover-client,32,mini-deferred,2,False,0.021738845156505704,0.023133,0.006179,0.016953,26796032,0,True,True,
testify-direct--cover-client,32,mini,2,False,0.02251151599921286,0.026799,0.008426,0.018374,27348992,0,True,True,
testify-direct--cover-client,32,mini,3,False,0.023299075895920396,0.0279,0.014078,0.013822,27586560,0,True,True,
testify-direct--cover-client,32,mini-deferred,3,False,0.021311525022611022,0.022748,0.007963,0.014786,26607616,0,True,True,
testify-direct--cover-client,32,mini-deferred,4,False,0.021315785124897957,0.02303,0.009551,0.013479,27549696,0,True,True,
testify-direct--cover-client,32,mini,4,False,0.022348596015945077,0.026308,0.010708,0.0156,25473024,0,True,True,
testify-direct--race-cover-client,4,mini,-1,True,1.0347070689313114,0.037262,0.015485,0.021778,47611904,0,True,True,
testify-direct--race-cover-client,4,mini-deferred,-1,True,1.0341385619249195,0.03595,0.020643,0.015307,45993984,0,True,True,
testify-direct--race-cover-client,4,mini-deferred,0,False,1.0333067739848047,0.034393,0.016702,0.017691,48128000,0,True,True,
testify-direct--race-cover-client,4,mini,0,False,1.0332789258100092,0.035285,0.017291,0.017993,48259072,0,True,True,
testify-direct--race-cover-client,4,mini,1,False,1.0337277411017567,0.035501,0.01045,0.025052,47136768,0,True,True,
testify-direct--race-cover-client,4,mini-deferred,1,False,1.0340810441412032,0.035139,0.017218,0.01792,46804992,0,True,True,
testify-direct--race-cover-client,4,mini-deferred,2,False,1.0341836491134018,0.035613,0.013728,0.021884,47673344,0,True,True,
testify-direct--race-cover-client,4,mini,2,False,1.034046190790832,0.037686,0.019896,0.01779,47607808,0,True,True,
testify-direct--race-cover-client,4,mini,3,False,1.0340510641690344,0.036238,0.014648,0.021591,47677440,0,True,True,
testify-direct--race-cover-client,4,mini-deferred,3,False,1.0342246969230473,0.036023,0.017274,0.01875,46682112,0,True,True,
testify-direct--race-cover-client,4,mini-deferred,4,False,1.033740300219506,0.035112,0.015531,0.01958,45723648,0,True,True,
testify-direct--race-cover-client,4,mini,4,False,1.0338670830242336,0.035717,0.016582,0.019135,46964736,0,True,True,
testify-direct--race-cover-client,32,mini,-1,True,1.0390661538112909,0.044096,0.01833,0.025766,53510144,0,True,True,
testify-direct--race-cover-client,32,mini-deferred,-1,True,1.0384810368996114,0.042656,0.015085,0.027572,53059584,0,True,True,
testify-direct--race-cover-client,32,mini-deferred,0,False,1.039391711121425,0.043977,0.017055,0.026921,52719616,0,True,True,
testify-direct--race-cover-client,32,mini,0,False,1.0384271019138396,0.043006,0.02066,0.022347,53833728,0,True,True,
testify-direct--race-cover-client,32,mini,1,False,1.0386902559548616,0.043902,0.021016,0.022887,52203520,0,True,True,
testify-direct--race-cover-client,32,mini-deferred,1,False,1.0384755679406226,0.043109,0.017642,0.025466,52486144,0,True,True,
testify-direct--race-cover-client,32,mini-deferred,2,False,1.0378930009901524,0.041762,0.016385,0.025376,53837824,0,True,True,
testify-direct--race-cover-client,32,mini,2,False,1.0381662538275123,0.044235,0.019483,0.024751,54145024,0,True,True,
testify-direct--race-cover-client,32,mini,3,False,1.038496847031638,0.044585,0.022496,0.02209,54661120,0,True,True,
testify-direct--race-cover-client,32,mini-deferred,3,False,1.0372775590512902,0.040992,0.011203,0.029789,53268480,0,True,True,
testify-direct--race-cover-client,32,mini-deferred,4,False,1.036552221979946,0.039006,0.016108,0.022898,50495488,0,True,True,
testify-direct--race-cover-client,32,mini,4,False,1.038687246851623,0.043433,0.019425,0.024007,54419456,0,True,True,
testify-direct--cover-testing,4,mini,-1,True,0.03554068901576102,0.038939,0.016068,0.02287,23564288,0,True,True,
testify-direct--cover-testing,4,mini-deferred,-1,True,0.0368623489048332,0.038574,0.012958,0.025615,21487616,0,True,True,
testify-direct--cover-testing,4,mini-deferred,0,False,0.03703955002129078,0.038365,0.015228,0.023137,23425024,0,True,True,
testify-direct--cover-testing,4,mini,0,False,0.035428337985649705,0.039505,0.013272,0.026233,25980928,0,True,True,
testify-direct--cover-testing,4,mini,1,False,0.036484829150140285,0.041013,0.011677,0.029337,23388160,0,True,True,
testify-direct--cover-testing,4,mini-deferred,1,False,0.03681268892250955,0.038982,0.012123,0.026858,23031808,0,True,True,
testify-direct--cover-testing,4,mini-deferred,2,False,0.03686830005608499,0.039289,0.016899,0.022391,23523328,0,True,True,
testify-direct--cover-testing,4,mini,2,False,0.03597514797002077,0.040167,0.016481,0.023685,22011904,0,True,True,
testify-direct--cover-testing,4,mini,3,False,0.035444448003545403,0.039217,0.011818,0.027399,21671936,0,True,True,
testify-direct--cover-testing,4,mini-deferred,3,False,0.03793861111626029,0.039948,0.009179,0.030769,21438464,0,True,True,
testify-direct--cover-testing,4,mini-deferred,4,False,0.036914829863235354,0.039029,0.017765,0.021264,22749184,0,True,True,
testify-direct--cover-testing,4,mini,4,False,0.03472149698063731,0.039169,0.017468,0.0217,21438464,0,True,True,
testify-direct--cover-testing,32,mini,-1,True,0.03913202113471925,0.04622,0.0218,0.024421,28155904,0,True,True,
testify-direct--cover-testing,32,mini-deferred,-1,True,0.04146830411627889,0.045555,0.018873,0.026683,27127808,0,True,True,
testify-direct--cover-testing,32,mini-deferred,0,False,0.04047528188675642,0.045452,0.015827,0.029625,25034752,0,True,True,
testify-direct--cover-testing,32,mini,0,False,0.03961476217955351,0.047066,0.020145,0.026921,27267072,0,True,True,
testify-direct--cover-testing,32,mini,1,False,0.03795524989254773,0.046028,0.010035,0.035992,26976256,0,True,True,
testify-direct--cover-testing,32,mini-deferred,1,False,0.04024164192378521,0.045505,0.014435,0.031071,27029504,0,True,True,
testify-direct--cover-testing,32,mini-deferred,2,False,0.040662643034011126,0.045743,0.015434,0.030308,26189824,0,True,True,
testify-direct--cover-testing,32,mini,2,False,0.0377416699193418,0.044849,0.018193,0.026657,26525696,0,True,True,
testify-direct--cover-testing,32,mini,3,False,0.038021309999749064,0.045326,0.018712,0.026613,24543232,0,True,True,
testify-direct--cover-testing,32,mini-deferred,3,False,0.04060970316641033,0.046105,0.012162,0.033942,26984448,0,True,True,
testify-direct--cover-testing,32,mini-deferred,4,False,0.040670742047950625,0.045581,0.027853,0.017728,24924160,0,True,True,
testify-direct--cover-testing,32,mini,4,False,0.03796129091642797,0.045773,0.022801,0.022973,24489984,0,True,True,
testify-direct--race-cover-testing,4,mini,-1,True,1.0757292911875993,0.08975,0.059555,0.030196,51236864,0,True,True,
testify-direct--race-cover-testing,4,mini-deferred,-1,True,1.083127509104088,0.08621,0.057426,0.028784,51941376,0,True,True,
testify-direct--race-cover-testing,4,mini-deferred,0,False,1.0824177921749651,0.086121,0.056523,0.029597,52404224,0,True,True,
testify-direct--race-cover-testing,4,mini,0,False,1.0736812779214233,0.086716,0.050559,0.036157,51879936,0,True,True,
testify-direct--race-cover-testing,4,mini,1,False,1.0739679811522365,0.087876,0.049626,0.03825,52207616,0,True,True,
testify-direct--race-cover-testing,4,mini-deferred,1,False,1.0840223240666091,0.087006,0.051184,0.035823,52244480,0,True,True,
testify-direct--race-cover-testing,4,mini-deferred,2,False,1.0824871431104839,0.08566,0.059527,0.026133,51904512,0,True,True,
testify-direct--race-cover-testing,4,mini,2,False,1.0742440088652074,0.088564,0.049563,0.039002,51548160,0,True,True,
testify-direct--race-cover-testing,4,mini,3,False,1.0734143638983369,0.087358,0.054,0.033359,51974144,0,True,True,
testify-direct--race-cover-testing,4,mini-deferred,3,False,1.0835585941094905,0.087196,0.057291,0.029904,51924992,0,True,True,
testify-direct--race-cover-testing,4,mini-deferred,4,False,1.0835181979928166,0.086394,0.055683,0.030711,52404224,0,True,True,
testify-direct--race-cover-testing,4,mini,4,False,1.0745654520578682,0.08822,0.057349,0.030872,54022144,0,True,True,
testify-direct--race-cover-testing,32,mini,-1,True,1.0817311140708625,0.101638,0.0684,0.033237,61177856,0,True,True,
testify-direct--race-cover-testing,32,mini-deferred,-1,True,1.0907817960251123,0.096789,0.058339,0.038449,57925632,0,True,True,
testify-direct--race-cover-testing,32,mini-deferred,0,False,1.0907773301005363,0.097428,0.058117,0.03931,59752448,0,True,True,
testify-direct--race-cover-testing,32,mini,0,False,1.0814314540475607,0.099951,0.055244,0.044707,59133952,0,True,True,
testify-direct--race-cover-testing,32,mini,1,False,1.0806844048202038,0.098587,0.060127,0.038459,58593280,0,True,True,
testify-direct--race-cover-testing,32,mini-deferred,1,False,1.08882309589535,0.094812,0.061678,0.033134,56737792,0,True,True,
testify-direct--race-cover-testing,32,mini-deferred,2,False,1.089061610167846,0.096521,0.06071,0.035811,58851328,0,True,True,
testify-direct--race-cover-testing,32,mini,2,False,1.0829552670475096,0.102741,0.067078,0.035664,59420672,0,True,True,
testify-direct--race-cover-testing,32,mini,3,False,1.0818762688431889,0.099048,0.054093,0.044955,61456384,0,True,True,
testify-direct--race-cover-testing,32,mini-deferred,3,False,1.0922578410245478,0.097694,0.056468,0.041226,58212352,0,True,True,
testify-direct--race-cover-testing,32,mini-deferred,4,False,1.0900348729919642,0.097513,0.056962,0.04055,60624896,0,True,True,
testify-direct--race-cover-testing,32,mini,4,False,1.0800373759120703,0.097747,0.066611,0.031136,60567552,0,True,True,
testify-external--normal,4,mini,-1,True,0.010374999139457941,0.011719,0.002743,0.008975,18165760,0,True,True,
testify-external--normal,4,mini-deferred,-1,True,0.010059518972411752,0.010988,0.002715,0.008274,18427904,0,True,True,
testify-external--normal,4,mini-deferred,0,False,0.010062768822535872,0.011702,0.006551,0.005151,17985536,0,True,True,
testify-external--normal,4,mini,0,False,0.00948232808150351,0.010674,0.005544,0.005129,15831040,0,True,True,
testify-external--normal,4,mini,1,False,0.009995638858526945,0.011611,0.00623,0.00538,17829888,0,True,True,
testify-external--normal,4,mini-deferred,1,False,0.009878587909042835,0.011408,0.006012,0.005397,17879040,0,True,True,
testify-external--normal,4,mini-deferred,2,False,0.01023682882077992,0.01096,0.005732,0.005228,17821696,0,True,True,
testify-external--normal,4,mini,2,False,0.009618178009986877,0.011193,0.003195,0.007997,16248832,0,True,True,
testify-external--normal,4,mini,3,False,0.01004668790847063,0.011727,0.003547,0.008179,18976768,0,True,True,
testify-external--normal,4,mini-deferred,3,False,0.009777749190106988,0.010916,0.0014,0.009517,17911808,0,True,True,
testify-external--normal,4,mini-deferred,4,False,0.009614519076421857,0.010835,0.002691,0.008144,18182144,0,True,True,
testify-external--normal,4,mini,4,False,0.009660397889092565,0.010821,0.006608,0.004213,20176896,0,True,True,
testify-external--normal,32,mini,-1,True,0.011249349918216467,0.012971,0.004693,0.008278,19869696,0,True,True,
testify-external--normal,32,mini-deferred,-1,True,0.010422289138659835,0.011772,0.006852,0.00492,19460096,0,True,True,
testify-external--normal,32,mini-deferred,0,False,0.010653929086402059,0.011699,0.003456,0.008244,19714048,0,True,True,
testify-external--normal,32,mini,0,False,0.011058720061555505,0.012941,0.004676,0.008265,19587072,0,True,True,
testify-external--normal,32,mini,1,False,0.011254239827394485,0.013061,0.003448,0.009613,21135360,0,True,True,
testify-external--normal,32,mini-deferred,1,False,0.011201350018382072,0.012761,0.007314,0.005448,18464768,0,True,True,
testify-external--normal,32,mini-deferred,2,False,0.010180318960919976,0.012159,0.002762,0.009397,18964480,0,True,True,
testify-external--normal,32,mini,2,False,0.010852439096197486,0.012818,0.006928,0.00589,19816448,0,True,True,
testify-external--normal,32,mini,3,False,0.011353049892932177,0.012768,0.004367,0.008401,21598208,0,True,True,
testify-external--normal,32,mini-deferred,3,False,0.010564879048615694,0.011522,0.002428,0.009093,18657280,0,True,True,
testify-external--normal,32,mini-deferred,4,False,0.011131530161947012,0.012162,0.009005,0.003157,19283968,0,True,True,
testify-external--normal,32,mini,4,False,0.011009388836100698,0.012636,0.003853,0.008782,18731008,0,True,True,
testify-external--race,4,mini,-1,True,1.0225253149401397,0.023833,0.011546,0.012287,45555712,0,True,True,
testify-external--race,4,mini-deferred,-1,True,1.0222179789561778,0.023082,0.012551,0.010532,44838912,0,True,True,
testify-external--race,4,mini-deferred,0,False,1.0220807420555502,0.023735,0.012315,0.01142,42450944,0,True,True,
testify-external--race,4,mini,0,False,1.0224057650193572,0.024467,0.012685,0.011782,45260800,0,True,True,
testify-external--race,4,mini,1,False,1.021871856879443,0.023811,0.011937,0.011874,44724224,0,True,True,
testify-external--race,4,mini-deferred,1,False,1.0224501290358603,0.023943,0.014335,0.009608,44740608,0,True,True,
testify-external--race,4,mini-deferred,2,False,1.0225614830851555,0.024057,0.009295,0.014761,43212800,0,True,True,
testify-external--race,4,mini,2,False,1.0225455549079925,0.023997,0.009499,0.014499,45780992,0,True,True,
testify-external--race,4,mini,3,False,1.0234114089980721,0.024999,0.011112,0.013887,45002752,0,True,True,
testify-external--race,4,mini-deferred,3,False,1.0220186589285731,0.023873,0.011514,0.012359,44744704,0,True,True,
testify-external--race,4,mini-deferred,4,False,1.0218328619375825,0.023159,0.011874,0.011285,42184704,0,True,True,
testify-external--race,4,mini,4,False,1.021982093108818,0.02334,0.011996,0.011344,44466176,0,True,True,
testify-external--race,32,mini,-1,True,1.023794953012839,0.02621,0.01353,0.012679,47456256,0,True,True,
testify-external--race,32,mini-deferred,-1,True,1.0245266060810536,0.02632,0.010873,0.015447,47218688,0,True,True,
testify-external--race,32,mini-deferred,0,False,1.0228423648513854,0.025201,0.010288,0.014914,46723072,0,True,True,
testify-external--race,32,mini,0,False,1.0240938200149685,0.025741,0.008557,0.017184,46927872,0,True,True,
testify-external--race,32,mini,1,False,1.0241239829920232,0.026215,0.012408,0.013807,47808512,0,True,True,
testify-external--race,32,mini-deferred,1,False,1.0243988859001547,0.026337,0.009935,0.016402,46145536,0,True,True,
testify-external--race,32,mini-deferred,2,False,1.0239370469935238,0.026136,0.0071,0.019036,46702592,0,True,True,
testify-external--race,32,mini,2,False,1.0242751489859074,0.026755,0.012288,0.014467,47431680,0,True,True,
testify-external--race,32,mini,3,False,1.0243403518106788,0.026311,0.011316,0.014996,47038464,0,True,True,
testify-external--race,32,mini-deferred,3,False,1.0241314540617168,0.02608,0.009968,0.016112,44417024,0,True,True,
testify-external--race,32,mini-deferred,4,False,1.0242259679362178,0.026656,0.010328,0.016328,47517696,0,True,True,
testify-external--race,32,mini,4,False,1.0246671710629016,0.027055,0.013132,0.013922,47804416,0,True,True,
testify-external--cover,4,mini,-1,True,0.010659789899364114,0.012081,0.005767,0.006313,18108416,0,True,True,
testify-external--cover,4,mini-deferred,-1,True,0.010469960048794746,0.011758,0.00515,0.006608,18149376,0,True,True,
testify-external--cover,4,mini-deferred,0,False,0.010501420125365257,0.011275,0.005321,0.005954,18001920,0,True,True,
testify-external--cover,4,mini,0,False,0.010657870210707188,0.011972,0.006598,0.005373,18161664,0,True,True,
testify-external--cover,4,mini,1,False,0.010314470157027245,0.011097,0.006332,0.004765,18100224,0,True,True,
testify-external--cover,4,mini-deferred,1,False,0.0105254000518471,0.011936,0.00107,0.010866,18321408,0,True,True,
testify-external--cover,4,mini-deferred,2,False,0.010195069946348667,0.011438,0.001333,0.010106,18309120,0,True,True,
testify-external--cover,4,mini,2,False,0.010401049861684442,0.012042,0.007783,0.004259,18284544,0,True,True,
testify-external--cover,4,mini,3,False,0.01086273998953402,0.012476,0.005177,0.007299,17911808,0,True,True,
testify-external--cover,4,mini-deferred,3,False,0.010332480072975159,0.01172,0.006824,0.004896,18366464,0,True,True,
testify-external--cover,4,mini-deferred,4,False,0.009930128930136561,0.011146,0.005841,0.005306,16023552,0,True,True,
testify-external--cover,4,mini,4,False,0.01019037002697587,0.01114,0.001519,0.009621,18026496,0,True,True,
testify-external--cover,32,mini,-1,True,0.011937481118366122,0.013837,0.005648,0.00819,18513920,0,True,True,
testify-external--cover,32,mini-deferred,-1,True,0.01194356195628643,0.012969,0.003677,0.009292,20000768,0,True,True,
testify-external--cover,32,mini-deferred,0,False,0.011502820998430252,0.013451,0.006369,0.007082,18616320,0,True,True,
testify-external--cover,32,mini,0,False,0.011457840912044048,0.013239,0.005555,0.007684,18534400,0,True,True,
testify-external--cover,32,mini,1,False,0.012591751990839839,0.013689,0.006372,0.007316,21155840,0,True,True,
testify-external--cover,32,mini-deferred,1,False,0.011552471201866865,0.013355,0.006314,0.007041,19603456,0,True,True,
testify-external--cover,32,mini-deferred,2,False,0.011307941051200032,0.013185,0.001582,0.011603,18644992,0,True,True,
testify-external--cover,32,mini,2,False,0.012155531905591488,0.0133,0.005013,0.008287,21299200,0,True,True,
testify-external--cover,32,mini,3,False,0.012097971979528666,0.013223,0.00487,0.008353,19738624,0,True,True,
testify-external--cover,32,mini-deferred,3,False,0.010845650918781757,0.012138,0.004169,0.007969,18587648,0,True,True,
testify-external--cover,32,mini-deferred,4,False,0.011745171854272485,0.013905,0.007738,0.006168,19034112,0,True,True,
testify-external--cover,32,mini,4,False,0.011570301139727235,0.013362,0.00271,0.010652,19222528,0,True,True,
testify-external--cover-client,4,mini,-1,True,0.022403091890737414,0.023352,0.009601,0.013751,23277568,0,True,True,
testify-external--cover-client,4,mini-deferred,-1,True,0.020146530121564865,0.021097,0.007257,0.01384,25165824,0,True,True,
testify-external--cover-client,4,mini-deferred,0,False,0.019891659962013364,0.020549,0.00939,0.011159,21106688,0,True,True,
testify-external--cover-client,4,mini,0,False,0.0200969900470227,0.021714,0.004034,0.01768,22802432,0,True,True,
testify-external--cover-client,4,mini,1,False,0.020528239896520972,0.021896,0.008033,0.013863,25071616,0,True,True,
testify-external--cover-client,4,mini-deferred,1,False,0.019749930128455162,0.020934,0.007174,0.01376,21278720,0,True,True,
testify-external--cover-client,4,mini-deferred,2,False,0.020032390020787716,0.021671,0.011134,0.010536,25444352,0,True,True,
testify-external--cover-client,4,mini,2,False,0.01968047907575965,0.021844,0.005064,0.01678,25448448,0,True,True,
testify-external--cover-client,4,mini,3,False,0.02015708014369011,0.021137,0.007202,0.013935,25096192,0,True,True,
testify-external--cover-client,4,mini-deferred,3,False,0.020182030042633414,0.021698,0.007883,0.013814,23629824,0,True,True,
testify-external--cover-client,4,mini-deferred,4,False,0.0207846499979496,0.022106,0.012803,0.009304,22814720,0,True,True,
testify-external--cover-client,4,mini,4,False,0.019500948954373598,0.021326,0.005162,0.016164,21168128,0,True,True,
testify-external--cover-client,32,mini,-1,True,0.02228582208044827,0.026734,0.013585,0.013149,26808320,0,True,True,
testify-external--cover-client,32,mini-deferred,-1,True,0.022252061869949102,0.023566,0.006872,0.016695,26685440,0,True,True,
testify-external--cover-client,32,mini-deferred,0,False,0.020770011004060507,0.02258,0.009622,0.012957,24240128,0,True,True,
testify-external--cover-client,32,mini,0,False,0.022228762041777372,0.027407,0.007591,0.019816,24858624,0,True,True,
testify-external--cover-client,32,mini,1,False,0.022204132052138448,0.027731,0.01243,0.015301,27750400,0,True,True,
testify-external--cover-client,32,mini-deferred,1,False,0.02185932081192732,0.024105,0.00823,0.015874,27254784,0,True,True,
testify-external--cover-client,32,mini-deferred,2,False,0.020577479852363467,0.022329,0.008677,0.013653,26243072,0,True,True,
testify-external--cover-client,32,mini,2,False,0.022541651967912912,0.027513,0.010396,0.017118,30085120,0,True,True,
testify-external--cover-client,32,mini,3,False,0.021606991067528725,0.023231,0.006703,0.016528,26456064,0,True,True,
testify-external--cover-client,32,mini-deferred,3,False,0.021440780954435468,0.023546,0.009152,0.014394,24477696,0,True,True,
testify-external--cover-client,32,mini-deferred,4,False,0.02220302214846015,0.024024,0.00764,0.016384,26877952,0,True,True,
testify-external--cover-client,32,mini,4,False,0.02219219203107059,0.026563,0.006966,0.019597,27009024,0,True,True,
testify-external--race-cover-client,4,mini,-1,True,1.0334590040147305,0.035684,0.016348,0.019335,47349760,0,True,True,
testify-external--race-cover-client,4,mini-deferred,-1,True,1.0338220670819283,0.034834,0.016262,0.018573,47960064,0,True,True,
testify-external--race-cover-client,4,mini-deferred,0,False,1.034562319982797,0.035971,0.018697,0.017274,45871104,0,True,True,
testify-external--race-cover-client,4,mini,0,False,1.0342381028458476,0.036801,0.013728,0.023074,46989312,0,True,True,
testify-external--race-cover-client,4,mini,1,False,1.0338973831385374,0.035381,0.015337,0.020044,47349760,0,True,True,
testify-external--race-cover-client,4,mini-deferred,1,False,1.0342363470699638,0.036252,0.017817,0.018435,47341568,0,True,True,
testify-external--race-cover-client,4,mini-deferred,2,False,1.0343631890136749,0.036029,0.020129,0.0159,46198784,0,True,True,
testify-external--race-cover-client,4,mini,2,False,1.0334764798171818,0.035485,0.016105,0.019379,47087616,0,True,True,
testify-external--race-cover-client,4,mini,3,False,1.033647021977231,0.03556,0.018462,0.017097,47955968,0,True,True,
testify-external--race-cover-client,4,mini-deferred,3,False,1.0349378159735352,0.03605,0.015796,0.020254,46751744,0,True,True,
testify-external--race-cover-client,4,mini-deferred,4,False,1.0337556158192456,0.036081,0.015736,0.020346,48009216,0,True,True,
testify-external--race-cover-client,4,mini,4,False,1.0341753289103508,0.036136,0.016794,0.019343,47345664,0,True,True,
testify-external--race-cover-client,32,mini,-1,True,1.0388233398552984,0.044473,0.019364,0.025109,54476800,0,True,True,
testify-external--race-cover-client,32,mini-deferred,-1,True,1.0384891431313008,0.04371,0.018363,0.025347,54665216,0,True,True,
testify-external--race-cover-client,32,mini-deferred,0,False,1.0393502251245081,0.044287,0.016226,0.028061,50765824,0,True,True,
testify-external--race-cover-client,32,mini,0,False,1.0389204781968147,0.044329,0.0158,0.028529,54108160,0,True,True,
testify-external--race-cover-client,32,mini,1,False,1.03876415011473,0.043666,0.022243,0.021424,53436416,0,True,True,
testify-external--race-cover-client,32,mini-deferred,1,False,1.0379536210093647,0.042659,0.018469,0.024191,52822016,0,True,True,
testify-external--race-cover-client,32,mini-deferred,2,False,1.038590586045757,0.04376,0.013568,0.030193,53997568,0,True,True,
testify-external--race-cover-client,32,mini,2,False,1.0392234078608453,0.044623,0.02364,0.020983,54886400,0,True,True,
testify-external--race-cover-client,32,mini,3,False,1.0383803888689727,0.043954,0.020787,0.023166,60928000,0,True,True,
testify-external--race-cover-client,32,mini-deferred,3,False,1.038525901036337,0.042891,0.021037,0.021854,53317632,0,True,True,
testify-external--race-cover-client,32,mini-deferred,4,False,1.0393909469712526,0.043236,0.021323,0.021913,54280192,0,True,True,
testify-external--race-cover-client,32,mini,4,False,1.0382905560545623,0.043323,0.020734,0.022588,53174272,0,True,True,
testify-external--cover-testing,4,mini,-1,True,0.036353718023747206,0.03921,0.016495,0.022715,22982656,0,True,True,
testify-external--cover-testing,4,mini-deferred,-1,True,0.03675722912885249,0.038761,0.017095,0.021667,23367680,0,True,True,
testify-external--cover-testing,4,mini-deferred,0,False,0.036886359099298716,0.038161,0.012396,0.025765,25698304,0,True,True,
testify-external--cover-testing,4,mini,0,False,0.035743837943300605,0.039345,0.012551,0.026793,25612288,0,True,True,
testify-external--cover-testing,4,mini,1,False,0.03545017680153251,0.039748,0.012896,0.026852,25178112,0,True,True,
testify-external--cover-testing,4,mini-deferred,1,False,0.03709030896425247,0.039421,0.014833,0.024587,28102656,0,True,True,
testify-external--cover-testing,4,mini-deferred,2,False,0.03735099988989532,0.039052,0.015936,0.023115,23101440,0,True,True,
testify-external--cover-testing,4,mini,2,False,0.0361755380872637,0.040051,0.017708,0.022343,25796608,0,True,True,
testify-external--cover-testing,4,mini,3,False,0.03615154791623354,0.040576,0.02094,0.019636,22712320,0,True,True,
testify-external--cover-testing,4,mini-deferred,3,False,0.037100309040397406,0.038638,0.014526,0.024112,23638016,0,True,True,
testify-external--cover-testing,4,mini-deferred,4,False,0.03665853897109628,0.039228,0.021357,0.01787,23306240,0,True,True,
testify-external--cover-testing,4,mini,4,False,0.03595112799666822,0.039765,0.01403,0.025735,25341952,0,True,True,
testify-external--cover-testing,32,mini,-1,True,0.03867292101494968,0.045668,0.017806,0.027861,26066944,0,True,True,
testify-external--cover-testing,32,mini-deferred,-1,True,0.03997615212574601,0.045688,0.018682,0.027006,24293376,0,True,True,
testify-external--cover-testing,32,mini-deferred,0,False,0.04077418311499059,0.046332,0.016761,0.029571,27774976,0,True,True,
testify-external--cover-testing,32,mini,0,False,0.03819460002705455,0.045846,0.014849,0.030998,27000832,0,True,True,
testify-external--cover-testing,32,mini,1,False,0.038555210921913385,0.044638,0.017951,0.026687,25346048,0,True,True,
testify-external--cover-testing,32,mini-deferred,1,False,0.04161587404087186,0.047306,0.016216,0.03109,28372992,0,True,True,
testify-external--cover-testing,32,mini-deferred,2,False,0.0394675019197166,0.046022,0.015954,0.030068,27037696,0,True,True,
testify-external--cover-testing,32,mini,2,False,0.03984190197661519,0.047172,0.018862,0.02831,27484160,0,True,True,
testify-external--cover-testing,32,mini,3,False,0.038649980910122395,0.045966,0.021068,0.024898,26828800,0,True,True,
testify-external--cover-testing,32,mini-deferred,3,False,0.040413523092865944,0.045523,0.017733,0.027789,26951680,0,True,True,
testify-external--cover-testing,32,mini-deferred,4,False,0.040304793044924736,0.045651,0.019329,0.026322,28184576,0,True,True,
testify-external--cover-testing,32,mini,4,False,0.03872009087353945,0.045173,0.016688,0.028486,24981504,0,True,True,
testify-external--race-cover-testing,4,mini,-1,True,1.0744748441502452,0.088,0.053213,0.034787,52068352,0,True,True,
testify-external--race-cover-testing,4,mini-deferred,-1,True,1.0835907361470163,0.086368,0.056309,0.03006,51544064,0,True,True,
testify-external--race-cover-testing,4,mini-deferred,0,False,1.082842737203464,0.08657,0.053092,0.033478,51982336,0,True,True,
testify-external--race-cover-testing,4,mini,0,False,1.0737274310085922,0.08748,0.051867,0.035613,53415936,0,True,True,
testify-external--race-cover-testing,4,mini,1,False,1.0736771109513938,0.087959,0.053349,0.034609,51085312,0,True,True,
testify-external--race-cover-testing,4,mini-deferred,1,False,1.0829910240136087,0.08667,0.059654,0.027016,52154368,0,True,True,
testify-external--race-cover-testing,4,mini-deferred,2,False,1.0839564178604633,0.08781,0.051549,0.036261,52113408,0,True,True,
testify-external--race-cover-testing,4,mini,2,False,1.0739522899966687,0.087819,0.054874,0.032946,51798016,0,True,True,
testify-external--race-cover-testing,4,mini,3,False,1.074392091948539,0.088439,0.05463,0.033809,54087680,0,True,True,
testify-external--race-cover-testing,4,mini-deferred,3,False,1.0838937968946993,0.087781,0.05203,0.035751,54657024,0,True,True,
testify-external--race-cover-testing,4,mini-deferred,4,False,1.0843140590004623,0.087957,0.050119,0.037837,52064256,0,True,True,
testify-external--race-cover-testing,4,mini,4,False,1.0783023640979081,0.090667,0.063328,0.027339,51838976,0,True,True,
testify-external--race-cover-testing,32,mini,-1,True,1.0802013811189681,0.097658,0.056935,0.040723,59146240,0,True,True,
testify-external--race-cover-testing,32,mini-deferred,-1,True,1.0913336868397892,0.096851,0.061407,0.035444,57114624,0,True,True,
testify-external--race-cover-testing,32,mini-deferred,0,False,1.08976861811243,0.096988,0.053476,0.043512,56799232,0,True,True,
testify-external--race-cover-testing,32,mini,0,False,1.0792143079452217,0.097403,0.057062,0.04034,59400192,0,True,True,
testify-external--race-cover-testing,32,mini,1,False,1.08025041106157,0.097679,0.064574,0.033105,61739008,0,True,True,
testify-external--race-cover-testing,32,mini-deferred,1,False,1.0903025039006025,0.097112,0.060685,0.036427,57339904,0,True,True,
testify-external--race-cover-testing,32,mini-deferred,2,False,1.08888109610416,0.094665,0.057816,0.03685,56807424,0,True,True,
testify-external--race-cover-testing,32,mini,2,False,1.0802239589393139,0.100347,0.067182,0.033166,62758912,0,True,True,
testify-external--race-cover-testing,32,mini,3,False,1.079571639886126,0.099904,0.053225,0.046678,60964864,0,True,True,
testify-external--race-cover-testing,32,mini-deferred,3,False,1.090347255114466,0.09655,0.065262,0.031287,57028608,0,True,True,
testify-external--race-cover-testing,32,mini-deferred,4,False,1.0892371758818626,0.095935,0.06255,0.033386,57196544,0,True,True,
testify-external--race-cover-testing,32,mini,4,False,1.0810282689053565,0.099655,0.066355,0.033299,61632512,0,True,True,
