case,cores,phase,iteration,mode,wall_ms,cpu_ms,compile,asm,link,cover,wrapper_observed,source_sha256,log
plain,4,cold,0,current,9043.297725,29908.289,263,94,1,0,False,d824b25f8da1907c2a6b0efdaa653a853ecf8d15f80f927dc35b86625781ade6,/var/tmp/dd-ci-testing-poc-tool-strategies-20261003/matrix-final/logs/plain-4-cold-0-current.log
plain,4,cold,0,find,8994.317509,29818.036000000004,263,94,1,0,False,d824b25f8da1907c2a6b0efdaa653a853ecf8d15f80f927dc35b86625781ade6,/var/tmp/dd-ci-testing-poc-tool-strategies-20261003/matrix-final/logs/plain-4-cold-0-find.log
plain,4,cold,0,one-pass,9063.256757,30076.93,263,94,1,0,False,d824b25f8da1907c2a6b0efdaa653a853ecf8d15f80f927dc35b86625781ade6,/var/tmp/dd-ci-testing-poc-tool-strategies-20261003/matrix-final/logs/plain-4-cold-0-one-pass.log
plain,4,cold,1,find,9157.221154,29983.143,263,94,1,0,False,d824b25f8da1907c2a6b0efdaa653a853ecf8d15f80f927dc35b86625781ade6,/var/tmp/dd-ci-testing-poc-tool-strategies-20261003/matrix-final/logs/plain-4-cold-1-find.log
plain,4,cold,1,one-pass,9061.608479,30012.046000000013,263,94,1,0,False,d824b25f8da1907c2a6b0efdaa653a853ecf8d15f80f927dc35b86625781ade6,/var/tmp/dd-ci-testing-poc-tool-strategies-20261003/matrix-final/logs/plain-4-cold-1-one-pass.log
plain,4,cold,1,current,9046.344814,30006.565999999984,263,94,1,0,False,d824b25f8da1907c2a6b0efdaa653a853ecf8d15f80f927dc35b86625781ade6,/var/tmp/dd-ci-testing-poc-tool-strategies-20261003/matrix-final/logs/plain-4-cold-1-current.log
plain,4,cold,2,one-pass,9050.877869,30008.331000000006,263,94,1,0,False,d824b25f8da1907c2a6b0efdaa653a853ecf8d15f80f927dc35b86625781ade6,/var/tmp/dd-ci-testing-poc-tool-strategies-20261003/matrix-final/logs/plain-4-cold-2-one-pass.log
plain,4,cold,2,current,9108.802602,30051.918999999973,263,94,1,0,False,d824b25f8da1907c2a6b0efdaa653a853ecf8d15f80f927dc35b86625781ade6,/var/tmp/dd-ci-testing-poc-tool-strategies-20261003/matrix-final/logs/plain-4-cold-2-current.log
plain,4,cold,2,find,9107.232211,29939.957000000035,263,94,1,0,False,d824b25f8da1907c2a6b0efdaa653a853ecf8d15f80f927dc35b86625781ade6,/var/tmp/dd-ci-testing-poc-tool-strategies-20261003/matrix-final/logs/plain-4-cold-2-find.log
plain,4,unchanged,0,current,86.485924,226.54900000000922,0,0,0,0,False,d824b25f8da1907c2a6b0efdaa653a853ecf8d15f80f927dc35b86625781ade6,/var/tmp/dd-ci-testing-poc-tool-strategies-20261003/matrix-final/logs/plain-4-unchanged-0-current.log
plain,4,unchanged,0,find,88.066162,228.028000000009,0,0,0,0,False,d824b25f8da1907c2a6b0efdaa653a853ecf8d15f80f927dc35b86625781ade6,/var/tmp/dd-ci-testing-poc-tool-strategies-20261003/matrix-final/logs/plain-4-unchanged-0-find.log
plain,4,unchanged,0,one-pass,97.178542,238.6870000000023,0,0,0,0,False,d824b25f8da1907c2a6b0efdaa653a853ecf8d15f80f927dc35b86625781ade6,/var/tmp/dd-ci-testing-poc-tool-strategies-20261003/matrix-final/logs/plain-4-unchanged-0-one-pass.log
plain,4,unchanged,1,find,88.878851,221.89000000000902,0,0,0,0,False,d824b25f8da1907c2a6b0efdaa653a853ecf8d15f80f927dc35b86625781ade6,/var/tmp/dd-ci-testing-poc-tool-strategies-20261003/matrix-final/logs/plain-4-unchanged-1-find.log
plain,4,unchanged,1,one-pass,96.248993,236.65300000001466,0,0,0,0,False,d824b25f8da1907c2a6b0efdaa653a853ecf8d15f80f927dc35b86625781ade6,/var/tmp/dd-ci-testing-poc-tool-strategies-20261003/matrix-final/logs/plain-4-unchanged-1-one-pass.log
plain,4,unchanged,1,current,89.43932,229.99499999995976,0,0,0,0,False,d824b25f8da1907c2a6b0efdaa653a853ecf8d15f80f927dc35b86625781ade6,/var/tmp/dd-ci-testing-poc-tool-strategies-20261003/matrix-final/logs/plain-4-unchanged-1-current.log
plain,4,unchanged,2,one-pass,96.478183,238.40199999998646,0,0,0,0,False,d824b25f8da1907c2a6b0efdaa653a853ecf8d15f80f927dc35b86625781ade6,/var/tmp/dd-ci-testing-poc-tool-strategies-20261003/matrix-final/logs/plain-4-unchanged-2-one-pass.log
plain,4,unchanged,2,current,91.360289,228.9019999999553,0,0,0,0,False,d824b25f8da1907c2a6b0efdaa653a853ecf8d15f80f927dc35b86625781ade6,/var/tmp/dd-ci-testing-poc-tool-strategies-20261003/matrix-final/logs/plain-4-unchanged-2-current.log
plain,4,unchanged,2,find,90.35322,232.17999999999606,0,0,0,0,False,d824b25f8da1907c2a6b0efdaa653a853ecf8d15f80f927dc35b86625781ade6,/var/tmp/dd-ci-testing-poc-tool-strategies-20261003/matrix-final/logs/plain-4-unchanged-2-find.log
plain,4,unchanged,3,current,92.370738,232.14700000002964,0,0,0,0,False,d824b25f8da1907c2a6b0efdaa653a853ecf8d15f80f927dc35b86625781ade6,/var/tmp/dd-ci-testing-poc-tool-strategies-20261003/matrix-final/logs/plain-4-unchanged-3-current.log
plain,4,unchanged,3,find,88.385222,230.37500000003064,0,0,0,0,False,d824b25f8da1907c2a6b0efdaa653a853ecf8d15f80f927dc35b86625781ade6,/var/tmp/dd-ci-testing-poc-tool-strategies-20261003/matrix-final/logs/plain-4-unchanged-3-find.log
plain,4,unchanged,3,one-pass,97.161302,238.22700000000552,0,0,0,0,False,d824b25f8da1907c2a6b0efdaa653a853ecf8d15f80f927dc35b86625781ade6,/var/tmp/dd-ci-testing-poc-tool-strategies-20261003/matrix-final/logs/plain-4-unchanged-3-one-pass.log
plain,4,unchanged,4,find,86.963944,224.06400000003046,0,0,0,0,False,d824b25f8da1907c2a6b0efdaa653a853ecf8d15f80f927dc35b86625781ade6,/var/tmp/dd-ci-testing-poc-tool-strategies-20261003/matrix-final/logs/plain-4-unchanged-4-find.log
plain,4,unchanged,4,one-pass,99.033231,238.04900000001084,0,0,0,0,False,d824b25f8da1907c2a6b0efdaa653a853ecf8d15f80f927dc35b86625781ade6,/var/tmp/dd-ci-testing-poc-tool-strategies-20261003/matrix-final/logs/plain-4-unchanged-4-one-pass.log
plain,4,unchanged,4,current,87.541074,230.48299999998534,0,0,0,0,False,d824b25f8da1907c2a6b0efdaa653a853ecf8d15f80f927dc35b86625781ade6,/var/tmp/dd-ci-testing-poc-tool-strategies-20261003/matrix-final/logs/plain-4-unchanged-4-current.log
plain,4,unchanged,5,one-pass,97.171983,241.10900000000868,0,0,0,0,False,d824b25f8da1907c2a6b0efdaa653a853ecf8d15f80f927dc35b86625781ade6,/var/tmp/dd-ci-testing-poc-tool-strategies-20261003/matrix-final/logs/plain-4-unchanged-5-one-pass.log
plain,4,unchanged,5,current,89.151101,231.3579999999682,0,0,0,0,False,d824b25f8da1907c2a6b0efdaa653a853ecf8d15f80f927dc35b86625781ade6,/var/tmp/dd-ci-testing-poc-tool-strategies-20261003/matrix-final/logs/plain-4-unchanged-5-current.log
plain,4,unchanged,5,find,88.742222,227.63399999999478,0,0,0,0,False,d824b25f8da1907c2a6b0efdaa653a853ecf8d15f80f927dc35b86625781ade6,/var/tmp/dd-ci-testing-poc-tool-strategies-20261003/matrix-final/logs/plain-4-unchanged-5-find.log
plain,4,unchanged,6,current,86.655834,223.0679999999765,0,0,0,0,False,d824b25f8da1907c2a6b0efdaa653a853ecf8d15f80f927dc35b86625781ade6,/var/tmp/dd-ci-testing-poc-tool-strategies-20261003/matrix-final/logs/plain-4-unchanged-6-current.log
plain,4,unchanged,6,find,86.914124,228.94800000001325,0,0,0,0,False,d824b25f8da1907c2a6b0efdaa653a853ecf8d15f80f927dc35b86625781ade6,/var/tmp/dd-ci-testing-poc-tool-strategies-20261003/matrix-final/logs/plain-4-unchanged-6-find.log
plain,4,unchanged,6,one-pass,93.452897,237.73000000003108,0,0,0,0,False,d824b25f8da1907c2a6b0efdaa653a853ecf8d15f80f927dc35b86625781ade6,/var/tmp/dd-ci-testing-poc-tool-strategies-20261003/matrix-final/logs/plain-4-unchanged-6-one-pass.log
plain,4,edit,0,find,306.906532,476.04899999997485,2,0,1,0,False,b18c0247ee83e280e1819ad6950b12241f35b7acaf11ab9bb878ff172b07ae2d,/var/tmp/dd-ci-testing-poc-tool-strategies-20261003/matrix-final/logs/plain-4-edit-0-find.log
plain,4,edit,0,one-pass,314.829484,488.7520000000443,2,0,1,0,False,eeebad85415435cf3a1a13c13544830e3f3ba8972d59cabefbc6faa900e727b3,/var/tmp/dd-ci-testing-poc-tool-strategies-20261003/matrix-final/logs/plain-4-edit-0-one-pass.log
plain,4,edit,0,current,299.799101,469.1159999999677,2,0,1,0,False,7c7feb308c1048516793681cf69cff047058fc5c128ba18bce839c802e974f39,/var/tmp/dd-ci-testing-poc-tool-strategies-20261003/matrix-final/logs/plain-4-edit-0-current.log
plain,4,edit,1,one-pass,297.536634,478.5810000000126,2,0,1,0,False,5d876643b053b5a5bc2d2545cbd2d955592a2864fdc984a6505c31a795b90168,/var/tmp/dd-ci-testing-poc-tool-strategies-20261003/matrix-final/logs/plain-4-edit-1-one-pass.log
plain,4,edit,1,current,309.402011,485.3450000000237,2,0,1,0,False,840fc80241aa4cc445d41eaa96b3778348d4dc7f610cd752c60aad4341ded77d,/var/tmp/dd-ci-testing-poc-tool-strategies-20261003/matrix-final/logs/plain-4-edit-1-current.log
plain,4,edit,1,find,305.211366,479.67199999996876,2,0,1,0,False,124d742d147f1c7e16cef323011d2e0dd99e1f2d51c6b9f23dc9cc9a449f4e85,/var/tmp/dd-ci-testing-poc-tool-strategies-20261003/matrix-final/logs/plain-4-edit-1-find.log
plain,4,edit,2,current,311.97482,476.91000000000724,2,0,1,0,False,05729dec67ab890927c70d5b11c18472c5172742123daf9595f9a817d3eb7983,/var/tmp/dd-ci-testing-poc-tool-strategies-20261003/matrix-final/logs/plain-4-edit-2-current.log
plain,4,edit,2,find,305.587377,477.2270000000169,2,0,1,0,False,b1106252c8c2bedfd69fd9f68d2573047991dec5e07aced24784f19b9b18f7b0,/var/tmp/dd-ci-testing-poc-tool-strategies-20261003/matrix-final/logs/plain-4-edit-2-find.log
plain,4,edit,2,one-pass,306.725045,481.73600000001926,2,0,1,0,False,d56882fd72974473bd4f964a75e2bd656d441ae3c3f53e34b40347c0b20ccf38,/var/tmp/dd-ci-testing-poc-tool-strategies-20261003/matrix-final/logs/plain-4-edit-2-one-pass.log
plain,4,edit,3,find,309.376773,472.8020000000157,2,0,1,0,False,df31497258131b9e4b48991e2c98877b9c0c53bfd2e4198a48f86c9e528541c3,/var/tmp/dd-ci-testing-poc-tool-strategies-20261003/matrix-final/logs/plain-4-edit-3-find.log
plain,4,edit,3,one-pass,317.959035,483.7090000000117,2,0,1,0,False,e1c53845e3433cd2818a7393b800fc987b9ced994c6981d808dce06ae666eab9,/var/tmp/dd-ci-testing-poc-tool-strategies-20261003/matrix-final/logs/plain-4-edit-3-one-pass.log
plain,4,edit,3,current,308.323305,472.227999999987,2,0,1,0,False,73e1af9bc58dc64e79a497831378bb50aa1470c35ed7efa033c287621ebe084a,/var/tmp/dd-ci-testing-poc-tool-strategies-20261003/matrix-final/logs/plain-4-edit-3-current.log
plain,4,edit,4,one-pass,309.492155,486.3859999999818,2,0,1,0,False,459119d1fc9981c2a0cd54256340eae2249ac8f3b02388ed34b347da27ad97c5,/var/tmp/dd-ci-testing-poc-tool-strategies-20261003/matrix-final/logs/plain-4-edit-4-one-pass.log
plain,4,edit,4,current,293.659762,469.91900000003994,2,0,1,0,False,a69985d533595e163117142954c10bf4a3c52d332d1dad80b673dcbe84b98fe8,/var/tmp/dd-ci-testing-poc-tool-strategies-20261003/matrix-final/logs/plain-4-edit-4-current.log
plain,4,edit,4,find,296.970488,475.2099999999615,2,0,1,0,False,66a4920c60b8cb378d17ff22455da6ccd218e7c1d9a6ae8004ba441d0a95a2cc,/var/tmp/dd-ci-testing-poc-tool-strategies-20261003/matrix-final/logs/plain-4-edit-4-find.log
plain,4,edit,5,current,293.162763,474.1029999999924,2,0,1,0,False,f02c8d83feb4f9d0be48096fd0e1d4a5dd12b5407550c798a39e1eeb5d4aff32,/var/tmp/dd-ci-testing-poc-tool-strategies-20261003/matrix-final/logs/plain-4-edit-5-current.log
plain,4,edit,5,find,305.149821,471.19200000002337,2,0,1,0,False,61fe2bcab01d7ce03569330c1ce0d8ad79754dd95bcc2ae81920dd4776890aab,/var/tmp/dd-ci-testing-poc-tool-strategies-20261003/matrix-final/logs/plain-4-edit-5-find.log
plain,4,edit,5,one-pass,315.106361,487.2800000000481,2,0,1,0,False,677357eee1a689b919e450587f98528758925d74fb4e9ce3bc6884a1f1f3b565,/var/tmp/dd-ci-testing-poc-tool-strategies-20261003/matrix-final/logs/plain-4-edit-5-one-pass.log
plain,4,edit,6,find,313.875602,469.76699999996185,2,0,1,0,False,f862db40724b28c81338bea54bb891ca5d74d954abe9e9152378a926f96a5406,/var/tmp/dd-ci-testing-poc-tool-strategies-20261003/matrix-final/logs/plain-4-edit-6-find.log
plain,4,edit,6,one-pass,305.590642,489.8579999999981,2,0,1,0,False,efb70e6b016abf3d48486b7016491b67f5472cda4a76fa0270640fc95fe983bd,/var/tmp/dd-ci-testing-poc-tool-strategies-20261003/matrix-final/logs/plain-4-edit-6-one-pass.log
plain,4,edit,6,current,313.522384,474.92399999999435,2,0,1,0,False,89a81a9fbb91290ea7ab45db07eb1fdef76e82ab388b9c72fcc24e340339dc30,/var/tmp/dd-ci-testing-poc-tool-strategies-20261003/matrix-final/logs/plain-4-edit-6-current.log
plain,4,switch-cache,0,current,283.825416,433.39199999998357,0,0,1,0,False,d824b25f8da1907c2a6b0efdaa653a853ecf8d15f80f927dc35b86625781ade6,/var/tmp/dd-ci-testing-poc-tool-strategies-20261003/matrix-final/logs/plain-4-switch-cache-0-current.log
plain,4,switch-cache,1,find,89.600665,226.61999999998983,0,0,0,0,False,d824b25f8da1907c2a6b0efdaa653a853ecf8d15f80f927dc35b86625781ade6,/var/tmp/dd-ci-testing-poc-tool-strategies-20261003/matrix-final/logs/plain-4-switch-cache-1-find.log
plain,4,switch-cache,2,one-pass,108.383624,258.36600000003074,0,0,0,0,False,d824b25f8da1907c2a6b0efdaa653a853ecf8d15f80f927dc35b86625781ade6,/var/tmp/dd-ci-testing-poc-tool-strategies-20261003/matrix-final/logs/plain-4-switch-cache-2-one-pass.log
plain,4,switch-cache,3,current,91.175402,229.6970000000087,0,0,0,0,False,d824b25f8da1907c2a6b0efdaa653a853ecf8d15f80f927dc35b86625781ade6,/var/tmp/dd-ci-testing-poc-tool-strategies-20261003/matrix-final/logs/plain-4-switch-cache-3-current.log
assert-only,4,cold,0,current,9600.896487,31485.163000000015,272,94,1,0,False,d824b25f8da1907c2a6b0efdaa653a853ecf8d15f80f927dc35b86625781ade6,/var/tmp/dd-ci-testing-poc-tool-strategies-20261003/matrix-final/logs/assert-only-4-cold-0-current.log
assert-only,4,cold,0,find,9581.247126,31339.520999999997,272,94,1,0,False,d824b25f8da1907c2a6b0efdaa653a853ecf8d15f80f927dc35b86625781ade6,/var/tmp/dd-ci-testing-poc-tool-strategies-20261003/matrix-final/logs/assert-only-4-cold-0-find.log
assert-only,4,cold,0,one-pass,9500.385673,31333.521999999986,272,94,1,0,False,d824b25f8da1907c2a6b0efdaa653a853ecf8d15f80f927dc35b86625781ade6,/var/tmp/dd-ci-testing-poc-tool-strategies-20261003/matrix-final/logs/assert-only-4-cold-0-one-pass.log
assert-only,4,cold,1,find,9632.5797,31394.084,272,94,1,0,False,d824b25f8da1907c2a6b0efdaa653a853ecf8d15f80f927dc35b86625781ade6,/var/tmp/dd-ci-testing-poc-tool-strategies-20261003/matrix-final/logs/assert-only-4-cold-1-find.log
assert-only,4,cold,1,one-pass,9559.850482,31430.05700000001,272,94,1,0,False,d824b25f8da1907c2a6b0efdaa653a853ecf8d15f80f927dc35b86625781ade6,/var/tmp/dd-ci-testing-poc-tool-strategies-20261003/matrix-final/logs/assert-only-4-cold-1-one-pass.log
assert-only,4,cold,1,current,9466.990858,31255.77299999999,272,94,1,0,False,d824b25f8da1907c2a6b0efdaa653a853ecf8d15f80f927dc35b86625781ade6,/var/tmp/dd-ci-testing-poc-tool-strategies-20261003/matrix-final/logs/assert-only-4-cold-1-current.log
assert-only,4,cold,2,one-pass,9559.107428,31330.44200000002,272,94,1,0,False,d824b25f8da1907c2a6b0efdaa653a853ecf8d15f80f927dc35b86625781ade6,/var/tmp/dd-ci-testing-poc-tool-strategies-20261003/matrix-final/logs/assert-only-4-cold-2-one-pass.log
assert-only,4,cold,2,current,9574.385238,31392.85099999995,272,94,1,0,False,d824b25f8da1907c2a6b0efdaa653a853ecf8d15f80f927dc35b86625781ade6,/var/tmp/dd-ci-testing-poc-tool-strategies-20261003/matrix-final/logs/assert-only-4-cold-2-current.log
assert-only,4,cold,2,find,9554.277991,31385.729000000025,272,94,1,0,False,d824b25f8da1907c2a6b0efdaa653a853ecf8d15f80f927dc35b86625781ade6,/var/tmp/dd-ci-testing-poc-tool-strategies-20261003/matrix-final/logs/assert-only-4-cold-2-find.log
assert-only,4,unchanged,0,current,115.253316,283.4069999999116,0,0,0,0,False,d824b25f8da1907c2a6b0efdaa653a853ecf8d15f80f927dc35b86625781ade6,/var/tmp/dd-ci-testing-poc-tool-strategies-20261003/matrix-final/logs/assert-only-4-unchanged-0-current.log
assert-only,4,unchanged,0,find,115.689086,288.5860000000662,0,0,0,0,False,d824b25f8da1907c2a6b0efdaa653a853ecf8d15f80f927dc35b86625781ade6,/var/tmp/dd-ci-testing-poc-tool-strategies-20261003/matrix-final/logs/assert-only-4-unchanged-0-find.log
assert-only,4,unchanged,0,one-pass,101.202717,250.1379999999358,0,0,0,0,False,d824b25f8da1907c2a6b0efdaa653a853ecf8d15f80f927dc35b86625781ade6,/var/tmp/dd-ci-testing-poc-tool-strategies-20261003/matrix-final/logs/assert-only-4-unchanged-0-one-pass.log
assert-only,4,unchanged,1,find,113.418078,286.2109999999518,0,0,0,0,False,d824b25f8da1907c2a6b0efdaa653a853ecf8d15f80f927dc35b86625781ade6,/var/tmp/dd-ci-testing-poc-tool-strategies-20261003/matrix-final/logs/assert-only-4-unchanged-1-find.log
assert-only,4,unchanged,1,one-pass,98.993039,247.92200000005948,0,0,0,0,False,d824b25f8da1907c2a6b0efdaa653a853ecf8d15f80f927dc35b86625781ade6,/var/tmp/dd-ci-testing-poc-tool-strategies-20261003/matrix-final/logs/assert-only-4-unchanged-1-one-pass.log
assert-only,4,unchanged,1,current,113.037139,281.24699999999336,0,0,0,0,False,d824b25f8da1907c2a6b0efdaa653a853ecf8d15f80f927dc35b86625781ade6,/var/tmp/dd-ci-testing-poc-tool-strategies-20261003/matrix-final/logs/assert-only-4-unchanged-1-current.log
assert-only,4,unchanged,2,one-pass,101.017707,248.01700000001858,0,0,0,0,False,d824b25f8da1907c2a6b0efdaa653a853ecf8d15f80f927dc35b86625781ade6,/var/tmp/dd-ci-testing-poc-tool-strategies-20261003/matrix-final/logs/assert-only-4-unchanged-2-one-pass.log
assert-only,4,unchanged,2,current,112.496518,281.0130000000015,0,0,0,0,False,d824b25f8da1907c2a6b0efdaa653a853ecf8d15f80f927dc35b86625781ade6,/var/tmp/dd-ci-testing-poc-tool-strategies-20261003/matrix-final/logs/assert-only-4-unchanged-2-current.log
assert-only,4,unchanged,2,find,112.119859,278.92999999998835,0,0,0,0,False,d824b25f8da1907c2a6b0efdaa653a853ecf8d15f80f927dc35b86625781ade6,/var/tmp/dd-ci-testing-poc-tool-strategies-20261003/matrix-final/logs/assert-only-4-unchanged-2-find.log
assert-only,4,unchanged,3,current,109.328051,282.34000000003334,0,0,0,0,False,d824b25f8da1907c2a6b0efdaa653a853ecf8d15f80f927dc35b86625781ade6,/var/tmp/dd-ci-testing-poc-tool-strategies-20261003/matrix-final/logs/assert-only-4-unchanged-3-current.log
assert-only,4,unchanged,3,find,114.721237,288.93099999999095,0,0,0,0,False,d824b25f8da1907c2a6b0efdaa653a853ecf8d15f80f927dc35b86625781ade6,/var/tmp/dd-ci-testing-poc-tool-strategies-20261003/matrix-final/logs/assert-only-4-unchanged-3-find.log
assert-only,4,unchanged,3,one-pass,101.540926,248.7790000000416,0,0,0,0,False,d824b25f8da1907c2a6b0efdaa653a853ecf8d15f80f927dc35b86625781ade6,/var/tmp/dd-ci-testing-poc-tool-strategies-20261003/matrix-final/logs/assert-only-4-unchanged-3-one-pass.log
assert-only,4,unchanged,4,find,111.945909,283.08400000000233,0,0,0,0,False,d824b25f8da1907c2a6b0efdaa653a853ecf8d15f80f927dc35b86625781ade6,/var/tmp/dd-ci-testing-poc-tool-strategies-20261003/matrix-final/logs/assert-only-4-unchanged-4-find.log
assert-only,4,unchanged,4,one-pass,99.962108,248.0679999999893,0,0,0,0,False,d824b25f8da1907c2a6b0efdaa653a853ecf8d15f80f927dc35b86625781ade6,/var/tmp/dd-ci-testing-poc-tool-strategies-20261003/matrix-final/logs/assert-only-4-unchanged-4-one-pass.log
assert-only,4,unchanged,4,current,116.383976,288.07999999997946,0,0,0,0,False,d824b25f8da1907c2a6b0efdaa653a853ecf8d15f80f927dc35b86625781ade6,/var/tmp/dd-ci-testing-poc-tool-strategies-20261003/matrix-final/logs/assert-only-4-unchanged-4-current.log
assert-only,4,unchanged,5,one-pass,103.034866,251.6750000000485,0,0,0,0,False,d824b25f8da1907c2a6b0efdaa653a853ecf8d15f80f927dc35b86625781ade6,/var/tmp/dd-ci-testing-poc-tool-strategies-20261003/matrix-final/logs/assert-only-4-unchanged-5-one-pass.log
assert-only,4,unchanged,5,current,115.002287,281.80299999996805,0,0,0,0,False,d824b25f8da1907c2a6b0efdaa653a853ecf8d15f80f927dc35b86625781ade6,/var/tmp/dd-ci-testing-poc-tool-strategies-20261003/matrix-final/logs/assert-only-4-unchanged-5-current.log
assert-only,4,unchanged,5,find,113.708268,281.6779999999284,0,0,0,0,False,d824b25f8da1907c2a6b0efdaa653a853ecf8d15f80f927dc35b86625781ade6,/var/tmp/dd-ci-testing-poc-tool-strategies-20261003/matrix-final/logs/assert-only-4-unchanged-5-find.log
assert-only,4,unchanged,6,current,115.521646,281.1919999999333,0,0,0,0,False,d824b25f8da1907c2a6b0efdaa653a853ecf8d15f80f927dc35b86625781ade6,/var/tmp/dd-ci-testing-poc-tool-strategies-20261003/matrix-final/logs/assert-only-4-unchanged-6-current.log
assert-only,4,unchanged,6,find,114.481108,279.0819999999741,0,0,0,0,False,d824b25f8da1907c2a6b0efdaa653a853ecf8d15f80f927dc35b86625781ade6,/var/tmp/dd-ci-testing-poc-tool-strategies-20261003/matrix-final/logs/assert-only-4-unchanged-6-find.log
assert-only,4,unchanged,6,one-pass,99.827769,244.37999999997828,0,0,0,0,False,d824b25f8da1907c2a6b0efdaa653a853ecf8d15f80f927dc35b86625781ade6,/var/tmp/dd-ci-testing-poc-tool-strategies-20261003/matrix-final/logs/assert-only-4-unchanged-6-one-pass.log
assert-only,4,edit,0,find,338.270447,529.3389999999789,2,0,1,0,False,2e293a3aa745aa83a38bd0a4340232aef1f8b4b6715224addb52e9bdffb0d971,/var/tmp/dd-ci-testing-poc-tool-strategies-20261003/matrix-final/logs/assert-only-4-edit-0-find.log
assert-only,4,edit,0,one-pass,313.550215,491.1170000000169,2,0,1,0,False,f0fc1d4d410f612ea6aeaafd9c5aa935846f02710863903158e50e2cf6a6c585,/var/tmp/dd-ci-testing-poc-tool-strategies-20261003/matrix-final/logs/assert-only-4-edit-0-one-pass.log
assert-only,4,edit,0,current,346.236763,536.4349999999831,2,0,1,0,False,2e15303986b8c36ec99eb87981c416ba8725f3c0d3f69988205dce872758599e,/var/tmp/dd-ci-testing-poc-tool-strategies-20261003/matrix-final/logs/assert-only-4-edit-0-current.log
assert-only,4,edit,1,one-pass,318.800513,491.6849999999897,2,0,1,0,False,40c56c26bb4fdc3b19d889993d815ad372b8f4af76223760f649793660bdf86f,/var/tmp/dd-ci-testing-poc-tool-strategies-20261003/matrix-final/logs/assert-only-4-edit-1-one-pass.log
assert-only,4,edit,1,current,335.22817,530.8599999999615,2,0,1,0,False,e8e3fa90abac84bb4d390cea037f1da3d47e18fe07966fe066c6fc82510f4264,/var/tmp/dd-ci-testing-poc-tool-strategies-20261003/matrix-final/logs/assert-only-4-edit-1-current.log
assert-only,4,edit,1,find,335.849111,530.5870000000397,2,0,1,0,False,fa0855a6e634b6bf407e4707b45182aee14857fdca54763cf3413e7b7bb8b45d,/var/tmp/dd-ci-testing-poc-tool-strategies-20261003/matrix-final/logs/assert-only-4-edit-1-find.log
assert-only,4,edit,2,current,328.969977,531.3970000000552,2,0,1,0,False,73d865ea3a0815124de012d4e9cf695f9380e7ac862efcb220b3a8b198a491c2,/var/tmp/dd-ci-testing-poc-tool-strategies-20261003/matrix-final/logs/assert-only-4-edit-2-current.log
assert-only,4,edit,2,find,331.102615,527.5499999999482,2,0,1,0,False,254f41c6b9aa7d6564fd756edcf2a062e4bd55212f41c0e6c1cefba7f0d6363c,/var/tmp/dd-ci-testing-poc-tool-strategies-20261003/matrix-final/logs/assert-only-4-edit-2-find.log
assert-only,4,edit,2,one-pass,330.883295,504.5970000000324,2,0,1,0,False,d57bd05b4b2c57376c24cbe247f77a30930bf37a6ba3b9c72407a3dc424a602b,/var/tmp/dd-ci-testing-poc-tool-strategies-20261003/matrix-final/logs/assert-only-4-edit-2-one-pass.log
assert-only,4,edit,3,find,338.895991,541.5369999999768,2,0,1,0,False,9133229dc435d06e6804df976a9fdc7a4f367f28e76d0a1543a1337654a36f00,/var/tmp/dd-ci-testing-poc-tool-strategies-20261003/matrix-final/logs/assert-only-4-edit-3-find.log
assert-only,4,edit,3,one-pass,320.162124,501.78699999992205,2,0,1,0,False,b12c315b1cd9643f7fabeefc4bb4a4e2b41f0f403ca75ac89a6c014fe374a1df,/var/tmp/dd-ci-testing-poc-tool-strategies-20261003/matrix-final/logs/assert-only-4-edit-3-one-pass.log
assert-only,4,edit,3,current,336.382853,532.6600000001207,2,0,1,0,False,78ba03ed12e993756606ad19f5a3cbb1d08a761d83561b05684a719d831ad568,/var/tmp/dd-ci-testing-poc-tool-strategies-20261003/matrix-final/logs/assert-only-4-edit-3-current.log
assert-only,4,edit,4,one-pass,336.707293,503.6509999999481,2,0,1,0,False,3c71f3548dc65afcb7d1ab369901e3563b11486f0c3d2d856f367b0a5e35bfd2,/var/tmp/dd-ci-testing-poc-tool-strategies-20261003/matrix-final/logs/assert-only-4-edit-4-one-pass.log
assert-only,4,edit,4,current,337.543833,525.9210000000536,2,0,1,0,False,f5d3f7a12c31cf22662d4cb7d42b23e6b3a65ba3b77696ae4c2fe0ef1113a248,/var/tmp/dd-ci-testing-poc-tool-strategies-20261003/matrix-final/logs/assert-only-4-edit-4-current.log
assert-only,4,edit,4,find,330.065549,537.0439999999803,2,0,1,0,False,4021beed750b17f6ce14b3474239815bf4d35d54eed29e6b3ec5ef99b3350cc6,/var/tmp/dd-ci-testing-poc-tool-strategies-20261003/matrix-final/logs/assert-only-4-edit-4-find.log
assert-only,4,edit,5,current,341.179651,533.4050000000303,2,0,1,0,False,93da03e1613e1124ebd4a98258ede4b7f05f3e26c5b3113d74b6a08984b71a16,/var/tmp/dd-ci-testing-poc-tool-strategies-20261003/matrix-final/logs/assert-only-4-edit-5-current.log
assert-only,4,edit,5,find,332.111037,542.4059999999571,2,0,1,0,False,aa21a1a70d8dcbf65722fd15c9056128ed7c1b67c45e0c8a12a09e64596c0b2d,/var/tmp/dd-ci-testing-poc-tool-strategies-20261003/matrix-final/logs/assert-only-4-edit-5-find.log
assert-only,4,edit,5,one-pass,311.680983,501.3729999999583,2,0,1,0,False,6cb7f4063f37650c6b7285634ffd91f4ffaca176017f55a7d5263d62f2eec2f7,/var/tmp/dd-ci-testing-poc-tool-strategies-20261003/matrix-final/logs/assert-only-4-edit-5-one-pass.log
assert-only,4,edit,6,find,1236.722591,560.1259999999684,2,0,1,0,False,95054133e0a4a92d1f0aa6b34bc8c48873bdb1257acd93b412e68caf861ab018,/var/tmp/dd-ci-testing-poc-tool-strategies-20261003/matrix-final/logs/assert-only-4-edit-6-find.log
assert-only,4,edit,6,one-pass,310.370995,495.12300000000664,2,0,1,0,False,850ee4d96f648336eff1dc0b860f078128083728155a32bb62b5282d12ff2e48,/var/tmp/dd-ci-testing-poc-tool-strategies-20261003/matrix-final/logs/assert-only-4-edit-6-one-pass.log
assert-only,4,edit,6,current,339.846826,541.4500000000686,2,0,1,0,False,a7e4eeb9b6ea58863c2ed1e9bfebf490a7d4d214a039a57e1aab178b5ee4eb2c,/var/tmp/dd-ci-testing-poc-tool-strategies-20261003/matrix-final/logs/assert-only-4-edit-6-current.log
assert-only,4,switch-cache,0,current,307.062729,494.15100000001644,0,0,1,0,False,d824b25f8da1907c2a6b0efdaa653a853ecf8d15f80f927dc35b86625781ade6,/var/tmp/dd-ci-testing-poc-tool-strategies-20261003/matrix-final/logs/assert-only-4-switch-cache-0-current.log
assert-only,4,switch-cache,1,find,112.633663,279.69499999996117,0,0,0,0,False,d824b25f8da1907c2a6b0efdaa653a853ecf8d15f80f927dc35b86625781ade6,/var/tmp/dd-ci-testing-poc-tool-strategies-20261003/matrix-final/logs/assert-only-4-switch-cache-1-find.log
assert-only,4,switch-cache,2,one-pass,98.485283,248.79299999994942,0,0,0,0,False,d824b25f8da1907c2a6b0efdaa653a853ecf8d15f80f927dc35b86625781ade6,/var/tmp/dd-ci-testing-poc-tool-strategies-20261003/matrix-final/logs/assert-only-4-switch-cache-2-one-pass.log
assert-only,4,switch-cache,3,current,113.748792,284.83999999990317,0,0,0,0,False,d824b25f8da1907c2a6b0efdaa653a853ecf8d15f80f927dc35b86625781ade6,/var/tmp/dd-ci-testing-poc-tool-strategies-20261003/matrix-final/logs/assert-only-4-switch-cache-3-current.log
suite-direct,4,cold,0,current,9866.906832,32754.221000000016,274,94,1,0,True,d824b25f8da1907c2a6b0efdaa653a853ecf8d15f80f927dc35b86625781ade6,/var/tmp/dd-ci-testing-poc-tool-strategies-20261003/matrix-final/logs/suite-direct-4-cold-0-current.log
suite-direct,4,cold,0,find,9860.468244,32714.461000000043,274,94,1,0,True,d824b25f8da1907c2a6b0efdaa653a853ecf8d15f80f927dc35b86625781ade6,/var/tmp/dd-ci-testing-poc-tool-strategies-20261003/matrix-final/logs/suite-direct-4-cold-0-find.log
suite-direct,4,cold,0,one-pass,10051.202825,32835.522000000085,274,94,1,0,True,d824b25f8da1907c2a6b0efdaa653a853ecf8d15f80f927dc35b86625781ade6,/var/tmp/dd-ci-testing-poc-tool-strategies-20261003/matrix-final/logs/suite-direct-4-cold-0-one-pass.log
suite-direct,4,cold,1,find,9901.709775,32854.94900000006,274,94,1,0,True,d824b25f8da1907c2a6b0efdaa653a853ecf8d15f80f927dc35b86625781ade6,/var/tmp/dd-ci-testing-poc-tool-strategies-20261003/matrix-final/logs/suite-direct-4-cold-1-find.log
suite-direct,4,cold,1,one-pass,9860.401067,32677.153999999988,274,94,1,0,True,d824b25f8da1907c2a6b0efdaa653a853ecf8d15f80f927dc35b86625781ade6,/var/tmp/dd-ci-testing-poc-tool-strategies-20261003/matrix-final/logs/suite-direct-4-cold-1-one-pass.log
suite-direct,4,cold,1,current,9925.380249,32939.3019999999,274,94,1,0,True,d824b25f8da1907c2a6b0efdaa653a853ecf8d15f80f927dc35b86625781ade6,/var/tmp/dd-ci-testing-poc-tool-strategies-20261003/matrix-final/logs/suite-direct-4-cold-1-current.log
suite-direct,4,cold,2,one-pass,9870.957084,32807.48899999989,274,94,1,0,True,d824b25f8da1907c2a6b0efdaa653a853ecf8d15f80f927dc35b86625781ade6,/var/tmp/dd-ci-testing-poc-tool-strategies-20261003/matrix-final/logs/suite-direct-4-cold-2-one-pass.log
suite-direct,4,cold,2,current,10053.674066,33435.69499999998,274,94,1,0,True,d824b25f8da1907c2a6b0efdaa653a853ecf8d15f80f927dc35b86625781ade6,/var/tmp/dd-ci-testing-poc-tool-strategies-20261003/matrix-final/logs/suite-direct-4-cold-2-current.log
suite-direct,4,cold,2,find,9886.049277,32881.780999999944,274,94,1,0,True,d824b25f8da1907c2a6b0efdaa653a853ecf8d15f80f927dc35b86625781ade6,/var/tmp/dd-ci-testing-poc-tool-strategies-20261003/matrix-final/logs/suite-direct-4-cold-2-find.log
suite-direct,4,unchanged,0,current,120.108333,287.7559999999022,0,0,0,0,False,d824b25f8da1907c2a6b0efdaa653a853ecf8d15f80f927dc35b86625781ade6,/var/tmp/dd-ci-testing-poc-tool-strategies-20261003/matrix-final/logs/suite-direct-4-unchanged-0-current.log
suite-direct,4,unchanged,0,find,109.713647,273.03799999998546,0,0,0,0,False,d824b25f8da1907c2a6b0efdaa653a853ecf8d15f80f927dc35b86625781ade6,/var/tmp/dd-ci-testing-poc-tool-strategies-20261003/matrix-final/logs/suite-direct-4-unchanged-0-find.log
suite-direct,4,unchanged,0,one-pass,108.565147,260.7129999999529,0,0,0,0,False,d824b25f8da1907c2a6b0efdaa653a853ecf8d15f80f927dc35b86625781ade6,/var/tmp/dd-ci-testing-poc-tool-strategies-20261003/matrix-final/logs/suite-direct-4-unchanged-0-one-pass.log
suite-direct,4,unchanged,1,find,109.729446,272.9479999999853,0,0,0,0,False,d824b25f8da1907c2a6b0efdaa653a853ecf8d15f80f927dc35b86625781ade6,/var/tmp/dd-ci-testing-poc-tool-strategies-20261003/matrix-final/logs/suite-direct-4-unchanged-1-find.log
suite-direct,4,unchanged,1,one-pass,108.653057,259.20500000009383,0,0,0,0,False,d824b25f8da1907c2a6b0efdaa653a853ecf8d15f80f927dc35b86625781ade6,/var/tmp/dd-ci-testing-poc-tool-strategies-20261003/matrix-final/logs/suite-direct-4-unchanged-1-one-pass.log
suite-direct,4,unchanged,1,current,117.558594,293.8559999999484,0,0,0,0,False,d824b25f8da1907c2a6b0efdaa653a853ecf8d15f80f927dc35b86625781ade6,/var/tmp/dd-ci-testing-poc-tool-strategies-20261003/matrix-final/logs/suite-direct-4-unchanged-1-current.log
suite-direct,4,unchanged,2,one-pass,109.424567,258.5870000000625,0,0,0,0,False,d824b25f8da1907c2a6b0efdaa653a853ecf8d15f80f927dc35b86625781ade6,/var/tmp/dd-ci-testing-poc-tool-strategies-20261003/matrix-final/logs/suite-direct-4-unchanged-2-one-pass.log
suite-direct,4,unchanged,2,current,123.307461,298.15099999999006,0,0,0,0,False,d824b25f8da1907c2a6b0efdaa653a853ecf8d15f80f927dc35b86625781ade6,/var/tmp/dd-ci-testing-poc-tool-strategies-20261003/matrix-final/logs/suite-direct-4-unchanged-2-current.log
suite-direct,4,unchanged,2,find,112.550265,273.8829999998984,0,0,0,0,False,d824b25f8da1907c2a6b0efdaa653a853ecf8d15f80f927dc35b86625781ade6,/var/tmp/dd-ci-testing-poc-tool-strategies-20261003/matrix-final/logs/suite-direct-4-unchanged-2-find.log
suite-direct,4,unchanged,3,current,122.299422,297.4360000000189,0,0,0,0,False,d824b25f8da1907c2a6b0efdaa653a853ecf8d15f80f927dc35b86625781ade6,/var/tmp/dd-ci-testing-poc-tool-strategies-20261003/matrix-final/logs/suite-direct-4-unchanged-3-current.log
suite-direct,4,unchanged,3,find,110.341367,275.2389999999849,0,0,0,0,False,d824b25f8da1907c2a6b0efdaa653a853ecf8d15f80f927dc35b86625781ade6,/var/tmp/dd-ci-testing-poc-tool-strategies-20261003/matrix-final/logs/suite-direct-4-unchanged-3-find.log
suite-direct,4,unchanged,3,one-pass,106.584528,257.20800000001987,0,0,0,0,False,d824b25f8da1907c2a6b0efdaa653a853ecf8d15f80f927dc35b86625781ade6,/var/tmp/dd-ci-testing-poc-tool-strategies-20261003/matrix-final/logs/suite-direct-4-unchanged-3-one-pass.log
suite-direct,4,unchanged,4,find,111.620437,270.67699999996364,0,0,0,0,False,d824b25f8da1907c2a6b0efdaa653a853ecf8d15f80f927dc35b86625781ade6,/var/tmp/dd-ci-testing-poc-tool-strategies-20261003/matrix-final/logs/suite-direct-4-unchanged-4-find.log
suite-direct,4,unchanged,4,one-pass,108.150998,253.30299999997408,0,0,0,0,False,d824b25f8da1907c2a6b0efdaa653a853ecf8d15f80f927dc35b86625781ade6,/var/tmp/dd-ci-testing-poc-tool-strategies-20261003/matrix-final/logs/suite-direct-4-unchanged-4-one-pass.log
suite-direct,4,unchanged,4,current,123.100282,298.523999999901,0,0,0,0,False,d824b25f8da1907c2a6b0efdaa653a853ecf8d15f80f927dc35b86625781ade6,/var/tmp/dd-ci-testing-poc-tool-strategies-20261003/matrix-final/logs/suite-direct-4-unchanged-4-current.log
suite-direct,4,unchanged,5,one-pass,104.7453,255.76899999997238,0,0,0,0,False,d824b25f8da1907c2a6b0efdaa653a853ecf8d15f80f927dc35b86625781ade6,/var/tmp/dd-ci-testing-poc-tool-strategies-20261003/matrix-final/logs/suite-direct-4-unchanged-5-one-pass.log
suite-direct,4,unchanged,5,current,119.227243,291.81199999996466,0,0,0,0,False,d824b25f8da1907c2a6b0efdaa653a853ecf8d15f80f927dc35b86625781ade6,/var/tmp/dd-ci-testing-poc-tool-strategies-20261003/matrix-final/logs/suite-direct-4-unchanged-5-current.log
suite-direct,4,unchanged,5,find,109.921157,268.4919999999522,0,0,0,0,False,d824b25f8da1907c2a6b0efdaa653a853ecf8d15f80f927dc35b86625781ade6,/var/tmp/dd-ci-testing-poc-tool-strategies-20261003/matrix-final/logs/suite-direct-4-unchanged-5-find.log
suite-direct,4,unchanged,6,current,120.307553,294.4289999999654,0,0,0,0,False,d824b25f8da1907c2a6b0efdaa653a853ecf8d15f80f927dc35b86625781ade6,/var/tmp/dd-ci-testing-poc-tool-strategies-20261003/matrix-final/logs/suite-direct-4-unchanged-6-current.log
suite-direct,4,unchanged,6,find,114.196396,275.812999999971,0,0,0,0,False,d824b25f8da1907c2a6b0efdaa653a853ecf8d15f80f927dc35b86625781ade6,/var/tmp/dd-ci-testing-poc-tool-strategies-20261003/matrix-final/logs/suite-direct-4-unchanged-6-find.log
suite-direct,4,unchanged,6,one-pass,107.650199,255.96699999992722,0,0,0,0,False,d824b25f8da1907c2a6b0efdaa653a853ecf8d15f80f927dc35b86625781ade6,/var/tmp/dd-ci-testing-poc-tool-strategies-20261003/matrix-final/logs/suite-direct-4-unchanged-6-one-pass.log
suite-direct,4,edit,0,find,395.752167,627.7929999999969,2,0,1,0,True,f4202846ed12539daa0bb9d400741ef19a9c441926ddf8f3490c5c173a5e7f61,/var/tmp/dd-ci-testing-poc-tool-strategies-20261003/matrix-final/logs/suite-direct-4-edit-0-find.log
suite-direct,4,edit,0,one-pass,385.360011,608.1569999999346,2,0,1,0,True,b2be351105eb002aec67b13b2af6dc239356b01e149fd40ecda0f1d39cb12fa4,/var/tmp/dd-ci-testing-poc-tool-strategies-20261003/matrix-final/logs/suite-direct-4-edit-0-one-pass.log
suite-direct,4,edit,0,current,405.860575,632.8170000000028,2,0,1,0,True,53363ab76fc6dc866179ab9816a272259da39f93580a34f81e2c80edee09629d,/var/tmp/dd-ci-testing-poc-tool-strategies-20261003/matrix-final/logs/suite-direct-4-edit-0-current.log
suite-direct,4,edit,1,one-pass,408.480613,623.6419999999185,2,0,1,0,True,4799e10dae0fbf225969eee7a86fd6e9106fb306ef790ce59d6394144bf72336,/var/tmp/dd-ci-testing-poc-tool-strategies-20261003/matrix-final/logs/suite-direct-4-edit-1-one-pass.log
suite-direct,4,edit,1,current,397.073509,643.2110000001074,2,0,1,0,True,cd50e6d1c6cfdca704696593f6c67799df2256fde118cc6a4da640880464dd8e,/var/tmp/dd-ci-testing-poc-tool-strategies-20261003/matrix-final/logs/suite-direct-4-edit-1-current.log
suite-direct,4,edit,1,find,396.252679,625.2119999999763,2,0,1,0,True,935d7980bc8f222a56c632cfb549098ade764a5ba158a7bd6f9c253b5928f798,/var/tmp/dd-ci-testing-poc-tool-strategies-20261003/matrix-final/logs/suite-direct-4-edit-1-find.log
suite-direct,4,edit,2,current,405.557846,655.8180000000533,2,0,1,0,True,699d508de0b78525dc4ce1c4c78335f77762baa76f0d050d38791d7db83efd53,/var/tmp/dd-ci-testing-poc-tool-strategies-20261003/matrix-final/logs/suite-direct-4-edit-2-current.log
suite-direct,4,edit,2,find,387.672523,624.4409999999476,2,0,1,0,True,b06b36fc541009327be20282662851fc4cf090485e21fbccacda3189f4e4557d,/var/tmp/dd-ci-testing-poc-tool-strategies-20261003/matrix-final/logs/suite-direct-4-edit-2-find.log
suite-direct,4,edit,2,one-pass,393.330952,609.164000000078,2,0,1,0,True,c0f80e84fac2366706277d87937fc911ed8b747a60cc87a1c645c47d0112914d,/var/tmp/dd-ci-testing-poc-tool-strategies-20261003/matrix-final/logs/suite-direct-4-edit-2-one-pass.log
suite-direct,4,edit,3,find,384.712116,625.947000000096,2,0,1,0,True,59a4f29ef5da90ee4ddaf89524986cc24189eefb211a576800fef363101f9294,/var/tmp/dd-ci-testing-poc-tool-strategies-20261003/matrix-final/logs/suite-direct-4-edit-3-find.log
suite-direct,4,edit,3,one-pass,578.513154,611.5310000000846,2,0,1,0,True,969a62392ad3354bb9f0ef48dcab3c6483d3493e3e0d1cafe794cea6935a5d00,/var/tmp/dd-ci-testing-poc-tool-strategies-20261003/matrix-final/logs/suite-direct-4-edit-3-one-pass.log
suite-direct,4,edit,3,current,426.182691,662.8549999999649,2,0,1,0,True,1dbda6643d780975874725af93b299bbf5d820a79e39d8ae875887826af41bb5,/var/tmp/dd-ci-testing-poc-tool-strategies-20261003/matrix-final/logs/suite-direct-4-edit-3-current.log
suite-direct,4,edit,4,one-pass,383.654437,608.0939999999941,2,0,1,0,True,925552399632a141e3059f242475c6cf0cf57122979acac97bf9074988b115f2,/var/tmp/dd-ci-testing-poc-tool-strategies-20261003/matrix-final/logs/suite-direct-4-edit-4-one-pass.log
suite-direct,4,edit,4,current,408.834138,651.313000000016,2,0,1,0,True,dff9087bd542e6dc454c9cac8ea5e1ef5f3a8672cf16bf3ee0583be4d5b91ec1,/var/tmp/dd-ci-testing-poc-tool-strategies-20261003/matrix-final/logs/suite-direct-4-edit-4-current.log
suite-direct,4,edit,4,find,397.920393,627.9959999999818,2,0,1,0,True,909d40ee957b7aee8b3b246cec486f1b0d0971531dc518ae169ea9e753c1f872,/var/tmp/dd-ci-testing-poc-tool-strategies-20261003/matrix-final/logs/suite-direct-4-edit-4-find.log
suite-direct,4,edit,5,current,396.604374,647.9429999999411,2,0,1,0,True,9e7d6fffe03aa86973402cfefbcc05de488efdb795c800bac3edbb2fdbce7a58,/var/tmp/dd-ci-testing-poc-tool-strategies-20261003/matrix-final/logs/suite-direct-4-edit-5-current.log
suite-direct,4,edit,5,find,400.028203,620.7310000000064,2,0,1,0,True,f8c38c493fc164ce38895d9a8e9a338ca4de14b40a0604d3371a6c76452db777,/var/tmp/dd-ci-testing-poc-tool-strategies-20261003/matrix-final/logs/suite-direct-4-edit-5-find.log
suite-direct,4,edit,5,one-pass,397.809075,613.2180000000318,2,0,1,0,True,d7dcd0ecf04788fc7217eeeb622f1d823ed4bd7110ffea3ffc36c4c61827cd5d,/var/tmp/dd-ci-testing-poc-tool-strategies-20261003/matrix-final/logs/suite-direct-4-edit-5-one-pass.log
suite-direct,4,edit,6,find,390.440028,628.1319999998516,2,0,1,0,True,b9bf98d88a441a4e306665f1d316c964aae94f39dd751b44dd30f9268ef782a8,/var/tmp/dd-ci-testing-poc-tool-strategies-20261003/matrix-final/logs/suite-direct-4-edit-6-find.log
suite-direct,4,edit,6,one-pass,388.525379,608.535999999873,2,0,1,0,True,09846ccc68ab96f632076ec4cdee3bcac5973147e310286e37fe03641ebee4b1,/var/tmp/dd-ci-testing-poc-tool-strategies-20261003/matrix-final/logs/suite-direct-4-edit-6-one-pass.log
suite-direct,4,edit,6,current,395.653636,636.2339999999733,2,0,1,0,True,653ee833d5abd7e06843b4602e90cd9633c7f4eddfcdac957c4af7286cc270d9,/var/tmp/dd-ci-testing-poc-tool-strategies-20261003/matrix-final/logs/suite-direct-4-edit-6-current.log
suite-direct,4,switch-cache,0,current,350.322304,531.2769999999603,0,0,1,0,True,d824b25f8da1907c2a6b0efdaa653a853ecf8d15f80f927dc35b86625781ade6,/var/tmp/dd-ci-testing-poc-tool-strategies-20261003/matrix-final/logs/suite-direct-4-switch-cache-0-current.log
suite-direct,4,switch-cache,1,find,110.10415,274.6569999999622,0,0,0,0,False,d824b25f8da1907c2a6b0efdaa653a853ecf8d15f80f927dc35b86625781ade6,/var/tmp/dd-ci-testing-poc-tool-strategies-20261003/matrix-final/logs/suite-direct-4-switch-cache-1-find.log
suite-direct,4,switch-cache,2,one-pass,105.712002,257.12000000000046,0,0,0,0,False,d824b25f8da1907c2a6b0efdaa653a853ecf8d15f80f927dc35b86625781ade6,/var/tmp/dd-ci-testing-poc-tool-strategies-20261003/matrix-final/logs/suite-direct-4-switch-cache-2-one-pass.log
suite-direct,4,switch-cache,3,current,122.155166,293.35499999999115,0,0,0,0,False,d824b25f8da1907c2a6b0efdaa653a853ecf8d15f80f927dc35b86625781ade6,/var/tmp/dd-ci-testing-poc-tool-strategies-20261003/matrix-final/logs/suite-direct-4-switch-cache-3-current.log
suite-external-helper,4,cold,0,current,9986.303112,33046.49000000008,275,94,1,0,True,d824b25f8da1907c2a6b0efdaa653a853ecf8d15f80f927dc35b86625781ade6,/var/tmp/dd-ci-testing-poc-tool-strategies-20261003/matrix-final/logs/suite-external-helper-4-cold-0-current.log
suite-external-helper,4,cold,0,find,9918.014916,33009.31599999994,275,94,1,0,True,d824b25f8da1907c2a6b0efdaa653a853ecf8d15f80f927dc35b86625781ade6,/var/tmp/dd-ci-testing-poc-tool-strategies-20261003/matrix-final/logs/suite-external-helper-4-cold-0-find.log
suite-external-helper,4,cold,0,one-pass,9914.657311,32984.42200000008,275,94,1,0,True,d824b25f8da1907c2a6b0efdaa653a853ecf8d15f80f927dc35b86625781ade6,/var/tmp/dd-ci-testing-poc-tool-strategies-20261003/matrix-final/logs/suite-external-helper-4-cold-0-one-pass.log
suite-external-helper,4,cold,1,find,9894.144935,32811.60100000005,275,94,1,0,True,d824b25f8da1907c2a6b0efdaa653a853ecf8d15f80f927dc35b86625781ade6,/var/tmp/dd-ci-testing-poc-tool-strategies-20261003/matrix-final/logs/suite-external-helper-4-cold-1-find.log
suite-external-helper,4,cold,1,one-pass,9870.988163,32790.2,275,94,1,0,True,d824b25f8da1907c2a6b0efdaa653a853ecf8d15f80f927dc35b86625781ade6,/var/tmp/dd-ci-testing-poc-tool-strategies-20261003/matrix-final/logs/suite-external-helper-4-cold-1-one-pass.log
suite-external-helper,4,cold,1,current,9847.147475,32800.63899999999,275,94,1,0,True,d824b25f8da1907c2a6b0efdaa653a853ecf8d15f80f927dc35b86625781ade6,/var/tmp/dd-ci-testing-poc-tool-strategies-20261003/matrix-final/logs/suite-external-helper-4-cold-1-current.log
suite-external-helper,4,cold,2,one-pass,9830.949586,32760.81099999996,275,94,1,0,True,d824b25f8da1907c2a6b0efdaa653a853ecf8d15f80f927dc35b86625781ade6,/var/tmp/dd-ci-testing-poc-tool-strategies-20261003/matrix-final/logs/suite-external-helper-4-cold-2-one-pass.log
suite-external-helper,4,cold,2,current,9889.187721,32864.70799999998,275,94,1,0,True,d824b25f8da1907c2a6b0efdaa653a853ecf8d15f80f927dc35b86625781ade6,/var/tmp/dd-ci-testing-poc-tool-strategies-20261003/matrix-final/logs/suite-external-helper-4-cold-2-current.log
suite-external-helper,4,cold,2,find,9978.979922,32800.80500000005,275,94,1,0,True,d824b25f8da1907c2a6b0efdaa653a853ecf8d15f80f927dc35b86625781ade6,/var/tmp/dd-ci-testing-poc-tool-strategies-20261003/matrix-final/logs/suite-external-helper-4-cold-2-find.log
suite-external-helper,4,unchanged,0,current,121.640165,296.47700000006694,0,0,0,0,False,d824b25f8da1907c2a6b0efdaa653a853ecf8d15f80f927dc35b86625781ade6,/var/tmp/dd-ci-testing-poc-tool-strategies-20261003/matrix-final/logs/suite-external-helper-4-unchanged-0-current.log
suite-external-helper,4,unchanged,0,find,120.006546,290.00699999994595,0,0,0,0,False,d824b25f8da1907c2a6b0efdaa653a853ecf8d15f80f927dc35b86625781ade6,/var/tmp/dd-ci-testing-poc-tool-strategies-20261003/matrix-final/logs/suite-external-helper-4-unchanged-0-find.log
suite-external-helper,4,unchanged,0,one-pass,107.695787,257.7259999999342,0,0,0,0,False,d824b25f8da1907c2a6b0efdaa653a853ecf8d15f80f927dc35b86625781ade6,/var/tmp/dd-ci-testing-poc-tool-strategies-20261003/matrix-final/logs/suite-external-helper-4-unchanged-0-one-pass.log
suite-external-helper,4,unchanged,1,find,122.281015,292.88700000012113,0,0,0,0,False,d824b25f8da1907c2a6b0efdaa653a853ecf8d15f80f927dc35b86625781ade6,/var/tmp/dd-ci-testing-poc-tool-strategies-20261003/matrix-final/logs/suite-external-helper-4-unchanged-1-find.log
suite-external-helper,4,unchanged,1,one-pass,108.081847,260.7179999999687,0,0,0,0,False,d824b25f8da1907c2a6b0efdaa653a853ecf8d15f80f927dc35b86625781ade6,/var/tmp/dd-ci-testing-poc-tool-strategies-20261003/matrix-final/logs/suite-external-helper-4-unchanged-1-one-pass.log
suite-external-helper,4,unchanged,1,current,122.973285,295.56400000018357,0,0,0,0,False,d824b25f8da1907c2a6b0efdaa653a853ecf8d15f80f927dc35b86625781ade6,/var/tmp/dd-ci-testing-poc-tool-strategies-20261003/matrix-final/logs/suite-external-helper-4-unchanged-1-current.log
suite-external-helper,4,unchanged,2,one-pass,109.759217,263.3069999999407,0,0,0,0,False,d824b25f8da1907c2a6b0efdaa653a853ecf8d15f80f927dc35b86625781ade6,/var/tmp/dd-ci-testing-poc-tool-strategies-20261003/matrix-final/logs/suite-external-helper-4-unchanged-2-one-pass.log
suite-external-helper,4,unchanged,2,current,124.558156,295.403000000249,0,0,0,0,False,d824b25f8da1907c2a6b0efdaa653a853ecf8d15f80f927dc35b86625781ade6,/var/tmp/dd-ci-testing-poc-tool-strategies-20261003/matrix-final/logs/suite-external-helper-4-unchanged-2-current.log
suite-external-helper,4,unchanged,2,find,122.079695,289.06000000006316,0,0,0,0,False,d824b25f8da1907c2a6b0efdaa653a853ecf8d15f80f927dc35b86625781ade6,/var/tmp/dd-ci-testing-poc-tool-strategies-20261003/matrix-final/logs/suite-external-helper-4-unchanged-2-find.log
suite-external-helper,4,unchanged,3,current,123.246415,293.7070000000972,0,0,0,0,False,d824b25f8da1907c2a6b0efdaa653a853ecf8d15f80f927dc35b86625781ade6,/var/tmp/dd-ci-testing-poc-tool-strategies-20261003/matrix-final/logs/suite-external-helper-4-unchanged-3-current.log
suite-external-helper,4,unchanged,3,find,123.410476,297.23100000009595,0,0,0,0,False,d824b25f8da1907c2a6b0efdaa653a853ecf8d15f80f927dc35b86625781ade6,/var/tmp/dd-ci-testing-poc-tool-strategies-20261003/matrix-final/logs/suite-external-helper-4-unchanged-3-find.log
suite-external-helper,4,unchanged,3,one-pass,105.372427,257.12500000003047,0,0,0,0,False,d824b25f8da1907c2a6b0efdaa653a853ecf8d15f80f927dc35b86625781ade6,/var/tmp/dd-ci-testing-poc-tool-strategies-20261003/matrix-final/logs/suite-external-helper-4-unchanged-3-one-pass.log
suite-external-helper,4,unchanged,4,find,122.015795,291.02299999993875,0,0,0,0,False,d824b25f8da1907c2a6b0efdaa653a853ecf8d15f80f927dc35b86625781ade6,/var/tmp/dd-ci-testing-poc-tool-strategies-20261003/matrix-final/logs/suite-external-helper-4-unchanged-4-find.log
suite-external-helper,4,unchanged,4,one-pass,107.989767,257.088999999894,0,0,0,0,False,d824b25f8da1907c2a6b0efdaa653a853ecf8d15f80f927dc35b86625781ade6,/var/tmp/dd-ci-testing-poc-tool-strategies-20261003/matrix-final/logs/suite-external-helper-4-unchanged-4-one-pass.log
suite-external-helper,4,unchanged,4,current,123.469276,296.6679999998689,0,0,0,0,False,d824b25f8da1907c2a6b0efdaa653a853ecf8d15f80f927dc35b86625781ade6,/var/tmp/dd-ci-testing-poc-tool-strategies-20261003/matrix-final/logs/suite-external-helper-4-unchanged-4-current.log
suite-external-helper,4,unchanged,5,one-pass,111.058807,261.4890000000685,0,0,0,0,False,d824b25f8da1907c2a6b0efdaa653a853ecf8d15f80f927dc35b86625781ade6,/var/tmp/dd-ci-testing-poc-tool-strategies-20261003/matrix-final/logs/suite-external-helper-4-unchanged-5-one-pass.log
suite-external-helper,4,unchanged,5,current,125.720215,290.29999999994516,0,0,0,0,False,d824b25f8da1907c2a6b0efdaa653a853ecf8d15f80f927dc35b86625781ade6,/var/tmp/dd-ci-testing-poc-tool-strategies-20261003/matrix-final/logs/suite-external-helper-4-unchanged-5-current.log
suite-external-helper,4,unchanged,5,find,121.906166,290.4190000000142,0,0,0,0,False,d824b25f8da1907c2a6b0efdaa653a853ecf8d15f80f927dc35b86625781ade6,/var/tmp/dd-ci-testing-poc-tool-strategies-20261003/matrix-final/logs/suite-external-helper-4-unchanged-5-find.log
suite-external-helper,4,unchanged,6,current,121.840586,294.78000000000293,0,0,0,0,False,d824b25f8da1907c2a6b0efdaa653a853ecf8d15f80f927dc35b86625781ade6,/var/tmp/dd-ci-testing-poc-tool-strategies-20261003/matrix-final/logs/suite-external-helper-4-unchanged-6-current.log
suite-external-helper,4,unchanged,6,find,121.611226,295.7919999999774,0,0,0,0,False,d824b25f8da1907c2a6b0efdaa653a853ecf8d15f80f927dc35b86625781ade6,/var/tmp/dd-ci-testing-poc-tool-strategies-20261003/matrix-final/logs/suite-external-helper-4-unchanged-6-find.log
suite-external-helper,4,unchanged,6,one-pass,106.912548,260.10899999977255,0,0,0,0,False,d824b25f8da1907c2a6b0efdaa653a853ecf8d15f80f927dc35b86625781ade6,/var/tmp/dd-ci-testing-poc-tool-strategies-20261003/matrix-final/logs/suite-external-helper-4-unchanged-6-one-pass.log
suite-external-helper,4,edit,0,find,385.148976,595.5030000000932,2,0,1,0,True,55b113dee1929004f3afc8c3a0ed3ebc254537a74a88708e8a8693dbd9e16048,/var/tmp/dd-ci-testing-poc-tool-strategies-20261003/matrix-final/logs/suite-external-helper-4-edit-0-find.log
suite-external-helper,4,edit,0,one-pass,379.376878,556.860000000114,2,0,1,0,True,c5e5e1bbc333d432eb7c62b453a22328abc40a5acec15739cc27a2ccf776a04b,/var/tmp/dd-ci-testing-poc-tool-strategies-20261003/matrix-final/logs/suite-external-helper-4-edit-0-one-pass.log
suite-external-helper,4,edit,0,current,382.723117,596.4130000002399,2,0,1,0,True,904e1d5457dd789262fb2dc26e53957abc6d10329047c06986cca4b349a0a0a2,/var/tmp/dd-ci-testing-poc-tool-strategies-20261003/matrix-final/logs/suite-external-helper-4-edit-0-current.log
suite-external-helper,4,edit,1,one-pass,426.117633,546.7939999999487,2,0,1,0,True,894335992dc2a661cd135e60e869ac8f01faf4f818b3ac74d0b8ca6b2bd9ae0f,/var/tmp/dd-ci-testing-poc-tool-strategies-20261003/matrix-final/logs/suite-external-helper-4-edit-1-one-pass.log
suite-external-helper,4,edit,1,current,403.769176,587.6460000000634,2,0,1,0,True,fcb48b668cd44e936bfd084e195e91977c595cac0c3ec84e3080d70d3ae02265,/var/tmp/dd-ci-testing-poc-tool-strategies-20261003/matrix-final/logs/suite-external-helper-4-edit-1-current.log
suite-external-helper,4,edit,1,find,391.864378,598.7790000000928,2,0,1,0,True,efbd5a8267b9d9e3ea76234d1c272f8eb5a84c254b927249e14c9a64d2bc493c,/var/tmp/dd-ci-testing-poc-tool-strategies-20261003/matrix-final/logs/suite-external-helper-4-edit-1-find.log
suite-external-helper,4,edit,2,current,380.193199,584.8639999998966,2,0,1,0,True,f9970d975e93c9c4ed52d7762a2f2c344101ba30c2b42d5b7fbeb6c66220cba4,/var/tmp/dd-ci-testing-poc-tool-strategies-20261003/matrix-final/logs/suite-external-helper-4-edit-2-current.log
suite-external-helper,4,edit,2,find,372.30326,573.7819999999658,2,0,1,0,True,f06dc70d9f20e6fe56b2617cb58984b81ca471a942cc2933e8b340c7b6f26ee4,/var/tmp/dd-ci-testing-poc-tool-strategies-20261003/matrix-final/logs/suite-external-helper-4-edit-2-find.log
suite-external-helper,4,edit,2,one-pass,373.77337,548.1260000001953,2,0,1,0,True,f412e8365a313b9ee2a576a6507560b38843e67e9f3b0d5d0164702b6d042fa4,/var/tmp/dd-ci-testing-poc-tool-strategies-20261003/matrix-final/logs/suite-external-helper-4-edit-2-one-pass.log
suite-external-helper,4,edit,3,find,394.868208,584.7390000001553,2,0,1,0,True,6b2fd26e390985117905dbbbcea938340974ba98d6283fafa0fe2bd539e10bd0,/var/tmp/dd-ci-testing-poc-tool-strategies-20261003/matrix-final/logs/suite-external-helper-4-edit-3-find.log
suite-external-helper,4,edit,3,one-pass,364.554872,550.3889999999103,2,0,1,0,True,cd4f8f2d5e84975870cee748540f3714d546b6a821ee2be6a9c631610b9d77d3,/var/tmp/dd-ci-testing-poc-tool-strategies-20261003/matrix-final/logs/suite-external-helper-4-edit-3-one-pass.log
suite-external-helper,4,edit,3,current,384.092921,589.3609999999398,2,0,1,0,True,a45d9662d7ac135f016ec72b3ddc08815c0f5d00288ca340c80a5dffe56f2bc1,/var/tmp/dd-ci-testing-poc-tool-strategies-20261003/matrix-final/logs/suite-external-helper-4-edit-3-current.log
suite-external-helper,4,edit,4,one-pass,360.040253,553.0450000001679,2,0,1,0,True,9a6470384a9e7d239e2d7da55bb0375d1940773f4fa81ae0cb76532427cea49f,/var/tmp/dd-ci-testing-poc-tool-strategies-20261003/matrix-final/logs/suite-external-helper-4-edit-4-one-pass.log
suite-external-helper,4,edit,4,current,411.015718,594.486000000046,2,0,1,0,True,34c0e33c6c5b661950d281a7a1656081fc3ee0f29ff3300234b3db288f1681de,/var/tmp/dd-ci-testing-poc-tool-strategies-20261003/matrix-final/logs/suite-external-helper-4-edit-4-current.log
suite-external-helper,4,edit,4,find,393.519901,585.9370000001434,2,0,1,0,True,b4cd7028cdcff63e4a5f636081db45dd453e80b2a28fe1e739b7a440a75a0edc,/var/tmp/dd-ci-testing-poc-tool-strategies-20261003/matrix-final/logs/suite-external-helper-4-edit-4-find.log
suite-external-helper,4,edit,5,current,393.515561,581.5350000000876,2,0,1,0,True,31e6206acd394bb5dbd48f41e72383c442e91233ed59b13cd65e0045c8b7a0c6,/var/tmp/dd-ci-testing-poc-tool-strategies-20261003/matrix-final/logs/suite-external-helper-4-edit-5-current.log
suite-external-helper,4,edit,5,find,374.277263,585.8220000000358,2,0,1,0,True,2b8081398afa5feb31ee74f6301eda2b168c7c30ce3dcef0c18ce368037892b3,/var/tmp/dd-ci-testing-poc-tool-strategies-20261003/matrix-final/logs/suite-external-helper-4-edit-5-find.log
suite-external-helper,4,edit,5,one-pass,360.098435,550.3549999999962,2,0,1,0,True,27e9bac3de4641cf099b820069c79157d6524214bb62af1ff2f85cb6ded85afd,/var/tmp/dd-ci-testing-poc-tool-strategies-20261003/matrix-final/logs/suite-external-helper-4-edit-5-one-pass.log
suite-external-helper,4,edit,6,find,371.297334,587.765999999931,2,0,1,0,True,b25c3fdc5b06616ff284867082601d952f1dedd49f4c1b8e9977ec162fe50462,/var/tmp/dd-ci-testing-poc-tool-strategies-20261003/matrix-final/logs/suite-external-helper-4-edit-6-find.log
suite-external-helper,4,edit,6,one-pass,359.286055,551.5160000000492,2,0,1,0,True,0d9b0fc4ee69fdfe3e50e55b3aaab71be61fedaf51f290846b1ab3fcdda6d3f2,/var/tmp/dd-ci-testing-poc-tool-strategies-20261003/matrix-final/logs/suite-external-helper-4-edit-6-one-pass.log
suite-external-helper,4,edit,6,current,391.264223,590.6299999999476,2,0,1,0,True,1c4c02098b096ad4390f796c2332b6f5f4401e9a7de6d28ee50fdae46f87f720,/var/tmp/dd-ci-testing-poc-tool-strategies-20261003/matrix-final/logs/suite-external-helper-4-edit-6-current.log
suite-external-helper,4,switch-cache,0,current,354.342937,536.9390000000749,0,0,1,0,True,d824b25f8da1907c2a6b0efdaa653a853ecf8d15f80f927dc35b86625781ade6,/var/tmp/dd-ci-testing-poc-tool-strategies-20261003/matrix-final/logs/suite-external-helper-4-switch-cache-0-current.log
suite-external-helper,4,switch-cache,1,find,124.382258,291.87400000012076,0,0,0,0,False,d824b25f8da1907c2a6b0efdaa653a853ecf8d15f80f927dc35b86625781ade6,/var/tmp/dd-ci-testing-poc-tool-strategies-20261003/matrix-final/logs/suite-external-helper-4-switch-cache-1-find.log
suite-external-helper,4,switch-cache,2,one-pass,109.01772,262.3779999998135,0,0,0,0,False,d824b25f8da1907c2a6b0efdaa653a853ecf8d15f80f927dc35b86625781ade6,/var/tmp/dd-ci-testing-poc-tool-strategies-20261003/matrix-final/logs/suite-external-helper-4-switch-cache-2-one-pass.log
suite-external-helper,4,switch-cache,3,current,121.798228,292.00000000003,0,0,0,0,False,d824b25f8da1907c2a6b0efdaa653a853ecf8d15f80f927dc35b86625781ade6,/var/tmp/dd-ci-testing-poc-tool-strategies-20261003/matrix-final/logs/suite-external-helper-4-switch-cache-3-current.log
suite-client-coverage,4,cold,0,current,9992.64098,33274.990999999914,290,94,1,2,True,d824b25f8da1907c2a6b0efdaa653a853ecf8d15f80f927dc35b86625781ade6,/var/tmp/dd-ci-testing-poc-tool-strategies-20261003/matrix-final/logs/suite-client-coverage-4-cold-0-current.log
suite-client-coverage,4,cold,0,find,10017.424432,33219.12099999989,290,94,1,2,True,d824b25f8da1907c2a6b0efdaa653a853ecf8d15f80f927dc35b86625781ade6,/var/tmp/dd-ci-testing-poc-tool-strategies-20261003/matrix-final/logs/suite-client-coverage-4-cold-0-find.log
suite-client-coverage,4,cold,0,one-pass,9950.265322,33176.01400000004,290,94,1,2,True,d824b25f8da1907c2a6b0efdaa653a853ecf8d15f80f927dc35b86625781ade6,/var/tmp/dd-ci-testing-poc-tool-strategies-20261003/matrix-final/logs/suite-client-coverage-4-cold-0-one-pass.log
suite-client-coverage,4,cold,1,find,9997.162274,33114.51600000018,290,94,1,2,True,d824b25f8da1907c2a6b0efdaa653a853ecf8d15f80f927dc35b86625781ade6,/var/tmp/dd-ci-testing-poc-tool-strategies-20261003/matrix-final/logs/suite-client-coverage-4-cold-1-find.log
suite-client-coverage,4,cold,1,one-pass,10087.093156,33336.03000000002,290,94,1,2,True,d824b25f8da1907c2a6b0efdaa653a853ecf8d15f80f927dc35b86625781ade6,/var/tmp/dd-ci-testing-poc-tool-strategies-20261003/matrix-final/logs/suite-client-coverage-4-cold-1-one-pass.log
suite-client-coverage,4,cold,1,current,10051.625672,33340.08300000014,290,94,1,2,True,d824b25f8da1907c2a6b0efdaa653a853ecf8d15f80f927dc35b86625781ade6,/var/tmp/dd-ci-testing-poc-tool-strategies-20261003/matrix-final/logs/suite-client-coverage-4-cold-1-current.log
suite-client-coverage,4,cold,2,one-pass,9968.107,33247.221999999994,290,94,1,2,True,d824b25f8da1907c2a6b0efdaa653a853ecf8d15f80f927dc35b86625781ade6,/var/tmp/dd-ci-testing-poc-tool-strategies-20261003/matrix-final/logs/suite-client-coverage-4-cold-2-one-pass.log
suite-client-coverage,4,cold,2,current,10043.92594,33308.29500000007,290,94,1,2,True,d824b25f8da1907c2a6b0efdaa653a853ecf8d15f80f927dc35b86625781ade6,/var/tmp/dd-ci-testing-poc-tool-strategies-20261003/matrix-final/logs/suite-client-coverage-4-cold-2-current.log
suite-client-coverage,4,cold,2,find,10036.933923,33339.3640000001,290,94,1,2,True,d824b25f8da1907c2a6b0efdaa653a853ecf8d15f80f927dc35b86625781ade6,/var/tmp/dd-ci-testing-poc-tool-strategies-20261003/matrix-final/logs/suite-client-coverage-4-cold-2-find.log
suite-client-coverage,4,unchanged,0,current,125.454233,298.38700000019,0,0,0,0,False,d824b25f8da1907c2a6b0efdaa653a853ecf8d15f80f927dc35b86625781ade6,/var/tmp/dd-ci-testing-poc-tool-strategies-20261003/matrix-final/logs/suite-client-coverage-4-unchanged-0-current.log
suite-client-coverage,4,unchanged,0,find,112.945892,275.002000000228,0,0,0,0,False,d824b25f8da1907c2a6b0efdaa653a853ecf8d15f80f927dc35b86625781ade6,/var/tmp/dd-ci-testing-poc-tool-strategies-20261003/matrix-final/logs/suite-client-coverage-4-unchanged-0-find.log
suite-client-coverage,4,unchanged,0,one-pass,114.065382,264.0370000000587,0,0,0,0,False,d824b25f8da1907c2a6b0efdaa653a853ecf8d15f80f927dc35b86625781ade6,/var/tmp/dd-ci-testing-poc-tool-strategies-20261003/matrix-final/logs/suite-client-coverage-4-unchanged-0-one-pass.log
suite-client-coverage,4,unchanged,1,find,115.610412,272.0589999998708,0,0,0,0,False,d824b25f8da1907c2a6b0efdaa653a853ecf8d15f80f927dc35b86625781ade6,/var/tmp/dd-ci-testing-poc-tool-strategies-20261003/matrix-final/logs/suite-client-coverage-4-unchanged-1-find.log
suite-client-coverage,4,unchanged,1,one-pass,110.381162,261.5620000000263,0,0,0,0,False,d824b25f8da1907c2a6b0efdaa653a853ecf8d15f80f927dc35b86625781ade6,/var/tmp/dd-ci-testing-poc-tool-strategies-20261003/matrix-final/logs/suite-client-coverage-4-unchanged-1-one-pass.log
suite-client-coverage,4,unchanged,1,current,126.893213,296.8280000000618,0,0,0,0,False,d824b25f8da1907c2a6b0efdaa653a853ecf8d15f80f927dc35b86625781ade6,/var/tmp/dd-ci-testing-poc-tool-strategies-20261003/matrix-final/logs/suite-client-coverage-4-unchanged-1-current.log
suite-client-coverage,4,unchanged,2,one-pass,110.469752,261.641999999938,0,0,0,0,False,d824b25f8da1907c2a6b0efdaa653a853ecf8d15f80f927dc35b86625781ade6,/var/tmp/dd-ci-testing-poc-tool-strategies-20261003/matrix-final/logs/suite-client-coverage-4-unchanged-2-one-pass.log
suite-client-coverage,4,unchanged,2,current,128.396314,302.4540000001821,0,0,0,0,False,d824b25f8da1907c2a6b0efdaa653a853ecf8d15f80f927dc35b86625781ade6,/var/tmp/dd-ci-testing-poc-tool-strategies-20261003/matrix-final/logs/suite-client-coverage-4-unchanged-2-current.log
suite-client-coverage,4,unchanged,2,find,116.665732,279.0709999999592,0,0,0,0,False,d824b25f8da1907c2a6b0efdaa653a853ecf8d15f80f927dc35b86625781ade6,/var/tmp/dd-ci-testing-poc-tool-strategies-20261003/matrix-final/logs/suite-client-coverage-4-unchanged-2-find.log
suite-client-coverage,4,unchanged,3,current,126.092283,299.1350000000068,0,0,0,0,False,d824b25f8da1907c2a6b0efdaa653a853ecf8d15f80f927dc35b86625781ade6,/var/tmp/dd-ci-testing-poc-tool-strategies-20261003/matrix-final/logs/suite-client-coverage-4-unchanged-3-current.log
suite-client-coverage,4,unchanged,3,find,113.040182,274.65600000004997,0,0,0,0,False,d824b25f8da1907c2a6b0efdaa653a853ecf8d15f80f927dc35b86625781ade6,/var/tmp/dd-ci-testing-poc-tool-strategies-20261003/matrix-final/logs/suite-client-coverage-4-unchanged-3-find.log
suite-client-coverage,4,unchanged,3,one-pass,111.721772,261.37599999995587,0,0,0,0,False,d824b25f8da1907c2a6b0efdaa653a853ecf8d15f80f927dc35b86625781ade6,/var/tmp/dd-ci-testing-poc-tool-strategies-20261003/matrix-final/logs/suite-client-coverage-4-unchanged-3-one-pass.log
suite-client-coverage,4,unchanged,4,find,113.353812,277.71800000004987,0,0,0,0,False,d824b25f8da1907c2a6b0efdaa653a853ecf8d15f80f927dc35b86625781ade6,/var/tmp/dd-ci-testing-poc-tool-strategies-20261003/matrix-final/logs/suite-client-coverage-4-unchanged-4-find.log
suite-client-coverage,4,unchanged,4,one-pass,111.892332,262.4379999999178,0,0,0,0,False,d824b25f8da1907c2a6b0efdaa653a853ecf8d15f80f927dc35b86625781ade6,/var/tmp/dd-ci-testing-poc-tool-strategies-20261003/matrix-final/logs/suite-client-coverage-4-unchanged-4-one-pass.log
suite-client-coverage,4,unchanged,4,current,124.545104,297.9340000001116,0,0,0,0,False,d824b25f8da1907c2a6b0efdaa653a853ecf8d15f80f927dc35b86625781ade6,/var/tmp/dd-ci-testing-poc-tool-strategies-20261003/matrix-final/logs/suite-client-coverage-4-unchanged-4-current.log
suite-client-coverage,4,unchanged,5,one-pass,113.244112,264.5130000000506,0,0,0,0,False,d824b25f8da1907c2a6b0efdaa653a853ecf8d15f80f927dc35b86625781ade6,/var/tmp/dd-ci-testing-poc-tool-strategies-20261003/matrix-final/logs/suite-client-coverage-4-unchanged-5-one-pass.log
suite-client-coverage,4,unchanged,5,current,123.432353,300.5849999998418,0,0,0,0,False,d824b25f8da1907c2a6b0efdaa653a853ecf8d15f80f927dc35b86625781ade6,/var/tmp/dd-ci-testing-poc-tool-strategies-20261003/matrix-final/logs/suite-client-coverage-4-unchanged-5-current.log
suite-client-coverage,4,unchanged,5,find,112.617092,271.8530000001351,0,0,0,0,False,d824b25f8da1907c2a6b0efdaa653a853ecf8d15f80f927dc35b86625781ade6,/var/tmp/dd-ci-testing-poc-tool-strategies-20261003/matrix-final/logs/suite-client-coverage-4-unchanged-5-find.log
suite-client-coverage,4,unchanged,6,current,124.495114,299.3220000000463,0,0,0,0,False,d824b25f8da1907c2a6b0efdaa653a853ecf8d15f80f927dc35b86625781ade6,/var/tmp/dd-ci-testing-poc-tool-strategies-20261003/matrix-final/logs/suite-client-coverage-4-unchanged-6-current.log
suite-client-coverage,4,unchanged,6,find,116.441533,278.3359999999675,0,0,0,0,False,d824b25f8da1907c2a6b0efdaa653a853ecf8d15f80f927dc35b86625781ade6,/var/tmp/dd-ci-testing-poc-tool-strategies-20261003/matrix-final/logs/suite-client-coverage-4-unchanged-6-find.log
suite-client-coverage,4,unchanged,6,one-pass,112.149492,263.76799999994205,0,0,0,0,False,d824b25f8da1907c2a6b0efdaa653a853ecf8d15f80f927dc35b86625781ade6,/var/tmp/dd-ci-testing-poc-tool-strategies-20261003/matrix-final/logs/suite-client-coverage-4-unchanged-6-one-pass.log
suite-client-coverage,4,edit,0,find,414.954186,643.3510000000524,2,0,1,2,True,7d54d9b8ec548651d6487bb870882e2efd4b352d133bf5532ad2f6e6a4316ea4,/var/tmp/dd-ci-testing-poc-tool-strategies-20261003/matrix-final/logs/suite-client-coverage-4-edit-0-find.log
suite-client-coverage,4,edit,0,one-pass,419.993877,633.0230000000086,2,0,1,2,True,531bdccf736b307e793ebbf34550a2b904079271a6743dd3b95e3252241e8ef7,/var/tmp/dd-ci-testing-poc-tool-strategies-20261003/matrix-final/logs/suite-client-coverage-4-edit-0-one-pass.log
suite-client-coverage,4,edit,0,current,427.537728,668.7270000000467,2,0,1,2,True,237a1e43cd3cec3fc918a73c33f3465fa13a0cd78a977558a8ef6ef0fb839d7e,/var/tmp/dd-ci-testing-poc-tool-strategies-20261003/matrix-final/logs/suite-client-coverage-4-edit-0-current.log
suite-client-coverage,4,edit,1,one-pass,415.178617,627.1680000001822,2,0,1,2,True,f384c26f26011b73a0a5fafaf09bd5f5ce5e319f08d7935e00deaf948ef0adf0,/var/tmp/dd-ci-testing-poc-tool-strategies-20261003/matrix-final/logs/suite-client-coverage-4-edit-1-one-pass.log
suite-client-coverage,4,edit,1,current,427.647419,665.2570000001674,2,0,1,2,True,646afb842194942ec380f181400a2e428daa7e2ded7ab1c6496816f2bd82f6a3,/var/tmp/dd-ci-testing-poc-tool-strategies-20261003/matrix-final/logs/suite-client-coverage-4-edit-1-current.log
suite-client-coverage,4,edit,1,find,417.645408,643.508000000196,2,0,1,2,True,ff13d29ea83883567514877448d2147ef77a22928be1b6be6d6f1fed71852952,/var/tmp/dd-ci-testing-poc-tool-strategies-20261003/matrix-final/logs/suite-client-coverage-4-edit-1-find.log
suite-client-coverage,4,edit,2,current,420.554769,654.2199999998104,2,0,1,2,True,1c1b23f5b7171cb6fa9982234d198f08db1bbd2e07bef1da04fbd264ed62b39d,/var/tmp/dd-ci-testing-poc-tool-strategies-20261003/matrix-final/logs/suite-client-coverage-4-edit-2-current.log
suite-client-coverage,4,edit,2,find,399.514086,635.5960000001346,2,0,1,2,True,7e95a552049a6ca6bdd825bb5382e1517c47cebc8c22c759ff1a7c8f99530600,/var/tmp/dd-ci-testing-poc-tool-strategies-20261003/matrix-final/logs/suite-client-coverage-4-edit-2-find.log
suite-client-coverage,4,edit,2,one-pass,407.404408,636.7759999999123,2,0,1,2,True,10f11f10c7431c653dd2c587d0939cd79eb853e035400ca8a5ef5ca173695332,/var/tmp/dd-ci-testing-poc-tool-strategies-20261003/matrix-final/logs/suite-client-coverage-4-edit-2-one-pass.log
suite-client-coverage,4,edit,3,find,411.732048,640.3640000000621,2,0,1,2,True,b9968a06355ae7f59eed69d858c30934d18ab7234a9ae49a4eefe63a41787c41,/var/tmp/dd-ci-testing-poc-tool-strategies-20261003/matrix-final/logs/suite-client-coverage-4-edit-3-find.log
suite-client-coverage,4,edit,3,one-pass,418.33014,628.6009999999749,2,0,1,2,True,82f6d80fb0a64748ec6e2092158134c3ed144f4a8ece67182162f2da5e8260e2,/var/tmp/dd-ci-testing-poc-tool-strategies-20261003/matrix-final/logs/suite-client-coverage-4-edit-3-one-pass.log
suite-client-coverage,4,edit,3,current,426.261712,668.3949999998617,2,0,1,2,True,9c783029b2b31b12cc4f45062c4b2a38a397d5c4621e0a9b82c66c76428c4a8f,/var/tmp/dd-ci-testing-poc-tool-strategies-20261003/matrix-final/logs/suite-client-coverage-4-edit-3-current.log
suite-client-coverage,4,edit,4,one-pass,418.93394,630.1980000000356,2,0,1,2,True,8d60806bb2062294d9e3aa564fbf9c6861c6d4af691bd9e345e9f1af5116992e,/var/tmp/dd-ci-testing-poc-tool-strategies-20261003/matrix-final/logs/suite-client-coverage-4-edit-4-one-pass.log
suite-client-coverage,4,edit,4,current,416.047981,656.3180000000557,2,0,1,2,True,55fa18995244d8f33ffa815db9ed9edbe59bfdf232f1ad0bd5190028773cb36a,/var/tmp/dd-ci-testing-poc-tool-strategies-20261003/matrix-final/logs/suite-client-coverage-4-edit-4-current.log
suite-client-coverage,4,edit,4,find,407.185209,633.5940000001017,2,0,1,2,True,19abe5cdbf90307e08ee2db0f5c92223f03d12c78c8e0f78f0343f2463212a5c,/var/tmp/dd-ci-testing-poc-tool-strategies-20261003/matrix-final/logs/suite-client-coverage-4-edit-4-find.log
suite-client-coverage,4,edit,5,current,430.659754,655.4179999999974,2,0,1,2,True,2f6c14ed48115a5f119a9101e47d959c95e9b54d84af18c5f6f6dfe59fd5e0bc,/var/tmp/dd-ci-testing-poc-tool-strategies-20261003/matrix-final/logs/suite-client-coverage-4-edit-5-current.log
suite-client-coverage,4,edit,5,find,454.301706,650.6079999998917,2,0,1,2,True,6b4c3262338d0eef959ee4c1f3c437665c0b8fbec20dbbe2f1244a63b583d255,/var/tmp/dd-ci-testing-poc-tool-strategies-20261003/matrix-final/logs/suite-client-coverage-4-edit-5-find.log
suite-client-coverage,4,edit,5,one-pass,422.961922,632.970000000256,2,0,1,2,True,c3e4d7183027438eecee1e512f431ee48479461b6fd84390a7d163604a444b84,/var/tmp/dd-ci-testing-poc-tool-strategies-20261003/matrix-final/logs/suite-client-coverage-4-edit-5-one-pass.log
suite-client-coverage,4,edit,6,find,435.125354,654.7809999997298,2,0,1,2,True,300a396a4739f5ae0cff2ef4193294f2538be1ab098d645a56cd7b8459aa1f45,/var/tmp/dd-ci-testing-poc-tool-strategies-20261003/matrix-final/logs/suite-client-coverage-4-edit-6-find.log
suite-client-coverage,4,edit,6,one-pass,420.341064,631.6539999999975,2,0,1,2,True,5feda5772a31414367690875617593c9738e7f325c47b23058542157090cd8a1,/var/tmp/dd-ci-testing-poc-tool-strategies-20261003/matrix-final/logs/suite-client-coverage-4-edit-6-one-pass.log
suite-client-coverage,4,edit,6,current,418.935833,659.1020000001322,2,0,1,2,True,3435b136dcdeacdf61d4b15be691e183f6580fd64ef76329fdc3bd4afbe6aef1,/var/tmp/dd-ci-testing-poc-tool-strategies-20261003/matrix-final/logs/suite-client-coverage-4-edit-6-current.log
suite-client-coverage,4,switch-cache,0,current,368.241998,539.5170000001599,0,0,1,0,True,d824b25f8da1907c2a6b0efdaa653a853ecf8d15f80f927dc35b86625781ade6,/var/tmp/dd-ci-testing-poc-tool-strategies-20261003/matrix-final/logs/suite-client-coverage-4-switch-cache-0-current.log
suite-client-coverage,4,switch-cache,1,find,114.928235,272.8690000002132,0,0,0,0,False,d824b25f8da1907c2a6b0efdaa653a853ecf8d15f80f927dc35b86625781ade6,/var/tmp/dd-ci-testing-poc-tool-strategies-20261003/matrix-final/logs/suite-client-coverage-4-switch-cache-1-find.log
suite-client-coverage,4,switch-cache,2,one-pass,115.013915,264.962999999824,0,0,0,0,False,d824b25f8da1907c2a6b0efdaa653a853ecf8d15f80f927dc35b86625781ade6,/var/tmp/dd-ci-testing-poc-tool-strategies-20261003/matrix-final/logs/suite-client-coverage-4-switch-cache-2-one-pass.log
suite-client-coverage,4,switch-cache,3,current,123.165446,298.6949999999524,0,0,0,0,False,d824b25f8da1907c2a6b0efdaa653a853ecf8d15f80f927dc35b86625781ade6,/var/tmp/dd-ci-testing-poc-tool-strategies-20261003/matrix-final/logs/suite-client-coverage-4-switch-cache-3-current.log
suite-testing-coverage,4,cold,0,current,10025.919522,33375.53499999998,290,94,1,3,True,d824b25f8da1907c2a6b0efdaa653a853ecf8d15f80f927dc35b86625781ade6,/var/tmp/dd-ci-testing-poc-tool-strategies-20261003/matrix-final/logs/suite-testing-coverage-4-cold-0-current.log
suite-testing-coverage,4,cold,0,find,10036.031125,33445.60399999989,290,94,1,3,True,d824b25f8da1907c2a6b0efdaa653a853ecf8d15f80f927dc35b86625781ade6,/var/tmp/dd-ci-testing-poc-tool-strategies-20261003/matrix-final/logs/suite-testing-coverage-4-cold-0-find.log
suite-testing-coverage,4,cold,0,one-pass,10344.6393,33845.82999999998,290,94,1,3,True,d824b25f8da1907c2a6b0efdaa653a853ecf8d15f80f927dc35b86625781ade6,/var/tmp/dd-ci-testing-poc-tool-strategies-20261003/matrix-final/logs/suite-testing-coverage-4-cold-0-one-pass.log
suite-testing-coverage,4,cold,1,find,10472.088413,34496.311999999816,290,94,1,3,True,d824b25f8da1907c2a6b0efdaa653a853ecf8d15f80f927dc35b86625781ade6,/var/tmp/dd-ci-testing-poc-tool-strategies-20261003/matrix-final/logs/suite-testing-coverage-4-cold-1-find.log
suite-testing-coverage,4,cold,1,one-pass,10112.234577,33520.431999999855,290,94,1,3,True,d824b25f8da1907c2a6b0efdaa653a853ecf8d15f80f927dc35b86625781ade6,/var/tmp/dd-ci-testing-poc-tool-strategies-20261003/matrix-final/logs/suite-testing-coverage-4-cold-1-one-pass.log
suite-testing-coverage,4,cold,1,current,10076.903767,33553.931000000004,290,94,1,3,True,d824b25f8da1907c2a6b0efdaa653a853ecf8d15f80f927dc35b86625781ade6,/var/tmp/dd-ci-testing-poc-tool-strategies-20261003/matrix-final/logs/suite-testing-coverage-4-cold-1-current.log
suite-testing-coverage,4,cold,2,one-pass,10090.544085,33497.334000000024,290,94,1,3,True,d824b25f8da1907c2a6b0efdaa653a853ecf8d15f80f927dc35b86625781ade6,/var/tmp/dd-ci-testing-poc-tool-strategies-20261003/matrix-final/logs/suite-testing-coverage-4-cold-2-one-pass.log
suite-testing-coverage,4,cold,2,current,10120.664904,33526.49999999991,290,94,1,3,True,d824b25f8da1907c2a6b0efdaa653a853ecf8d15f80f927dc35b86625781ade6,/var/tmp/dd-ci-testing-poc-tool-strategies-20261003/matrix-final/logs/suite-testing-coverage-4-cold-2-current.log
suite-testing-coverage,4,cold,2,find,10086.268721,33677.15499999994,290,94,1,3,True,d824b25f8da1907c2a6b0efdaa653a853ecf8d15f80f927dc35b86625781ade6,/var/tmp/dd-ci-testing-poc-tool-strategies-20261003/matrix-final/logs/suite-testing-coverage-4-cold-2-find.log
suite-testing-coverage,4,unchanged,0,current,127.425718,303.74499999982163,0,0,0,0,False,d824b25f8da1907c2a6b0efdaa653a853ecf8d15f80f927dc35b86625781ade6,/var/tmp/dd-ci-testing-poc-tool-strategies-20261003/matrix-final/logs/suite-testing-coverage-4-unchanged-0-current.log
suite-testing-coverage,4,unchanged,0,find,119.118135,281.8349999999725,0,0,0,0,False,d824b25f8da1907c2a6b0efdaa653a853ecf8d15f80f927dc35b86625781ade6,/var/tmp/dd-ci-testing-poc-tool-strategies-20261003/matrix-final/logs/suite-testing-coverage-4-unchanged-0-find.log
suite-testing-coverage,4,unchanged,0,one-pass,115.748504,267.9389999999273,0,0,0,0,False,d824b25f8da1907c2a6b0efdaa653a853ecf8d15f80f927dc35b86625781ade6,/var/tmp/dd-ci-testing-poc-tool-strategies-20261003/matrix-final/logs/suite-testing-coverage-4-unchanged-0-one-pass.log
suite-testing-coverage,4,unchanged,1,find,115.099973,283.4960000000706,0,0,0,0,False,d824b25f8da1907c2a6b0efdaa653a853ecf8d15f80f927dc35b86625781ade6,/var/tmp/dd-ci-testing-poc-tool-strategies-20261003/matrix-final/logs/suite-testing-coverage-4-unchanged-1-find.log
suite-testing-coverage,4,unchanged,1,one-pass,115.677694,269.4389999999487,0,0,0,0,False,d824b25f8da1907c2a6b0efdaa653a853ecf8d15f80f927dc35b86625781ade6,/var/tmp/dd-ci-testing-poc-tool-strategies-20261003/matrix-final/logs/suite-testing-coverage-4-unchanged-1-one-pass.log
suite-testing-coverage,4,unchanged,1,current,130.681469,309.70200000010095,0,0,0,0,False,d824b25f8da1907c2a6b0efdaa653a853ecf8d15f80f927dc35b86625781ade6,/var/tmp/dd-ci-testing-poc-tool-strategies-20261003/matrix-final/logs/suite-testing-coverage-4-unchanged-1-current.log
suite-testing-coverage,4,unchanged,2,one-pass,120.038145,271.19699999991553,0,0,0,0,False,d824b25f8da1907c2a6b0efdaa653a853ecf8d15f80f927dc35b86625781ade6,/var/tmp/dd-ci-testing-poc-tool-strategies-20261003/matrix-final/logs/suite-testing-coverage-4-unchanged-2-one-pass.log
suite-testing-coverage,4,unchanged,2,current,129.403898,302.69800000024816,0,0,0,0,False,d824b25f8da1907c2a6b0efdaa653a853ecf8d15f80f927dc35b86625781ade6,/var/tmp/dd-ci-testing-poc-tool-strategies-20261003/matrix-final/logs/suite-testing-coverage-4-unchanged-2-current.log
suite-testing-coverage,4,unchanged,2,find,117.175205,278.41300000011415,0,0,0,0,False,d824b25f8da1907c2a6b0efdaa653a853ecf8d15f80f927dc35b86625781ade6,/var/tmp/dd-ci-testing-poc-tool-strategies-20261003/matrix-final/logs/suite-testing-coverage-4-unchanged-2-find.log
suite-testing-coverage,4,unchanged,3,current,129.052478,305.87199999990844,0,0,0,0,False,d824b25f8da1907c2a6b0efdaa653a853ecf8d15f80f927dc35b86625781ade6,/var/tmp/dd-ci-testing-poc-tool-strategies-20261003/matrix-final/logs/suite-testing-coverage-4-unchanged-3-current.log
suite-testing-coverage,4,unchanged,3,find,115.966415,280.45399999996334,0,0,0,0,False,d824b25f8da1907c2a6b0efdaa653a853ecf8d15f80f927dc35b86625781ade6,/var/tmp/dd-ci-testing-poc-tool-strategies-20261003/matrix-final/logs/suite-testing-coverage-4-unchanged-3-find.log
suite-testing-coverage,4,unchanged,3,one-pass,114.179264,268.8089999999761,0,0,0,0,False,d824b25f8da1907c2a6b0efdaa653a853ecf8d15f80f927dc35b86625781ade6,/var/tmp/dd-ci-testing-poc-tool-strategies-20261003/matrix-final/logs/suite-testing-coverage-4-unchanged-3-one-pass.log
suite-testing-coverage,4,unchanged,4,find,116.235465,284.7650000000783,0,0,0,0,False,d824b25f8da1907c2a6b0efdaa653a853ecf8d15f80f927dc35b86625781ade6,/var/tmp/dd-ci-testing-poc-tool-strategies-20261003/matrix-final/logs/suite-testing-coverage-4-unchanged-4-find.log
suite-testing-coverage,4,unchanged,4,one-pass,113.715474,270.59999999988804,0,0,0,0,False,d824b25f8da1907c2a6b0efdaa653a853ecf8d15f80f927dc35b86625781ade6,/var/tmp/dd-ci-testing-poc-tool-strategies-20261003/matrix-final/logs/suite-testing-coverage-4-unchanged-4-one-pass.log
suite-testing-coverage,4,unchanged,4,current,128.979818,308.6990000001606,0,0,0,0,False,d824b25f8da1907c2a6b0efdaa653a853ecf8d15f80f927dc35b86625781ade6,/var/tmp/dd-ci-testing-poc-tool-strategies-20261003/matrix-final/logs/suite-testing-coverage-4-unchanged-4-current.log
suite-testing-coverage,4,unchanged,5,one-pass,111.714703,263.839000000047,0,0,0,0,False,d824b25f8da1907c2a6b0efdaa653a853ecf8d15f80f927dc35b86625781ade6,/var/tmp/dd-ci-testing-poc-tool-strategies-20261003/matrix-final/logs/suite-testing-coverage-4-unchanged-5-one-pass.log
suite-testing-coverage,4,unchanged,5,current,131.728699,306.5209999999752,0,0,0,0,False,d824b25f8da1907c2a6b0efdaa653a853ecf8d15f80f927dc35b86625781ade6,/var/tmp/dd-ci-testing-poc-tool-strategies-20261003/matrix-final/logs/suite-testing-coverage-4-unchanged-5-current.log
suite-testing-coverage,4,unchanged,5,find,117.748715,281.1659999999847,0,0,0,0,False,d824b25f8da1907c2a6b0efdaa653a853ecf8d15f80f927dc35b86625781ade6,/var/tmp/dd-ci-testing-poc-tool-strategies-20261003/matrix-final/logs/suite-testing-coverage-4-unchanged-5-find.log
suite-testing-coverage,4,unchanged,6,current,130.773789,310.2030000000866,0,0,0,0,False,d824b25f8da1907c2a6b0efdaa653a853ecf8d15f80f927dc35b86625781ade6,/var/tmp/dd-ci-testing-poc-tool-strategies-20261003/matrix-final/logs/suite-testing-coverage-4-unchanged-6-current.log
suite-testing-coverage,4,unchanged,6,find,118.822625,284.8019999999849,0,0,0,0,False,d824b25f8da1907c2a6b0efdaa653a853ecf8d15f80f927dc35b86625781ade6,/var/tmp/dd-ci-testing-poc-tool-strategies-20261003/matrix-final/logs/suite-testing-coverage-4-unchanged-6-find.log
suite-testing-coverage,4,unchanged,6,one-pass,116.764625,270.02600000000143,0,0,0,0,False,d824b25f8da1907c2a6b0efdaa653a853ecf8d15f80f927dc35b86625781ade6,/var/tmp/dd-ci-testing-poc-tool-strategies-20261003/matrix-final/logs/suite-testing-coverage-4-unchanged-6-one-pass.log
suite-testing-coverage,4,edit,0,find,405.9403,650.141000000076,2,0,1,1,True,ddc049e7af73de85b4f9f71ad875b0cbbaed72e42db35d1243a7fe8080c3344d,/var/tmp/dd-ci-testing-poc-tool-strategies-20261003/matrix-final/logs/suite-testing-coverage-4-edit-0-find.log
suite-testing-coverage,4,edit,0,one-pass,404.523261,629.7199999998497,2,0,1,1,True,7fdcaa95ce3cdbdb1837a98dcba4cebeaf5f665ee3cd231219f1eeff69d89356,/var/tmp/dd-ci-testing-poc-tool-strategies-20261003/matrix-final/logs/suite-testing-coverage-4-edit-0-one-pass.log
suite-testing-coverage,4,edit,0,current,465.92212,671.7409999999404,2,0,1,1,True,c543d420371749865b01fc5264f21b0b22d7579c22224a5d6c6040b2d3921915,/var/tmp/dd-ci-testing-poc-tool-strategies-20261003/matrix-final/logs/suite-testing-coverage-4-edit-0-current.log
suite-testing-coverage,4,edit,1,one-pass,424.013787,655.1289999999597,2,0,1,1,True,20a151a2ba582b0120b21e36e3ffdd8ead4e64adcb9e0ae041e3d764022b4e0f,/var/tmp/dd-ci-testing-poc-tool-strategies-20261003/matrix-final/logs/suite-testing-coverage-4-edit-1-one-pass.log
suite-testing-coverage,4,edit,1,current,421.788687,660.747000000157,2,0,1,1,True,cff765b0cbf0f0bae137bc726632c0df8e3a0137a2f66dc8a3db7d13a6490329,/var/tmp/dd-ci-testing-poc-tool-strategies-20261003/matrix-final/logs/suite-testing-coverage-4-edit-1-current.log
suite-testing-coverage,4,edit,1,find,410.905823,646.1590000001252,2,0,1,1,True,7b88176977868f7b5fa0d54178ef4bbea307d07517e9229807eefea29c43ccca,/var/tmp/dd-ci-testing-poc-tool-strategies-20261003/matrix-final/logs/suite-testing-coverage-4-edit-1-find.log
suite-testing-coverage,4,edit,2,current,418.308067,660.236000000026,2,0,1,1,True,dfccb93fe43af5606ff568d01188705f99fcf2d61b9c76451b011eb0ba32206e,/var/tmp/dd-ci-testing-poc-tool-strategies-20261003/matrix-final/logs/suite-testing-coverage-4-edit-2-current.log
suite-testing-coverage,4,edit,2,find,403.306881,641.0019999999292,2,0,1,1,True,fb135c81c00cc78236a9c4ea4b11d02b5249d6444b254a91ce44dd9cb43ff1b9,/var/tmp/dd-ci-testing-poc-tool-strategies-20261003/matrix-final/logs/suite-testing-coverage-4-edit-2-find.log
suite-testing-coverage,4,edit,2,one-pass,400.459312,628.8750000000789,2,0,1,1,True,de96825b58e66a302ec58e3c5f009ee9187389f065649d68414060cde29f24da,/var/tmp/dd-ci-testing-poc-tool-strategies-20261003/matrix-final/logs/suite-testing-coverage-4-edit-2-one-pass.log
suite-testing-coverage,4,edit,3,find,400.094221,639.483000000098,2,0,1,1,True,3f40ee278c753ba798582df5662904391c95d2927b037afae1f623fa411e485b,/var/tmp/dd-ci-testing-poc-tool-strategies-20261003/matrix-final/logs/suite-testing-coverage-4-edit-3-find.log
suite-testing-coverage,4,edit,3,one-pass,407.485324,624.9010000001647,2,0,1,1,True,7e8a0d860e333e092695cc8a1eead3444fa4f0a8b738110987bb326683e2580a,/var/tmp/dd-ci-testing-poc-tool-strategies-20261003/matrix-final/logs/suite-testing-coverage-4-edit-3-one-pass.log
suite-testing-coverage,4,edit,3,current,422.440899,667.9510000000164,2,0,1,1,True,a130cbe853b4537234577a7cf89c0a15bc75e0737252cdfa6bc4cb10e8545f49,/var/tmp/dd-ci-testing-poc-tool-strategies-20261003/matrix-final/logs/suite-testing-coverage-4-edit-3-current.log
suite-testing-coverage,4,edit,4,one-pass,423.74782,647.547999999972,2,0,1,1,True,1df2d499965c685298c49e343aed0ec6c5d9f3d7e804bb7e69a859508cb80885,/var/tmp/dd-ci-testing-poc-tool-strategies-20261003/matrix-final/logs/suite-testing-coverage-4-edit-4-one-pass.log
suite-testing-coverage,4,edit,4,current,422.206319,675.0070000001358,2,0,1,1,True,dd9d758cea1feff27d65ddca0af3e93fa8d1b923fa05d76cf85eef0814dbe28a,/var/tmp/dd-ci-testing-poc-tool-strategies-20261003/matrix-final/logs/suite-testing-coverage-4-edit-4-current.log
suite-testing-coverage,4,edit,4,find,429.432542,656.3650000000507,2,0,1,1,True,7a712d43840d00b5622ea93e0a0b0409de6d4bea0865fba5216e3bc772ae3269,/var/tmp/dd-ci-testing-poc-tool-strategies-20261003/matrix-final/logs/suite-testing-coverage-4-edit-4-find.log
suite-testing-coverage,4,edit,5,current,419.65666,661.5320000001361,2,0,1,1,True,36adabb22449f97abc3f9d709f01ef5c67cbca0161e17ef45545816a6e855b21,/var/tmp/dd-ci-testing-poc-tool-strategies-20261003/matrix-final/logs/suite-testing-coverage-4-edit-5-current.log
suite-testing-coverage,4,edit,5,find,407.131605,647.4519999999302,2,0,1,1,True,f8f6b87a77d8bfbca19c6c89e90eee77207274a294a49c973aba5a3eb90c30e5,/var/tmp/dd-ci-testing-poc-tool-strategies-20261003/matrix-final/logs/suite-testing-coverage-4-edit-5-find.log
suite-testing-coverage,4,edit,5,one-pass,415.359539,633.6850000001562,2,0,1,1,True,88d5281c64653bce3f961324d04dd5fc3084308c0843f87cf9744ce2c2b443b8,/var/tmp/dd-ci-testing-poc-tool-strategies-20261003/matrix-final/logs/suite-testing-coverage-4-edit-5-one-pass.log
suite-testing-coverage,4,edit,6,find,411.186888,639.3629999998041,2,0,1,1,True,b1d2a96906cbbfbda4122385d90b629406f7cb61b76db437825c5c005e8d1484,/var/tmp/dd-ci-testing-poc-tool-strategies-20261003/matrix-final/logs/suite-testing-coverage-4-edit-6-find.log
suite-testing-coverage,4,edit,6,one-pass,399.477024,633.3820000000117,2,0,1,1,True,5f1a504aa88f9953526cee8c475efcdc3a25ff55d664c83cd87d9f1e2e5056a4,/var/tmp/dd-ci-testing-poc-tool-strategies-20261003/matrix-final/logs/suite-testing-coverage-4-edit-6-one-pass.log
suite-testing-coverage,4,edit,6,current,415.627519,667.8219999998021,2,0,1,1,True,4193e1e671153826f0d3abd22796aac9019e5f8fa75fe6859afe6c2ed16a9450,/var/tmp/dd-ci-testing-poc-tool-strategies-20261003/matrix-final/logs/suite-testing-coverage-4-edit-6-current.log
suite-testing-coverage,4,switch-cache,0,current,349.644189,546.2959999999271,0,0,1,0,True,d824b25f8da1907c2a6b0efdaa653a853ecf8d15f80f927dc35b86625781ade6,/var/tmp/dd-ci-testing-poc-tool-strategies-20261003/matrix-final/logs/suite-testing-coverage-4-switch-cache-0-current.log
suite-testing-coverage,4,switch-cache,1,find,119.271588,281.4909999999031,0,0,0,0,False,d824b25f8da1907c2a6b0efdaa653a853ecf8d15f80f927dc35b86625781ade6,/var/tmp/dd-ci-testing-poc-tool-strategies-20261003/matrix-final/logs/suite-testing-coverage-4-switch-cache-1-find.log
suite-testing-coverage,4,switch-cache,2,one-pass,117.423037,271.47999999999683,0,0,0,0,False,d824b25f8da1907c2a6b0efdaa653a853ecf8d15f80f927dc35b86625781ade6,/var/tmp/dd-ci-testing-poc-tool-strategies-20261003/matrix-final/logs/suite-testing-coverage-4-switch-cache-2-one-pass.log
suite-testing-coverage,4,switch-cache,3,current,129.83369,304.10499999987906,0,0,0,0,False,d824b25f8da1907c2a6b0efdaa653a853ecf8d15f80f927dc35b86625781ade6,/var/tmp/dd-ci-testing-poc-tool-strategies-20261003/matrix-final/logs/suite-testing-coverage-4-switch-cache-3-current.log
plain,32,cold,0,current,5744.865532,52935.22899999996,263,94,1,0,False,d824b25f8da1907c2a6b0efdaa653a853ecf8d15f80f927dc35b86625781ade6,/var/tmp/dd-ci-testing-poc-tool-strategies-20261003/matrix-final/logs/plain-32-cold-0-current.log
plain,32,cold,0,find,6172.557906,53014.721999999776,263,94,1,0,False,d824b25f8da1907c2a6b0efdaa653a853ecf8d15f80f927dc35b86625781ade6,/var/tmp/dd-ci-testing-poc-tool-strategies-20261003/matrix-final/logs/plain-32-cold-0-find.log
plain,32,cold,0,one-pass,5715.5017,53223.16400000011,263,94,1,0,False,d824b25f8da1907c2a6b0efdaa653a853ecf8d15f80f927dc35b86625781ade6,/var/tmp/dd-ci-testing-poc-tool-strategies-20261003/matrix-final/logs/plain-32-cold-0-one-pass.log
plain,32,cold,1,find,5676.702957,52989.79500000007,263,94,1,0,False,d824b25f8da1907c2a6b0efdaa653a853ecf8d15f80f927dc35b86625781ade6,/var/tmp/dd-ci-testing-poc-tool-strategies-20261003/matrix-final/logs/plain-32-cold-1-find.log
plain,32,cold,1,one-pass,5755.798553,53243.22100000035,263,94,1,0,False,d824b25f8da1907c2a6b0efdaa653a853ecf8d15f80f927dc35b86625781ade6,/var/tmp/dd-ci-testing-poc-tool-strategies-20261003/matrix-final/logs/plain-32-cold-1-one-pass.log
plain,32,cold,1,current,5654.291676,53620.54099999995,263,94,1,0,False,d824b25f8da1907c2a6b0efdaa653a853ecf8d15f80f927dc35b86625781ade6,/var/tmp/dd-ci-testing-poc-tool-strategies-20261003/matrix-final/logs/plain-32-cold-1-current.log
plain,32,cold,2,one-pass,5686.507844,52920.49299999991,263,94,1,0,False,d824b25f8da1907c2a6b0efdaa653a853ecf8d15f80f927dc35b86625781ade6,/var/tmp/dd-ci-testing-poc-tool-strategies-20261003/matrix-final/logs/plain-32-cold-2-one-pass.log
plain,32,cold,2,current,5708.59515,53354.41800000001,263,94,1,0,False,d824b25f8da1907c2a6b0efdaa653a853ecf8d15f80f927dc35b86625781ade6,/var/tmp/dd-ci-testing-poc-tool-strategies-20261003/matrix-final/logs/plain-32-cold-2-current.log
plain,32,cold,2,find,5622.037083,53847.240999999936,263,94,1,0,False,d824b25f8da1907c2a6b0efdaa653a853ecf8d15f80f927dc35b86625781ade6,/var/tmp/dd-ci-testing-poc-tool-strategies-20261003/matrix-final/logs/plain-32-cold-2-find.log
plain,32,unchanged,0,current,103.883751,522.4560000000338,0,0,0,0,False,d824b25f8da1907c2a6b0efdaa653a853ecf8d15f80f927dc35b86625781ade6,/var/tmp/dd-ci-testing-poc-tool-strategies-20261003/matrix-final/logs/plain-32-unchanged-0-current.log
plain,32,unchanged,0,find,102.64681,513.5209999997983,0,0,0,0,False,d824b25f8da1907c2a6b0efdaa653a853ecf8d15f80f927dc35b86625781ade6,/var/tmp/dd-ci-testing-poc-tool-strategies-20261003/matrix-final/logs/plain-32-unchanged-0-find.log
plain,32,unchanged,0,one-pass,105.572782,495.56400000011536,0,0,0,0,False,d824b25f8da1907c2a6b0efdaa653a853ecf8d15f80f927dc35b86625781ade6,/var/tmp/dd-ci-testing-poc-tool-strategies-20261003/matrix-final/logs/plain-32-unchanged-0-one-pass.log
plain,32,unchanged,1,find,100.915939,534.3019999999683,0,0,0,0,False,d824b25f8da1907c2a6b0efdaa653a853ecf8d15f80f927dc35b86625781ade6,/var/tmp/dd-ci-testing-poc-tool-strategies-20261003/matrix-final/logs/plain-32-unchanged-1-find.log
plain,32,unchanged,1,one-pass,111.071704,554.8629999996706,0,0,0,0,False,d824b25f8da1907c2a6b0efdaa653a853ecf8d15f80f927dc35b86625781ade6,/var/tmp/dd-ci-testing-poc-tool-strategies-20261003/matrix-final/logs/plain-32-unchanged-1-one-pass.log
plain,32,unchanged,1,current,96.641828,509.7620000001939,0,0,0,0,False,d824b25f8da1907c2a6b0efdaa653a853ecf8d15f80f927dc35b86625781ade6,/var/tmp/dd-ci-testing-poc-tool-strategies-20261003/matrix-final/logs/plain-32-unchanged-1-current.log
plain,32,unchanged,2,one-pass,109.449614,549.3060000002288,0,0,0,0,False,d824b25f8da1907c2a6b0efdaa653a853ecf8d15f80f927dc35b86625781ade6,/var/tmp/dd-ci-testing-poc-tool-strategies-20261003/matrix-final/logs/plain-32-unchanged-2-one-pass.log
plain,32,unchanged,2,current,97.859368,521.7289999997092,0,0,0,0,False,d824b25f8da1907c2a6b0efdaa653a853ecf8d15f80f927dc35b86625781ade6,/var/tmp/dd-ci-testing-poc-tool-strategies-20261003/matrix-final/logs/plain-32-unchanged-2-current.log
plain,32,unchanged,2,find,100.25536,517.5910000001522,0,0,0,0,False,d824b25f8da1907c2a6b0efdaa653a853ecf8d15f80f927dc35b86625781ade6,/var/tmp/dd-ci-testing-poc-tool-strategies-20261003/matrix-final/logs/plain-32-unchanged-2-find.log
plain,32,unchanged,3,current,103.295311,543.6629999999809,0,0,0,0,False,d824b25f8da1907c2a6b0efdaa653a853ecf8d15f80f927dc35b86625781ade6,/var/tmp/dd-ci-testing-poc-tool-strategies-20261003/matrix-final/logs/plain-32-unchanged-3-current.log
plain,32,unchanged,3,find,101.30259,521.2970000001178,0,0,0,0,False,d824b25f8da1907c2a6b0efdaa653a853ecf8d15f80f927dc35b86625781ade6,/var/tmp/dd-ci-testing-poc-tool-strategies-20261003/matrix-final/logs/plain-32-unchanged-3-find.log
plain,32,unchanged,3,one-pass,108.702573,544.3390000002637,0,0,0,0,False,d824b25f8da1907c2a6b0efdaa653a853ecf8d15f80f927dc35b86625781ade6,/var/tmp/dd-ci-testing-poc-tool-strategies-20261003/matrix-final/logs/plain-32-unchanged-3-one-pass.log
plain,32,unchanged,4,find,102.794681,531.8219999998632,0,0,0,0,False,d824b25f8da1907c2a6b0efdaa653a853ecf8d15f80f927dc35b86625781ade6,/var/tmp/dd-ci-testing-poc-tool-strategies-20261003/matrix-final/logs/plain-32-unchanged-4-find.log
plain,32,unchanged,4,one-pass,106.740362,508.22400000009793,0,0,0,0,False,d824b25f8da1907c2a6b0efdaa653a853ecf8d15f80f927dc35b86625781ade6,/var/tmp/dd-ci-testing-poc-tool-strategies-20261003/matrix-final/logs/plain-32-unchanged-4-one-pass.log
plain,32,unchanged,4,current,100.799629,523.041000000319,0,0,0,0,False,d824b25f8da1907c2a6b0efdaa653a853ecf8d15f80f927dc35b86625781ade6,/var/tmp/dd-ci-testing-poc-tool-strategies-20261003/matrix-final/logs/plain-32-unchanged-4-current.log
plain,32,unchanged,5,one-pass,109.335123,545.1250000000982,0,0,0,0,False,d824b25f8da1907c2a6b0efdaa653a853ecf8d15f80f927dc35b86625781ade6,/var/tmp/dd-ci-testing-poc-tool-strategies-20261003/matrix-final/logs/plain-32-unchanged-5-one-pass.log
plain,32,unchanged,5,current,99.532489,524.3210000002705,0,0,0,0,False,d824b25f8da1907c2a6b0efdaa653a853ecf8d15f80f927dc35b86625781ade6,/var/tmp/dd-ci-testing-poc-tool-strategies-20261003/matrix-final/logs/plain-32-unchanged-5-current.log
plain,32,unchanged,5,find,100.769939,519.7650000002909,0,0,0,0,False,d824b25f8da1907c2a6b0efdaa653a853ecf8d15f80f927dc35b86625781ade6,/var/tmp/dd-ci-testing-poc-tool-strategies-20261003/matrix-final/logs/plain-32-unchanged-5-find.log
plain,32,unchanged,6,current,101.592051,530.2900000003206,0,0,0,0,False,d824b25f8da1907c2a6b0efdaa653a853ecf8d15f80f927dc35b86625781ade6,/var/tmp/dd-ci-testing-poc-tool-strategies-20261003/matrix-final/logs/plain-32-unchanged-6-current.log
plain,32,unchanged,6,find,101.40496,524.0770000002613,0,0,0,0,False,d824b25f8da1907c2a6b0efdaa653a853ecf8d15f80f927dc35b86625781ade6,/var/tmp/dd-ci-testing-poc-tool-strategies-20261003/matrix-final/logs/plain-32-unchanged-6-find.log
plain,32,unchanged,6,one-pass,109.569944,552.4010000002022,0,0,0,0,False,d824b25f8da1907c2a6b0efdaa653a853ecf8d15f80f927dc35b86625781ade6,/var/tmp/dd-ci-testing-poc-tool-strategies-20261003/matrix-final/logs/plain-32-unchanged-6-one-pass.log
plain,32,edit,0,find,322.998168,848.9620000003697,2,0,1,0,False,ada97108e6bd47ef245b77e69375a233f2b0b920a89139265946e08d8a1c5d66,/var/tmp/dd-ci-testing-poc-tool-strategies-20261003/matrix-final/logs/plain-32-edit-0-find.log
plain,32,edit,0,one-pass,329.796991,855.8250000000385,2,0,1,0,False,f37b0b00de26e7896882fe588686af0568a9844dc7be3205ce212c16326b0819,/var/tmp/dd-ci-testing-poc-tool-strategies-20261003/matrix-final/logs/plain-32-edit-0-one-pass.log
plain,32,edit,0,current,317.702626,838.7019999998984,2,0,1,0,False,80cb2bc902016da91da36e84c0819dfe74ecd954f4b1cbdcc1f2e49ed52dafea,/var/tmp/dd-ci-testing-poc-tool-strategies-20261003/matrix-final/logs/plain-32-edit-0-current.log
plain,32,edit,1,one-pass,329.132541,836.5790000001994,2,0,1,0,False,37167d19215ac8172bb5d758d838030563e48fd1f1ca2f55ed61b167c92b5d17,/var/tmp/dd-ci-testing-poc-tool-strategies-20261003/matrix-final/logs/plain-32-edit-1-one-pass.log
plain,32,edit,1,current,315.936846,837.560000000451,2,0,1,0,False,d828556f79811c2e988c22ab240639cff0921da89b804ad3ecd3c037264cb8b8,/var/tmp/dd-ci-testing-poc-tool-strategies-20261003/matrix-final/logs/plain-32-edit-1-current.log
plain,32,edit,1,find,317.156127,834.9920000001134,2,0,1,0,False,a5541cc56597f5ef4e255382896a05965a14d2d9da745aae1c1909538db4f448,/var/tmp/dd-ci-testing-poc-tool-strategies-20261003/matrix-final/logs/plain-32-edit-1-find.log
plain,32,edit,2,current,315.619726,836.990999999955,2,0,1,0,False,0863d7676fbe5264d3d185812c771e6e25a7c561428a07d93451347537f33743,/var/tmp/dd-ci-testing-poc-tool-strategies-20261003/matrix-final/logs/plain-32-edit-2-current.log
plain,32,edit,2,find,329.533291,845.8369999999036,2,0,1,0,False,3135a2d553463cd41a7bd86fdf64d95f811d88062eaf360b9132ca872c05e288,/var/tmp/dd-ci-testing-poc-tool-strategies-20261003/matrix-final/logs/plain-32-edit-2-find.log
plain,32,edit,2,one-pass,319.933918,834.902000000227,2,0,1,0,False,0f77cfe540dd4accdbd2325c7a226faca45d149687c614c8dc9d9b71f7da5f4a,/var/tmp/dd-ci-testing-poc-tool-strategies-20261003/matrix-final/logs/plain-32-edit-2-one-pass.log
plain,32,edit,3,find,364.128636,858.9540000002103,2,0,1,0,False,7be5efebe53b1a57087559a3228009069f54fdabfd85af49bad96df5aca95f89,/var/tmp/dd-ci-testing-poc-tool-strategies-20261003/matrix-final/logs/plain-32-edit-3-find.log
plain,32,edit,3,one-pass,323.197189,853.1329999998434,2,0,1,0,False,8d21f7e6dd775944ac3ec34e4fbe4c6212888f75ce7900d7fb59cac5b8674e92,/var/tmp/dd-ci-testing-poc-tool-strategies-20261003/matrix-final/logs/plain-32-edit-3-one-pass.log
plain,32,edit,3,current,310.555245,828.7429999999176,2,0,1,0,False,90a592e843fca746392a277dc527e2b017cb4be92a70f88f64b2c2cbb559c30d,/var/tmp/dd-ci-testing-poc-tool-strategies-20261003/matrix-final/logs/plain-32-edit-3-current.log
plain,32,edit,4,one-pass,328.924142,852.852999999925,2,0,1,0,False,1cf2c4b7f66b8ba9993432d195d29cca15ff03c0a04d7366527afa4db39fbb3f,/var/tmp/dd-ci-testing-poc-tool-strategies-20261003/matrix-final/logs/plain-32-edit-4-one-pass.log
plain,32,edit,4,current,325.854411,846.4009999999007,2,0,1,0,False,83c24e25492a5f2996e8b39f1c63f68e609b6d96e685a99b329217d0ce6968bf,/var/tmp/dd-ci-testing-poc-tool-strategies-20261003/matrix-final/logs/plain-32-edit-4-current.log
plain,32,edit,4,find,308.865544,833.5790000001566,2,0,1,0,False,4b78b4acd727fbeb7b50f657537f495deb9cf38e6dc8791f7cb98c895508bc33,/var/tmp/dd-ci-testing-poc-tool-strategies-20261003/matrix-final/logs/plain-32-edit-4-find.log
plain,32,edit,5,current,326.197951,846.3320000001886,2,0,1,0,False,e4dcf0c39b8922a8243f7458bafc8e6bcbd36f69cabbad858a07fd114ac96e66,/var/tmp/dd-ci-testing-poc-tool-strategies-20261003/matrix-final/logs/plain-32-edit-5-current.log
plain,32,edit,5,find,325.881681,858.7829999997325,2,0,1,0,False,0c00cd461f51a0dd887cd863a5473796b33f84ed23b119ced0b619f7dbf9c6fd,/var/tmp/dd-ci-testing-poc-tool-strategies-20261003/matrix-final/logs/plain-32-edit-5-find.log
plain,32,edit,5,one-pass,345.87218,846.2609999999131,2,0,1,0,False,633bebf121410715d36008ecdb9de688823d2a296a980cf21f9f66afe94e930f,/var/tmp/dd-ci-testing-poc-tool-strategies-20261003/matrix-final/logs/plain-32-edit-5-one-pass.log
plain,32,edit,6,find,314.546027,851.4449999998988,2,0,1,0,False,1dde2ac55bf122d0bfe0ce714edfc8d26761bdd4b5c3e4623c0392f1ef423d2d,/var/tmp/dd-ci-testing-poc-tool-strategies-20261003/matrix-final/logs/plain-32-edit-6-find.log
plain,32,edit,6,one-pass,346.713591,839.1849999997589,2,0,1,0,False,9a50ca59bb2d73a96a2e2e90646270c049c14ced37b291fe9b9e17f020f5fa51,/var/tmp/dd-ci-testing-poc-tool-strategies-20261003/matrix-final/logs/plain-32-edit-6-one-pass.log
plain,32,edit,6,current,318.92611,842.6519999997595,2,0,1,0,False,1bf0e00fe497a99e06b112d8e0a31c518962dc24799392677961c9bf2100b9dc,/var/tmp/dd-ci-testing-poc-tool-strategies-20261003/matrix-final/logs/plain-32-edit-6-current.log
plain,32,switch-cache,0,current,305.807874,811.1579999999776,0,0,1,0,False,d824b25f8da1907c2a6b0efdaa653a853ecf8d15f80f927dc35b86625781ade6,/var/tmp/dd-ci-testing-poc-tool-strategies-20261003/matrix-final/logs/plain-32-switch-cache-0-current.log
plain,32,switch-cache,1,find,100.614841,531.3199999997664,0,0,0,0,False,d824b25f8da1907c2a6b0efdaa653a853ecf8d15f80f927dc35b86625781ade6,/var/tmp/dd-ci-testing-poc-tool-strategies-20261003/matrix-final/logs/plain-32-switch-cache-1-find.log
plain,32,switch-cache,2,one-pass,123.856131,556.8510000001652,0,0,0,0,False,d824b25f8da1907c2a6b0efdaa653a853ecf8d15f80f927dc35b86625781ade6,/var/tmp/dd-ci-testing-poc-tool-strategies-20261003/matrix-final/logs/plain-32-switch-cache-2-one-pass.log
plain,32,switch-cache,3,current,102.367492,536.3630000001649,0,0,0,0,False,d824b25f8da1907c2a6b0efdaa653a853ecf8d15f80f927dc35b86625781ade6,/var/tmp/dd-ci-testing-poc-tool-strategies-20261003/matrix-final/logs/plain-32-switch-cache-3-current.log
assert-only,32,cold,0,current,5837.738066,56571.02199999952,272,94,1,0,False,d824b25f8da1907c2a6b0efdaa653a853ecf8d15f80f927dc35b86625781ade6,/var/tmp/dd-ci-testing-poc-tool-strategies-20261003/matrix-final/logs/assert-only-32-cold-0-current.log
assert-only,32,cold,0,find,5834.971981,56386.18099999985,272,94,1,0,False,d824b25f8da1907c2a6b0efdaa653a853ecf8d15f80f927dc35b86625781ade6,/var/tmp/dd-ci-testing-poc-tool-strategies-20261003/matrix-final/logs/assert-only-32-cold-0-find.log
assert-only,32,cold,0,one-pass,5817.221161,56523.807000000204,272,94,1,0,False,d824b25f8da1907c2a6b0efdaa653a853ecf8d15f80f927dc35b86625781ade6,/var/tmp/dd-ci-testing-poc-tool-strategies-20261003/matrix-final/logs/assert-only-32-cold-0-one-pass.log
assert-only,32,cold,1,find,5974.176956,57372.483999999815,272,94,1,0,False,d824b25f8da1907c2a6b0efdaa653a853ecf8d15f80f927dc35b86625781ade6,/var/tmp/dd-ci-testing-poc-tool-strategies-20261003/matrix-final/logs/assert-only-32-cold-1-find.log
assert-only,32,cold,1,one-pass,5907.040613,57048.29799999948,272,94,1,0,False,d824b25f8da1907c2a6b0efdaa653a853ecf8d15f80f927dc35b86625781ade6,/var/tmp/dd-ci-testing-poc-tool-strategies-20261003/matrix-final/logs/assert-only-32-cold-1-one-pass.log
assert-only,32,cold,1,current,5930.444479,57119.83200000015,272,94,1,0,False,d824b25f8da1907c2a6b0efdaa653a853ecf8d15f80f927dc35b86625781ade6,/var/tmp/dd-ci-testing-poc-tool-strategies-20261003/matrix-final/logs/assert-only-32-cold-1-current.log
assert-only,32,cold,2,one-pass,5993.426115,57261.24400000009,272,94,1,0,False,d824b25f8da1907c2a6b0efdaa653a853ecf8d15f80f927dc35b86625781ade6,/var/tmp/dd-ci-testing-poc-tool-strategies-20261003/matrix-final/logs/assert-only-32-cold-2-one-pass.log
assert-only,32,cold,2,current,5978.297583,57248.372000000134,272,94,1,0,False,d824b25f8da1907c2a6b0efdaa653a853ecf8d15f80f927dc35b86625781ade6,/var/tmp/dd-ci-testing-poc-tool-strategies-20261003/matrix-final/logs/assert-only-32-cold-2-current.log
assert-only,32,cold,2,find,6163.204797,57791.15799999988,272,94,1,0,False,d824b25f8da1907c2a6b0efdaa653a853ecf8d15f80f927dc35b86625781ade6,/var/tmp/dd-ci-testing-poc-tool-strategies-20261003/matrix-final/logs/assert-only-32-cold-2-find.log
assert-only,32,unchanged,0,current,127.132921,674.1370000001439,0,0,0,0,False,d824b25f8da1907c2a6b0efdaa653a853ecf8d15f80f927dc35b86625781ade6,/var/tmp/dd-ci-testing-poc-tool-strategies-20261003/matrix-final/logs/assert-only-32-unchanged-0-current.log
assert-only,32,unchanged,0,find,129.482392,657.6450000000023,0,0,0,0,False,d824b25f8da1907c2a6b0efdaa653a853ecf8d15f80f927dc35b86625781ade6,/var/tmp/dd-ci-testing-poc-tool-strategies-20261003/matrix-final/logs/assert-only-32-unchanged-0-find.log
assert-only,32,unchanged,0,one-pass,110.033122,543.5910000001059,0,0,0,0,False,d824b25f8da1907c2a6b0efdaa653a853ecf8d15f80f927dc35b86625781ade6,/var/tmp/dd-ci-testing-poc-tool-strategies-20261003/matrix-final/logs/assert-only-32-unchanged-0-one-pass.log
assert-only,32,unchanged,1,find,129.597992,680.9000000000083,0,0,0,0,False,d824b25f8da1907c2a6b0efdaa653a853ecf8d15f80f927dc35b86625781ade6,/var/tmp/dd-ci-testing-poc-tool-strategies-20261003/matrix-final/logs/assert-only-32-unchanged-1-find.log
assert-only,32,unchanged,1,one-pass,109.701972,558.313000000112,0,0,0,0,False,d824b25f8da1907c2a6b0efdaa653a853ecf8d15f80f927dc35b86625781ade6,/var/tmp/dd-ci-testing-poc-tool-strategies-20261003/matrix-final/logs/assert-only-32-unchanged-1-one-pass.log
assert-only,32,unchanged,1,current,130.828123,669.3529999997168,0,0,0,0,False,d824b25f8da1907c2a6b0efdaa653a853ecf8d15f80f927dc35b86625781ade6,/var/tmp/dd-ci-testing-poc-tool-strategies-20261003/matrix-final/logs/assert-only-32-unchanged-1-current.log
assert-only,32,unchanged,2,one-pass,108.685472,548.2239999997205,0,0,0,0,False,d824b25f8da1907c2a6b0efdaa653a853ecf8d15f80f927dc35b86625781ade6,/var/tmp/dd-ci-testing-poc-tool-strategies-20261003/matrix-final/logs/assert-only-32-unchanged-2-one-pass.log
assert-only,32,unchanged,2,current,128.361371,640.6240000000025,0,0,0,0,False,d824b25f8da1907c2a6b0efdaa653a853ecf8d15f80f927dc35b86625781ade6,/var/tmp/dd-ci-testing-poc-tool-strategies-20261003/matrix-final/logs/assert-only-32-unchanged-2-current.log
assert-only,32,unchanged,2,find,127.942322,639.9750000003337,0,0,0,0,False,d824b25f8da1907c2a6b0efdaa653a853ecf8d15f80f927dc35b86625781ade6,/var/tmp/dd-ci-testing-poc-tool-strategies-20261003/matrix-final/logs/assert-only-32-unchanged-2-find.log
assert-only,32,unchanged,3,current,128.848162,669.3749999996612,0,0,0,0,False,d824b25f8da1907c2a6b0efdaa653a853ecf8d15f80f927dc35b86625781ade6,/var/tmp/dd-ci-testing-poc-tool-strategies-20261003/matrix-final/logs/assert-only-32-unchanged-3-current.log
assert-only,32,unchanged,3,find,123.968649,645.2149999998937,0,0,0,0,False,d824b25f8da1907c2a6b0efdaa653a853ecf8d15f80f927dc35b86625781ade6,/var/tmp/dd-ci-testing-poc-tool-strategies-20261003/matrix-final/logs/assert-only-32-unchanged-3-find.log
assert-only,32,unchanged,3,one-pass,117.472387,578.6670000001664,0,0,0,0,False,d824b25f8da1907c2a6b0efdaa653a853ecf8d15f80f927dc35b86625781ade6,/var/tmp/dd-ci-testing-poc-tool-strategies-20261003/matrix-final/logs/assert-only-32-unchanged-3-one-pass.log
assert-only,32,unchanged,4,find,137.070466,719.1190000000347,0,0,0,0,False,d824b25f8da1907c2a6b0efdaa653a853ecf8d15f80f927dc35b86625781ade6,/var/tmp/dd-ci-testing-poc-tool-strategies-20261003/matrix-final/logs/assert-only-32-unchanged-4-find.log
assert-only,32,unchanged,4,one-pass,114.307695,545.214000000044,0,0,0,0,False,d824b25f8da1907c2a6b0efdaa653a853ecf8d15f80f927dc35b86625781ade6,/var/tmp/dd-ci-testing-poc-tool-strategies-20261003/matrix-final/logs/assert-only-32-unchanged-4-one-pass.log
assert-only,32,unchanged,4,current,132.153824,676.2570000002484,0,0,0,0,False,d824b25f8da1907c2a6b0efdaa653a853ecf8d15f80f927dc35b86625781ade6,/var/tmp/dd-ci-testing-poc-tool-strategies-20261003/matrix-final/logs/assert-only-32-unchanged-4-current.log
assert-only,32,unchanged,5,one-pass,113.426474,576.1739999999236,0,0,0,0,False,d824b25f8da1907c2a6b0efdaa653a853ecf8d15f80f927dc35b86625781ade6,/var/tmp/dd-ci-testing-poc-tool-strategies-20261003/matrix-final/logs/assert-only-32-unchanged-5-one-pass.log
assert-only,32,unchanged,5,current,133.586654,699.9650000005886,0,0,0,0,False,d824b25f8da1907c2a6b0efdaa653a853ecf8d15f80f927dc35b86625781ade6,/var/tmp/dd-ci-testing-poc-tool-strategies-20261003/matrix-final/logs/assert-only-32-unchanged-5-current.log
assert-only,32,unchanged,5,find,130.404193,674.3989999998234,0,0,0,0,False,d824b25f8da1907c2a6b0efdaa653a853ecf8d15f80f927dc35b86625781ade6,/var/tmp/dd-ci-testing-poc-tool-strategies-20261003/matrix-final/logs/assert-only-32-unchanged-5-find.log
assert-only,32,unchanged,6,current,137.591656,721.0189999999557,0,0,0,0,False,d824b25f8da1907c2a6b0efdaa653a853ecf8d15f80f927dc35b86625781ade6,/var/tmp/dd-ci-testing-poc-tool-strategies-20261003/matrix-final/logs/assert-only-32-unchanged-6-current.log
assert-only,32,unchanged,6,find,134.380055,691.7820000001598,0,0,0,0,False,d824b25f8da1907c2a6b0efdaa653a853ecf8d15f80f927dc35b86625781ade6,/var/tmp/dd-ci-testing-poc-tool-strategies-20261003/matrix-final/logs/assert-only-32-unchanged-6-find.log
assert-only,32,unchanged,6,one-pass,111.525324,559.0509999997835,0,0,0,0,False,d824b25f8da1907c2a6b0efdaa653a853ecf8d15f80f927dc35b86625781ade6,/var/tmp/dd-ci-testing-poc-tool-strategies-20261003/matrix-final/logs/assert-only-32-unchanged-6-one-pass.log
assert-only,32,edit,0,find,386.528817,1017.3029999997993,2,0,1,0,False,8d92930ed2515ec54b09984724f29f82857a66e82a27ce37a4794f7eef7cb482,/var/tmp/dd-ci-testing-poc-tool-strategies-20261003/matrix-final/logs/assert-only-32-edit-0-find.log
assert-only,32,edit,0,one-pass,364.160376,916.5029999998637,2,0,1,0,False,9dc28a5433ebe0b70131ede186022bb3c0da2d661c12c6f1802068e8d859956a,/var/tmp/dd-ci-testing-poc-tool-strategies-20261003/matrix-final/logs/assert-only-32-edit-0-one-pass.log
assert-only,32,edit,0,current,374.621211,1019.0910000002305,2,0,1,0,False,4d712298b4b10b31ff77386dcf64908872320cf0610e4980b9111c765c599b71,/var/tmp/dd-ci-testing-poc-tool-strategies-20261003/matrix-final/logs/assert-only-32-edit-0-current.log
assert-only,32,edit,1,one-pass,376.751343,890.9709999998086,2,0,1,0,False,e42d5d74a70d8963acbc2ec7bdd769f17b614246861aebe2d5d39758228aa3e3,/var/tmp/dd-ci-testing-poc-tool-strategies-20261003/matrix-final/logs/assert-only-32-edit-1-one-pass.log
assert-only,32,edit,1,current,386.572457,1035.117999999727,2,0,1,0,False,ff09c940ba6dcb17c2e7ec8693ff52cf5a458538e7ebffd904d4af9d4719eb74,/var/tmp/dd-ci-testing-poc-tool-strategies-20261003/matrix-final/logs/assert-only-32-edit-1-current.log
assert-only,32,edit,1,find,382.011525,1007.1249999997463,2,0,1,0,False,a5899be4edadc043e60c9cd1c77507a20e32c17aa52fbd248ba54a54b0322e5f,/var/tmp/dd-ci-testing-poc-tool-strategies-20261003/matrix-final/logs/assert-only-32-edit-1-find.log
assert-only,32,edit,2,current,377.375103,1020.4279999997539,2,0,1,0,False,e031d4dcf02d43116505f5b008d30831bb1d7e92b922ee4a998c9491caf86a87,/var/tmp/dd-ci-testing-poc-tool-strategies-20261003/matrix-final/logs/assert-only-32-edit-2-current.log
assert-only,32,edit,2,find,382.242706,982.1570000000861,2,0,1,0,False,964e4f2920d3ca65d34f574713c71584d6ff9e12478ffe0003659a1e30197924,/var/tmp/dd-ci-testing-poc-tool-strategies-20261003/matrix-final/logs/assert-only-32-edit-2-find.log
assert-only,32,edit,2,one-pass,366.098758,886.3260000003379,2,0,1,0,False,cbb9dc2affd2705bc2c0cb0a91182b10d0af6220fbe7e4a746def4dbea325a90,/var/tmp/dd-ci-testing-poc-tool-strategies-20261003/matrix-final/logs/assert-only-32-edit-2-one-pass.log
assert-only,32,edit,3,find,384.074937,1026.270000000011,2,0,1,0,False,1a658d288fdc95047aefbf1afd2dd5b8413fcac5bb567cfd2c3408614dd2a5c7,/var/tmp/dd-ci-testing-poc-tool-strategies-20261003/matrix-final/logs/assert-only-32-edit-3-find.log
assert-only,32,edit,3,one-pass,360.848896,875.4069999999956,2,0,1,0,False,e4aa3ab8f9d3504cccd05d471d051ca7cf775d53a9bfeea26af064513861a661,/var/tmp/dd-ci-testing-poc-tool-strategies-20261003/matrix-final/logs/assert-only-32-edit-3-one-pass.log
assert-only,32,edit,3,current,376.673794,1018.6270000004356,2,0,1,0,False,40220284df7b9305f998b5a3a58a046ae3c723188f8b8adfb3e0c34ac89d55be,/var/tmp/dd-ci-testing-poc-tool-strategies-20261003/matrix-final/logs/assert-only-32-edit-3-current.log
assert-only,32,edit,4,one-pass,375.018093,887.1009999997455,2,0,1,0,False,8f696cd64f9f1b01a30658cb72b109e8e1b0f32466074b15c74c2df6c4b6c22f,/var/tmp/dd-ci-testing-poc-tool-strategies-20261003/matrix-final/logs/assert-only-32-edit-4-one-pass.log
assert-only,32,edit,4,current,387.855259,1042.0830000001047,2,0,1,0,False,a92e02a6cf1a2c0866eaa9b1a6c0b504feeb79b225a8bc685d518a96af8edd92,/var/tmp/dd-ci-testing-poc-tool-strategies-20261003/matrix-final/logs/assert-only-32-edit-4-current.log
assert-only,32,edit,4,find,376.557094,996.5990000000602,2,0,1,0,False,5dc6e1e992f86de72b95ee43df0d2025175ce7d7963a5b9596957cd92617fbcc,/var/tmp/dd-ci-testing-poc-tool-strategies-20261003/matrix-final/logs/assert-only-32-edit-4-find.log
assert-only,32,edit,5,current,386.55996,1042.5529999998844,2,0,1,0,False,a67c501f41a0280b466983cf0018e3b34ce52f5cd1dab3ca40993917640ba045,/var/tmp/dd-ci-testing-poc-tool-strategies-20261003/matrix-final/logs/assert-only-32-edit-5-current.log
assert-only,32,edit,5,find,402.973208,1009.3829999999002,2,0,1,0,False,9eb88704bb933602c874476ee1362ad14169036ae3ce4260e054c4e8ec7d3363,/var/tmp/dd-ci-testing-poc-tool-strategies-20261003/matrix-final/logs/assert-only-32-edit-5-find.log
assert-only,32,edit,5,one-pass,370.536783,887.8629999998111,2,0,1,0,False,c3431cdc74dd4bc4c57eac2abf739b865700e94ada077d086ec749b25d255671,/var/tmp/dd-ci-testing-poc-tool-strategies-20261003/matrix-final/logs/assert-only-32-edit-5-one-pass.log
assert-only,32,edit,6,find,380.934437,1027.9430000002208,2,0,1,0,False,0a0681a256b7e41b65a488f5d23e6a8689917ebeb4a1e6615227be83d55b2efd,/var/tmp/dd-ci-testing-poc-tool-strategies-20261003/matrix-final/logs/assert-only-32-edit-6-find.log
assert-only,32,edit,6,one-pass,364.27511,902.2339999995097,2,0,1,0,False,8ec26bd7746ab50237c1c9dee060db1403ca6f95093c4bd40d23af5b16e8c4ef,/var/tmp/dd-ci-testing-poc-tool-strategies-20261003/matrix-final/logs/assert-only-32-edit-6-one-pass.log
assert-only,32,edit,6,current,389.266661,1030.5199999997967,2,0,1,0,False,70af200449c4969223b82e17c44ad6d88b6fb1093bd0b6f3ebc687f5ba5316f5,/var/tmp/dd-ci-testing-poc-tool-strategies-20261003/matrix-final/logs/assert-only-32-edit-6-current.log
assert-only,32,switch-cache,0,current,363.097948,947.2989999999868,0,0,1,0,False,d824b25f8da1907c2a6b0efdaa653a853ecf8d15f80f927dc35b86625781ade6,/var/tmp/dd-ci-testing-poc-tool-strategies-20261003/matrix-final/logs/assert-only-32-switch-cache-0-current.log
assert-only,32,switch-cache,1,find,129.655344,665.6979999999066,0,0,0,0,False,d824b25f8da1907c2a6b0efdaa653a853ecf8d15f80f927dc35b86625781ade6,/var/tmp/dd-ci-testing-poc-tool-strategies-20261003/matrix-final/logs/assert-only-32-switch-cache-1-find.log
assert-only,32,switch-cache,2,one-pass,110.245635,548.6230000002479,0,0,0,0,False,d824b25f8da1907c2a6b0efdaa653a853ecf8d15f80f927dc35b86625781ade6,/var/tmp/dd-ci-testing-poc-tool-strategies-20261003/matrix-final/logs/assert-only-32-switch-cache-2-one-pass.log
assert-only,32,switch-cache,3,current,132.070145,691.7719999996734,0,0,0,0,False,d824b25f8da1907c2a6b0efdaa653a853ecf8d15f80f927dc35b86625781ade6,/var/tmp/dd-ci-testing-poc-tool-strategies-20261003/matrix-final/logs/assert-only-32-switch-cache-3-current.log
suite-direct,32,cold,0,current,6492.053928,60935.26600000024,274,94,1,0,True,d824b25f8da1907c2a6b0efdaa653a853ecf8d15f80f927dc35b86625781ade6,/var/tmp/dd-ci-testing-poc-tool-strategies-20261003/matrix-final/logs/suite-direct-32-cold-0-current.log
suite-direct,32,cold,0,find,6462.756454,60473.47800000023,274,94,1,0,True,d824b25f8da1907c2a6b0efdaa653a853ecf8d15f80f927dc35b86625781ade6,/var/tmp/dd-ci-testing-poc-tool-strategies-20261003/matrix-final/logs/suite-direct-32-cold-0-find.log
suite-direct,32,cold,0,one-pass,6244.927961,60317.57799999969,274,94,1,0,True,d824b25f8da1907c2a6b0efdaa653a853ecf8d15f80f927dc35b86625781ade6,/var/tmp/dd-ci-testing-poc-tool-strategies-20261003/matrix-final/logs/suite-direct-32-cold-0-one-pass.log
suite-direct,32,cold,1,find,6315.206334,59980.78000000021,274,94,1,0,True,d824b25f8da1907c2a6b0efdaa653a853ecf8d15f80f927dc35b86625781ade6,/var/tmp/dd-ci-testing-poc-tool-strategies-20261003/matrix-final/logs/suite-direct-32-cold-1-find.log
suite-direct,32,cold,1,one-pass,6326.195236,59505.544999999984,274,94,1,0,True,d824b25f8da1907c2a6b0efdaa653a853ecf8d15f80f927dc35b86625781ade6,/var/tmp/dd-ci-testing-poc-tool-strategies-20261003/matrix-final/logs/suite-direct-32-cold-1-one-pass.log
suite-direct,32,cold,1,current,6351.855936,60060.43799999998,274,94,1,0,True,d824b25f8da1907c2a6b0efdaa653a853ecf8d15f80f927dc35b86625781ade6,/var/tmp/dd-ci-testing-poc-tool-strategies-20261003/matrix-final/logs/suite-direct-32-cold-1-current.log
suite-direct,32,cold,2,one-pass,6479.708812,60066.11799999979,274,94,1,0,True,d824b25f8da1907c2a6b0efdaa653a853ecf8d15f80f927dc35b86625781ade6,/var/tmp/dd-ci-testing-poc-tool-strategies-20261003/matrix-final/logs/suite-direct-32-cold-2-one-pass.log
suite-direct,32,cold,2,current,6303.627051,60125.278000000035,274,94,1,0,True,d824b25f8da1907c2a6b0efdaa653a853ecf8d15f80f927dc35b86625781ade6,/var/tmp/dd-ci-testing-poc-tool-strategies-20261003/matrix-final/logs/suite-direct-32-cold-2-current.log
suite-direct,32,cold,2,find,6287.720306,59761.09499999996,274,94,1,0,True,d824b25f8da1907c2a6b0efdaa653a853ecf8d15f80f927dc35b86625781ade6,/var/tmp/dd-ci-testing-poc-tool-strategies-20261003/matrix-final/logs/suite-direct-32-cold-2-find.log
suite-direct,32,unchanged,0,current,133.119924,683.0739999999196,0,0,0,0,False,d824b25f8da1907c2a6b0efdaa653a853ecf8d15f80f927dc35b86625781ade6,/var/tmp/dd-ci-testing-poc-tool-strategies-20261003/matrix-final/logs/suite-direct-32-unchanged-0-current.log
suite-direct,32,unchanged,0,find,119.174136,613.0460000000539,0,0,0,0,False,d824b25f8da1907c2a6b0efdaa653a853ecf8d15f80f927dc35b86625781ade6,/var/tmp/dd-ci-testing-poc-tool-strategies-20261003/matrix-final/logs/suite-direct-32-unchanged-0-find.log
suite-direct,32,unchanged,0,one-pass,118.185647,571.0369999995919,0,0,0,0,False,d824b25f8da1907c2a6b0efdaa653a853ecf8d15f80f927dc35b86625781ade6,/var/tmp/dd-ci-testing-poc-tool-strategies-20261003/matrix-final/logs/suite-direct-32-unchanged-0-one-pass.log
suite-direct,32,unchanged,1,find,118.980166,616.818999999964,0,0,0,0,False,d824b25f8da1907c2a6b0efdaa653a853ecf8d15f80f927dc35b86625781ade6,/var/tmp/dd-ci-testing-poc-tool-strategies-20261003/matrix-final/logs/suite-direct-32-unchanged-1-find.log
suite-direct,32,unchanged,1,one-pass,115.613405,554.1490000000522,0,0,0,0,False,d824b25f8da1907c2a6b0efdaa653a853ecf8d15f80f927dc35b86625781ade6,/var/tmp/dd-ci-testing-poc-tool-strategies-20261003/matrix-final/logs/suite-direct-32-unchanged-1-one-pass.log
suite-direct,32,unchanged,1,current,135.142566,657.7320000001237,0,0,0,0,False,d824b25f8da1907c2a6b0efdaa653a853ecf8d15f80f927dc35b86625781ade6,/var/tmp/dd-ci-testing-poc-tool-strategies-20261003/matrix-final/logs/suite-direct-32-unchanged-1-current.log
suite-direct,32,unchanged,2,one-pass,116.342205,569.5919999999433,0,0,0,0,False,d824b25f8da1907c2a6b0efdaa653a853ecf8d15f80f927dc35b86625781ade6,/var/tmp/dd-ci-testing-poc-tool-strategies-20261003/matrix-final/logs/suite-direct-32-unchanged-2-one-pass.log
suite-direct,32,unchanged,2,current,129.717153,651.5860000004068,0,0,0,0,False,d824b25f8da1907c2a6b0efdaa653a853ecf8d15f80f927dc35b86625781ade6,/var/tmp/dd-ci-testing-poc-tool-strategies-20261003/matrix-final/logs/suite-direct-32-unchanged-2-current.log
suite-direct,32,unchanged,2,find,120.867808,631.7599999999857,0,0,0,0,False,d824b25f8da1907c2a6b0efdaa653a853ecf8d15f80f927dc35b86625781ade6,/var/tmp/dd-ci-testing-poc-tool-strategies-20261003/matrix-final/logs/suite-direct-32-unchanged-2-find.log
suite-direct,32,unchanged,3,current,133.281255,670.6419999998161,0,0,0,0,False,d824b25f8da1907c2a6b0efdaa653a853ecf8d15f80f927dc35b86625781ade6,/var/tmp/dd-ci-testing-poc-tool-strategies-20261003/matrix-final/logs/suite-direct-32-unchanged-3-current.log
suite-direct,32,unchanged,3,find,122.137409,622.8250000003754,0,0,0,0,False,d824b25f8da1907c2a6b0efdaa653a853ecf8d15f80f927dc35b86625781ade6,/var/tmp/dd-ci-testing-poc-tool-strategies-20261003/matrix-final/logs/suite-direct-32-unchanged-3-find.log
suite-direct,32,unchanged,3,one-pass,115.969076,554.0379999999914,0,0,0,0,False,d824b25f8da1907c2a6b0efdaa653a853ecf8d15f80f927dc35b86625781ade6,/var/tmp/dd-ci-testing-poc-tool-strategies-20261003/matrix-final/logs/suite-direct-32-unchanged-3-one-pass.log
suite-direct,32,unchanged,4,find,119.011247,617.5770000000966,0,0,0,0,False,d824b25f8da1907c2a6b0efdaa653a853ecf8d15f80f927dc35b86625781ade6,/var/tmp/dd-ci-testing-poc-tool-strategies-20261003/matrix-final/logs/suite-direct-32-unchanged-4-find.log
suite-direct,32,unchanged,4,one-pass,116.707416,553.0460000004496,0,0,0,0,False,d824b25f8da1907c2a6b0efdaa653a853ecf8d15f80f927dc35b86625781ade6,/var/tmp/dd-ci-testing-poc-tool-strategies-20261003/matrix-final/logs/suite-direct-32-unchanged-4-one-pass.log
suite-direct,32,unchanged,4,current,137.278578,689.3740000003845,0,0,0,0,False,d824b25f8da1907c2a6b0efdaa653a853ecf8d15f80f927dc35b86625781ade6,/var/tmp/dd-ci-testing-poc-tool-strategies-20261003/matrix-final/logs/suite-direct-32-unchanged-4-current.log
suite-direct,32,unchanged,5,one-pass,115.955275,567.801000000145,0,0,0,0,False,d824b25f8da1907c2a6b0efdaa653a853ecf8d15f80f927dc35b86625781ade6,/var/tmp/dd-ci-testing-poc-tool-strategies-20261003/matrix-final/logs/suite-direct-32-unchanged-5-one-pass.log
suite-direct,32,unchanged,5,current,133.740795,693.501000000083,0,0,0,0,False,d824b25f8da1907c2a6b0efdaa653a853ecf8d15f80f927dc35b86625781ade6,/var/tmp/dd-ci-testing-poc-tool-strategies-20261003/matrix-final/logs/suite-direct-32-unchanged-5-current.log
suite-direct,32,unchanged,5,find,121.665468,620.0250000003962,0,0,0,0,False,d824b25f8da1907c2a6b0efdaa653a853ecf8d15f80f927dc35b86625781ade6,/var/tmp/dd-ci-testing-poc-tool-strategies-20261003/matrix-final/logs/suite-direct-32-unchanged-5-find.log
suite-direct,32,unchanged,6,current,137.177107,675.5029999998214,0,0,0,0,False,d824b25f8da1907c2a6b0efdaa653a853ecf8d15f80f927dc35b86625781ade6,/var/tmp/dd-ci-testing-poc-tool-strategies-20261003/matrix-final/logs/suite-direct-32-unchanged-6-current.log
suite-direct,32,unchanged,6,find,120.237978,614.5699999998442,0,0,0,0,False,d824b25f8da1907c2a6b0efdaa653a853ecf8d15f80f927dc35b86625781ade6,/var/tmp/dd-ci-testing-poc-tool-strategies-20261003/matrix-final/logs/suite-direct-32-unchanged-6-find.log
suite-direct,32,unchanged,6,one-pass,115.680375,533.5530000000972,0,0,0,0,False,d824b25f8da1907c2a6b0efdaa653a853ecf8d15f80f927dc35b86625781ade6,/var/tmp/dd-ci-testing-poc-tool-strategies-20261003/matrix-final/logs/suite-direct-32-unchanged-6-one-pass.log
suite-direct,32,edit,0,find,433.145204,1125.936000000138,2,0,1,0,True,8257756d9a4e13658d65699e894003d669f142427d67b6fa2ae8b181f8203c47,/var/tmp/dd-ci-testing-poc-tool-strategies-20261003/matrix-final/logs/suite-direct-32-edit-0-find.log
suite-direct,32,edit,0,one-pass,428.140952,1041.4159999997992,2,0,1,0,True,6fe0d0852bbafa70962041c8dd0b4df4b6eb1856b6f57304a894dc2c65220566,/var/tmp/dd-ci-testing-poc-tool-strategies-20261003/matrix-final/logs/suite-direct-32-edit-0-one-pass.log
suite-direct,32,edit,0,current,436.724317,1176.8889999997327,2,0,1,0,True,e3a1dee4d42687651c582801e46a2c94151eb73ff558f0596972aeb54592f0cf,/var/tmp/dd-ci-testing-poc-tool-strategies-20261003/matrix-final/logs/suite-direct-32-edit-0-current.log
suite-direct,32,edit,1,one-pass,439.452679,1070.8309999998846,2,0,1,0,True,be137c50f015d3489458c4096ccde5f713566f8dd8550066d17e8c9c6e085960,/var/tmp/dd-ci-testing-poc-tool-strategies-20261003/matrix-final/logs/suite-direct-32-edit-1-one-pass.log
suite-direct,32,edit,1,current,435.443996,1179.5020000000704,2,0,1,0,True,45e7699a3d09330ab537b3dbcecd058fe096da646bf9192e3f28db8262d90285,/var/tmp/dd-ci-testing-poc-tool-strategies-20261003/matrix-final/logs/suite-direct-32-edit-1-current.log
suite-direct,32,edit,1,find,428.289923,1147.4689999998873,2,0,1,0,True,dc13efe4edefb69179cbfad977a0fcd86837631f369bea578267cf961238a6ea,/var/tmp/dd-ci-testing-poc-tool-strategies-20261003/matrix-final/logs/suite-direct-32-edit-1-find.log
suite-direct,32,edit,2,current,454.350968,1197.9869999994435,2,0,1,0,True,dcb085ec4088fb16b175fd8c7c5ccbc1d70e979459194189ca5dfcf3fb16e7e1,/var/tmp/dd-ci-testing-poc-tool-strategies-20261003/matrix-final/logs/suite-direct-32-edit-2-current.log
suite-direct,32,edit,2,find,433.197176,1084.6760000001723,2,0,1,0,True,5028d00ac48164a0af3706b9323141d1b89aa6f4604ab38f6413434a0d958595,/var/tmp/dd-ci-testing-poc-tool-strategies-20261003/matrix-final/logs/suite-direct-32-edit-2-find.log
suite-direct,32,edit,2,one-pass,433.648006,1061.7889999998624,2,0,1,0,True,df35845baf069d523e5c2aeabd7d2bbc576da6badae963b06e3cdafcc9e44465,/var/tmp/dd-ci-testing-poc-tool-strategies-20261003/matrix-final/logs/suite-direct-32-edit-2-one-pass.log
suite-direct,32,edit,3,find,465.096725,1165.676999999846,2,0,1,0,True,12c69dd328f267397bf43cfcf2d5e067f48e7e16ffb02d8803b569e9fe951418,/var/tmp/dd-ci-testing-poc-tool-strategies-20261003/matrix-final/logs/suite-direct-32-edit-3-find.log
suite-direct,32,edit,3,one-pass,457.542441,1085.0099999997838,2,0,1,0,True,59d319d9e0cc6d8d31dddc2dfb8fafff773f0d5902cd21c1f6229d992d5624d5,/var/tmp/dd-ci-testing-poc-tool-strategies-20261003/matrix-final/logs/suite-direct-32-edit-3-one-pass.log
suite-direct,32,edit,3,current,469.561807,1221.3439999998172,2,0,1,0,True,777524bcde37b0fadd62406339e5efdad39aad8603446286bb4f072e351c6517,/var/tmp/dd-ci-testing-poc-tool-strategies-20261003/matrix-final/logs/suite-direct-32-edit-3-current.log
suite-direct,32,edit,4,one-pass,437.099039,1089.8139999998193,2,0,1,0,True,2ba7ef6d630c43c99d070922f853c18062df057778e0f766d58f516fe8ae242e,/var/tmp/dd-ci-testing-poc-tool-strategies-20261003/matrix-final/logs/suite-direct-32-edit-4-one-pass.log
suite-direct,32,edit,4,current,480.751804,1186.7420000005495,2,0,1,0,True,215e93dc9497c1be48a989c490b72eae3f7ce431d0ba78ff8f9e565eaf504286,/var/tmp/dd-ci-testing-poc-tool-strategies-20261003/matrix-final/logs/suite-direct-32-edit-4-current.log
suite-direct,32,edit,4,find,427.222074,1111.3180000000966,2,0,1,0,True,ce6cadb880fa6ac2164814e10d3026e8a0dcbceab7c097957b8309bab36e46aa,/var/tmp/dd-ci-testing-poc-tool-strategies-20261003/matrix-final/logs/suite-direct-32-edit-4-find.log
suite-direct,32,edit,5,current,462.903765,1212.929000000031,2,0,1,0,True,45388fca6429c80ca6c47c06f696b59ae7d64450502cd9740715253d2d85fcc5,/var/tmp/dd-ci-testing-poc-tool-strategies-20261003/matrix-final/logs/suite-direct-32-edit-5-current.log
suite-direct,32,edit,5,find,452.64363,1150.097000000187,2,0,1,0,True,c61936c1de5d7a90d715f54169ab449e2f36800536dfe49f419029cabd1290dd,/var/tmp/dd-ci-testing-poc-tool-strategies-20261003/matrix-final/logs/suite-direct-32-edit-5-find.log
suite-direct,32,edit,5,one-pass,514.121544,1094.9070000001484,2,0,1,0,True,0887bce2c46f272493893b2ebd029eb5daddb2f4f5107a47787e69d243ead124,/var/tmp/dd-ci-testing-poc-tool-strategies-20261003/matrix-final/logs/suite-direct-32-edit-5-one-pass.log
suite-direct,32,edit,6,find,437.499142,1102.566999999567,2,0,1,0,True,43f359705465f279637e05546dbfaf1cef0531ef5511bd5de6a1109ebb419308,/var/tmp/dd-ci-testing-poc-tool-strategies-20261003/matrix-final/logs/suite-direct-32-edit-6-find.log
suite-direct,32,edit,6,one-pass,437.04141,1048.9700000002813,2,0,1,0,True,921ca9a74a3c822527ee35e7a7a0a53936e2f381c15f255f5d07ab8cf503e46f,/var/tmp/dd-ci-testing-poc-tool-strategies-20261003/matrix-final/logs/suite-direct-32-edit-6-one-pass.log
suite-direct,32,edit,6,current,453.65706,1206.4469999997982,2,0,1,0,True,2fc169b87268b28f8a00082a283def9362888f2b12bd3bfe1ba1691c7bfcf75b,/var/tmp/dd-ci-testing-poc-tool-strategies-20261003/matrix-final/logs/suite-direct-32-edit-6-current.log
suite-direct,32,switch-cache,0,current,393.460526,1005.457999999976,0,0,1,0,True,d824b25f8da1907c2a6b0efdaa653a853ecf8d15f80f927dc35b86625781ade6,/var/tmp/dd-ci-testing-poc-tool-strategies-20261003/matrix-final/logs/suite-direct-32-switch-cache-0-current.log
suite-direct,32,switch-cache,1,find,122.484861,614.1440000000102,0,0,0,0,False,d824b25f8da1907c2a6b0efdaa653a853ecf8d15f80f927dc35b86625781ade6,/var/tmp/dd-ci-testing-poc-tool-strategies-20261003/matrix-final/logs/suite-direct-32-switch-cache-1-find.log
suite-direct,32,switch-cache,2,one-pass,114.174175,554.8740000000407,0,0,0,0,False,d824b25f8da1907c2a6b0efdaa653a853ecf8d15f80f927dc35b86625781ade6,/var/tmp/dd-ci-testing-poc-tool-strategies-20261003/matrix-final/logs/suite-direct-32-switch-cache-2-one-pass.log
suite-direct,32,switch-cache,3,current,135.841089,666.7999999998528,0,0,0,0,False,d824b25f8da1907c2a6b0efdaa653a853ecf8d15f80f927dc35b86625781ade6,/var/tmp/dd-ci-testing-poc-tool-strategies-20261003/matrix-final/logs/suite-direct-32-switch-cache-3-current.log
suite-external-helper,32,cold,0,current,6479.237358,60989.92299999963,275,94,1,0,True,d824b25f8da1907c2a6b0efdaa653a853ecf8d15f80f927dc35b86625781ade6,/var/tmp/dd-ci-testing-poc-tool-strategies-20261003/matrix-final/logs/suite-external-helper-32-cold-0-current.log
suite-external-helper,32,cold,0,find,6061.498905,59244.4320000003,275,94,1,0,True,d824b25f8da1907c2a6b0efdaa653a853ecf8d15f80f927dc35b86625781ade6,/var/tmp/dd-ci-testing-poc-tool-strategies-20261003/matrix-final/logs/suite-external-helper-32-cold-0-find.log
suite-external-helper,32,cold,0,one-pass,5905.505461,59383.85599999981,275,94,1,0,True,d824b25f8da1907c2a6b0efdaa653a853ecf8d15f80f927dc35b86625781ade6,/var/tmp/dd-ci-testing-poc-tool-strategies-20261003/matrix-final/logs/suite-external-helper-32-cold-0-one-pass.log
suite-external-helper,32,cold,1,find,5985.988775,59603.47600000023,275,94,1,0,True,d824b25f8da1907c2a6b0efdaa653a853ecf8d15f80f927dc35b86625781ade6,/var/tmp/dd-ci-testing-poc-tool-strategies-20261003/matrix-final/logs/suite-external-helper-32-cold-1-find.log
suite-external-helper,32,cold,1,one-pass,5960.048376,59007.9209999999,275,94,1,0,True,d824b25f8da1907c2a6b0efdaa653a853ecf8d15f80f927dc35b86625781ade6,/var/tmp/dd-ci-testing-poc-tool-strategies-20261003/matrix-final/logs/suite-external-helper-32-cold-1-one-pass.log
suite-external-helper,32,cold,1,current,5978.355532,59494.40899999979,275,94,1,0,True,d824b25f8da1907c2a6b0efdaa653a853ecf8d15f80f927dc35b86625781ade6,/var/tmp/dd-ci-testing-poc-tool-strategies-20261003/matrix-final/logs/suite-external-helper-32-cold-1-current.log
suite-external-helper,32,cold,2,one-pass,5979.019238,59326.350000000275,275,94,1,0,True,d824b25f8da1907c2a6b0efdaa653a853ecf8d15f80f927dc35b86625781ade6,/var/tmp/dd-ci-testing-poc-tool-strategies-20261003/matrix-final/logs/suite-external-helper-32-cold-2-one-pass.log
suite-external-helper,32,cold,2,current,5998.037975,59120.466999999735,275,94,1,0,True,d824b25f8da1907c2a6b0efdaa653a853ecf8d15f80f927dc35b86625781ade6,/var/tmp/dd-ci-testing-poc-tool-strategies-20261003/matrix-final/logs/suite-external-helper-32-cold-2-current.log
suite-external-helper,32,cold,2,find,6060.028318,58511.03499999988,275,94,1,0,True,d824b25f8da1907c2a6b0efdaa653a853ecf8d15f80f927dc35b86625781ade6,/var/tmp/dd-ci-testing-poc-tool-strategies-20261003/matrix-final/logs/suite-external-helper-32-cold-2-find.log
suite-external-helper,32,unchanged,0,current,137.422337,676.3250000000198,0,0,0,0,False,d824b25f8da1907c2a6b0efdaa653a853ecf8d15f80f927dc35b86625781ade6,/var/tmp/dd-ci-testing-poc-tool-strategies-20261003/matrix-final/logs/suite-external-helper-32-unchanged-0-current.log
suite-external-helper,32,unchanged,0,find,131.861493,633.2220000001598,0,0,0,0,False,d824b25f8da1907c2a6b0efdaa653a853ecf8d15f80f927dc35b86625781ade6,/var/tmp/dd-ci-testing-poc-tool-strategies-20261003/matrix-final/logs/suite-external-helper-32-unchanged-0-find.log
suite-external-helper,32,unchanged,0,one-pass,119.030725,593.2420000001457,0,0,0,0,False,d824b25f8da1907c2a6b0efdaa653a853ecf8d15f80f927dc35b86625781ade6,/var/tmp/dd-ci-testing-poc-tool-strategies-20261003/matrix-final/logs/suite-external-helper-32-unchanged-0-one-pass.log
suite-external-helper,32,unchanged,1,find,137.002747,672.5259999998343,0,0,0,0,False,d824b25f8da1907c2a6b0efdaa653a853ecf8d15f80f927dc35b86625781ade6,/var/tmp/dd-ci-testing-poc-tool-strategies-20261003/matrix-final/logs/suite-external-helper-32-unchanged-1-find.log
suite-external-helper,32,unchanged,1,one-pass,115.395193,550.5819999997357,0,0,0,0,False,d824b25f8da1907c2a6b0efdaa653a853ecf8d15f80f927dc35b86625781ade6,/var/tmp/dd-ci-testing-poc-tool-strategies-20261003/matrix-final/logs/suite-external-helper-32-unchanged-1-one-pass.log
suite-external-helper,32,unchanged,1,current,131.264773,657.3280000002342,0,0,0,0,False,d824b25f8da1907c2a6b0efdaa653a853ecf8d15f80f927dc35b86625781ade6,/var/tmp/dd-ci-testing-poc-tool-strategies-20261003/matrix-final/logs/suite-external-helper-32-unchanged-1-current.log
suite-external-helper,32,unchanged,2,one-pass,116.579853,540.5609999996841,0,0,0,0,False,d824b25f8da1907c2a6b0efdaa653a853ecf8d15f80f927dc35b86625781ade6,/var/tmp/dd-ci-testing-poc-tool-strategies-20261003/matrix-final/logs/suite-external-helper-32-unchanged-2-one-pass.log
suite-external-helper,32,unchanged,2,current,134.769976,659.6600000003718,0,0,0,0,False,d824b25f8da1907c2a6b0efdaa653a853ecf8d15f80f927dc35b86625781ade6,/var/tmp/dd-ci-testing-poc-tool-strategies-20261003/matrix-final/logs/suite-external-helper-32-unchanged-2-current.log
suite-external-helper,32,unchanged,2,find,133.781615,656.5009999995937,0,0,0,0,False,d824b25f8da1907c2a6b0efdaa653a853ecf8d15f80f927dc35b86625781ade6,/var/tmp/dd-ci-testing-poc-tool-strategies-20261003/matrix-final/logs/suite-external-helper-32-unchanged-2-find.log
suite-external-helper,32,unchanged,3,current,135.309856,673.6970000001747,0,0,0,0,False,d824b25f8da1907c2a6b0efdaa653a853ecf8d15f80f927dc35b86625781ade6,/var/tmp/dd-ci-testing-poc-tool-strategies-20261003/matrix-final/logs/suite-external-helper-32-unchanged-3-current.log
suite-external-helper,32,unchanged,3,find,133.634964,629.6919999998636,0,0,0,0,False,d824b25f8da1907c2a6b0efdaa653a853ecf8d15f80f927dc35b86625781ade6,/var/tmp/dd-ci-testing-poc-tool-strategies-20261003/matrix-final/logs/suite-external-helper-32-unchanged-3-find.log
suite-external-helper,32,unchanged,3,one-pass,118.678346,573.1420000003027,0,0,0,0,False,d824b25f8da1907c2a6b0efdaa653a853ecf8d15f80f927dc35b86625781ade6,/var/tmp/dd-ci-testing-poc-tool-strategies-20261003/matrix-final/logs/suite-external-helper-32-unchanged-3-one-pass.log
suite-external-helper,32,unchanged,4,find,133.342834,626.8110000003162,0,0,0,0,False,d824b25f8da1907c2a6b0efdaa653a853ecf8d15f80f927dc35b86625781ade6,/var/tmp/dd-ci-testing-poc-tool-strategies-20261003/matrix-final/logs/suite-external-helper-32-unchanged-4-find.log
suite-external-helper,32,unchanged,4,one-pass,115.681753,564.0670000001364,0,0,0,0,False,d824b25f8da1907c2a6b0efdaa653a853ecf8d15f80f927dc35b86625781ade6,/var/tmp/dd-ci-testing-poc-tool-strategies-20261003/matrix-final/logs/suite-external-helper-32-unchanged-4-one-pass.log
suite-external-helper,32,unchanged,4,current,136.649907,677.356000000259,0,0,0,0,False,d824b25f8da1907c2a6b0efdaa653a853ecf8d15f80f927dc35b86625781ade6,/var/tmp/dd-ci-testing-poc-tool-strategies-20261003/matrix-final/logs/suite-external-helper-32-unchanged-4-current.log
suite-external-helper,32,unchanged,5,one-pass,116.162123,558.0850000002329,0,0,0,0,False,d824b25f8da1907c2a6b0efdaa653a853ecf8d15f80f927dc35b86625781ade6,/var/tmp/dd-ci-testing-poc-tool-strategies-20261003/matrix-final/logs/suite-external-helper-32-unchanged-5-one-pass.log
suite-external-helper,32,unchanged,5,current,136.565066,670.1479999998128,0,0,0,0,False,d824b25f8da1907c2a6b0efdaa653a853ecf8d15f80f927dc35b86625781ade6,/var/tmp/dd-ci-testing-poc-tool-strategies-20261003/matrix-final/logs/suite-external-helper-32-unchanged-5-current.log
suite-external-helper,32,unchanged,5,find,134.665566,663.5550000000876,0,0,0,0,False,d824b25f8da1907c2a6b0efdaa653a853ecf8d15f80f927dc35b86625781ade6,/var/tmp/dd-ci-testing-poc-tool-strategies-20261003/matrix-final/logs/suite-external-helper-32-unchanged-5-find.log
suite-external-helper,32,unchanged,6,current,133.996335,655.8469999996532,0,0,0,0,False,d824b25f8da1907c2a6b0efdaa653a853ecf8d15f80f927dc35b86625781ade6,/var/tmp/dd-ci-testing-poc-tool-strategies-20261003/matrix-final/logs/suite-external-helper-32-unchanged-6-current.log
suite-external-helper,32,unchanged,6,find,136.261917,691.974000000414,0,0,0,0,False,d824b25f8da1907c2a6b0efdaa653a853ecf8d15f80f927dc35b86625781ade6,/var/tmp/dd-ci-testing-poc-tool-strategies-20261003/matrix-final/logs/suite-external-helper-32-unchanged-6-find.log
suite-external-helper,32,unchanged,6,one-pass,116.765664,567.209000000048,0,0,0,0,False,d824b25f8da1907c2a6b0efdaa653a853ecf8d15f80f927dc35b86625781ade6,/var/tmp/dd-ci-testing-poc-tool-strategies-20261003/matrix-final/logs/suite-external-helper-32-unchanged-6-one-pass.log
suite-external-helper,32,edit,0,find,423.744819,1030.6849999999486,2,0,1,0,True,7918403cc08364d0bee2dda7e3127b1b17d94d14b7da1be76ccd851178201ba0,/var/tmp/dd-ci-testing-poc-tool-strategies-20261003/matrix-final/logs/suite-external-helper-32-edit-0-find.log
suite-external-helper,32,edit,0,one-pass,385.567405,975.2080000004071,2,0,1,0,True,0c6791bf11cbfb613c19fe3a31309744047a43163a8395ee1e408a7400f8dcb7,/var/tmp/dd-ci-testing-poc-tool-strategies-20261003/matrix-final/logs/suite-external-helper-32-edit-0-one-pass.log
suite-external-helper,32,edit,0,current,406.298838,1033.0280000002858,2,0,1,0,True,a8e7a7782727805bec3dbef2cd817282138efc08ec6d40ba7ff2f4538c8082c8,/var/tmp/dd-ci-testing-poc-tool-strategies-20261003/matrix-final/logs/suite-external-helper-32-edit-0-current.log
suite-external-helper,32,edit,1,one-pass,385.727185,991.6970000001584,2,0,1,0,True,54ce1efba2b2cef14c98c411506dddf4af15c3b1376cf95a3fef3d62a807259a,/var/tmp/dd-ci-testing-poc-tool-strategies-20261003/matrix-final/logs/suite-external-helper-32-edit-1-one-pass.log
suite-external-helper,32,edit,1,current,403.441976,1042.2949999999673,2,0,1,0,True,1e4dcb0766cde525d315defa51710165bc49f608b0094568d6088bc8179286a6,/var/tmp/dd-ci-testing-poc-tool-strategies-20261003/matrix-final/logs/suite-external-helper-32-edit-1-current.log
suite-external-helper,32,edit,1,find,394.334881,1024.8599999999897,2,0,1,0,True,d2088db80e22eb277787d014c1590fff1867c2734cc9fe86ea63f72d93a7fbee,/var/tmp/dd-ci-testing-poc-tool-strategies-20261003/matrix-final/logs/suite-external-helper-32-edit-1-find.log
suite-external-helper,32,edit,2,current,417.841816,1053.2260000002225,2,0,1,0,True,730152714631d72b267e56f5cd231f166be7cf2f29eee8ba8484fb15259b0629,/var/tmp/dd-ci-testing-poc-tool-strategies-20261003/matrix-final/logs/suite-external-helper-32-edit-2-current.log
suite-external-helper,32,edit,2,find,406.260419,1076.6940000000886,2,0,1,0,True,fd172d3089982a1793dc087395b00dd12e805945e6093b9bd7ba9af4aabf5a57,/var/tmp/dd-ci-testing-poc-tool-strategies-20261003/matrix-final/logs/suite-external-helper-32-edit-2-find.log
suite-external-helper,32,edit,2,one-pass,394.350801,953.5139999999274,2,0,1,0,True,ccea9e875358ba4cdbbba8f7953a5a3f20608a081e9cfaa9fc6d93073dc2db22,/var/tmp/dd-ci-testing-poc-tool-strategies-20261003/matrix-final/logs/suite-external-helper-32-edit-2-one-pass.log
suite-external-helper,32,edit,3,find,412.284522,1042.6259999999274,2,0,1,0,True,1c304125752c12d4b9f451ec0e02f557f18a871f5886dd3bd4e50c72373ae827,/var/tmp/dd-ci-testing-poc-tool-strategies-20261003/matrix-final/logs/suite-external-helper-32-edit-3-find.log
suite-external-helper,32,edit,3,one-pass,385.261666,973.3760000000302,2,0,1,0,True,621f930fb12ff1f13b8f86129bf831af2d5a8dda3668079df4ec320bfbdc00bb,/var/tmp/dd-ci-testing-poc-tool-strategies-20261003/matrix-final/logs/suite-external-helper-32-edit-3-one-pass.log
suite-external-helper,32,edit,3,current,402.340187,1069.0529999999399,2,0,1,0,True,7af275c82ae35a92f09ff13a358c68f3ebf6c14a246b139d6dedf04513a35ff7,/var/tmp/dd-ci-testing-poc-tool-strategies-20261003/matrix-final/logs/suite-external-helper-32-edit-3-current.log
suite-external-helper,32,edit,4,one-pass,410.694502,973.9279999998871,2,0,1,0,True,0b1b10f2d5a5df54d6ec22d0fbe0e94a985ad06ff16fad5127d888873d255469,/var/tmp/dd-ci-testing-poc-tool-strategies-20261003/matrix-final/logs/suite-external-helper-32-edit-4-one-pass.log
suite-external-helper,32,edit,4,current,402.988938,1060.553999999911,2,0,1,0,True,5b71fca17b76aa8b6fc4f54b36038a5cd4e310f17c61d3d39396b7817a2a77a5,/var/tmp/dd-ci-testing-poc-tool-strategies-20261003/matrix-final/logs/suite-external-helper-32-edit-4-current.log
suite-external-helper,32,edit,4,find,412.053473,1086.6930000001958,2,0,1,0,True,84a8e4963841eae045aee843cbf814548b691e1dc3173511e6a091541fc6ab57,/var/tmp/dd-ci-testing-poc-tool-strategies-20261003/matrix-final/logs/suite-external-helper-32-edit-4-find.log
suite-external-helper,32,edit,5,current,399.384255,1008.8859999997339,2,0,1,0,True,b9c27886af2efaaa8327f197369273e998a87af1bd60d36399fb5750bfbe631f,/var/tmp/dd-ci-testing-poc-tool-strategies-20261003/matrix-final/logs/suite-external-helper-32-edit-5-current.log
suite-external-helper,32,edit,5,find,401.615227,1015.9480000002077,2,0,1,0,True,566047ab0151759ee3a8873e163adf08605a5e95c8c18664e34cc49e0fcbe7be,/var/tmp/dd-ci-testing-poc-tool-strategies-20261003/matrix-final/logs/suite-external-helper-32-edit-5-find.log
suite-external-helper,32,edit,5,one-pass,381.505065,923.6439999996264,2,0,1,0,True,9933eff45e3475be3375c012d5e04104255c88e3be81fd95567d7ee974eaac5a,/var/tmp/dd-ci-testing-poc-tool-strategies-20261003/matrix-final/logs/suite-external-helper-32-edit-5-one-pass.log
suite-external-helper,32,edit,6,find,449.732248,992.7229999999554,2,0,1,0,True,5640d55cbfcc169f1c29c16bf165ef053f51c128c5bbb54d3012c5f79601a55e,/var/tmp/dd-ci-testing-poc-tool-strategies-20261003/matrix-final/logs/suite-external-helper-32-edit-6-find.log
suite-external-helper,32,edit,6,one-pass,388.347669,969.2860000002383,2,0,1,0,True,aa2756e56b47ca2acf704ef81a2d07691cc588f0c5e00225ae14992498284ea0,/var/tmp/dd-ci-testing-poc-tool-strategies-20261003/matrix-final/logs/suite-external-helper-32-edit-6-one-pass.log
suite-external-helper,32,edit,6,current,399.488287,1023.5159999999723,2,0,1,0,True,93d2458a5ce8dc2c2f0f90cf4c82b23452c042e53ffbca5499f08587daf650d5,/var/tmp/dd-ci-testing-poc-tool-strategies-20261003/matrix-final/logs/suite-external-helper-32-edit-6-current.log
suite-external-helper,32,switch-cache,0,current,364.162264,979.4530000001487,0,0,1,0,True,d824b25f8da1907c2a6b0efdaa653a853ecf8d15f80f927dc35b86625781ade6,/var/tmp/dd-ci-testing-poc-tool-strategies-20261003/matrix-final/logs/suite-external-helper-32-switch-cache-0-current.log
suite-external-helper,32,switch-cache,1,find,136.321947,663.22300000013,0,0,0,0,False,d824b25f8da1907c2a6b0efdaa653a853ecf8d15f80f927dc35b86625781ade6,/var/tmp/dd-ci-testing-poc-tool-strategies-20261003/matrix-final/logs/suite-external-helper-32-switch-cache-1-find.log
suite-external-helper,32,switch-cache,2,one-pass,117.785626,565.3069999997342,0,0,0,0,False,d824b25f8da1907c2a6b0efdaa653a853ecf8d15f80f927dc35b86625781ade6,/var/tmp/dd-ci-testing-poc-tool-strategies-20261003/matrix-final/logs/suite-external-helper-32-switch-cache-2-one-pass.log
suite-external-helper,32,switch-cache,3,current,139.51301,693.2540000002518,0,0,0,0,False,d824b25f8da1907c2a6b0efdaa653a853ecf8d15f80f927dc35b86625781ade6,/var/tmp/dd-ci-testing-poc-tool-strategies-20261003/matrix-final/logs/suite-external-helper-32-switch-cache-3-current.log
suite-client-coverage,32,cold,0,current,6139.355312,59926.407000000494,290,94,1,2,True,d824b25f8da1907c2a6b0efdaa653a853ecf8d15f80f927dc35b86625781ade6,/var/tmp/dd-ci-testing-poc-tool-strategies-20261003/matrix-final/logs/suite-client-coverage-32-cold-0-current.log
suite-client-coverage,32,cold,0,find,6075.589925,59927.636000000464,290,94,1,2,True,d824b25f8da1907c2a6b0efdaa653a853ecf8d15f80f927dc35b86625781ade6,/var/tmp/dd-ci-testing-poc-tool-strategies-20261003/matrix-final/logs/suite-client-coverage-32-cold-0-find.log
suite-client-coverage,32,cold,0,one-pass,6543.802078,59498.446999999825,290,94,1,2,True,d824b25f8da1907c2a6b0efdaa653a853ecf8d15f80f927dc35b86625781ade6,/var/tmp/dd-ci-testing-poc-tool-strategies-20261003/matrix-final/logs/suite-client-coverage-32-cold-0-one-pass.log
suite-client-coverage,32,cold,1,find,6000.257364,60761.00200000019,290,94,1,2,True,d824b25f8da1907c2a6b0efdaa653a853ecf8d15f80f927dc35b86625781ade6,/var/tmp/dd-ci-testing-poc-tool-strategies-20261003/matrix-final/logs/suite-client-coverage-32-cold-1-find.log
suite-client-coverage,32,cold,1,one-pass,6063.693588,60143.150999999874,290,94,1,2,True,d824b25f8da1907c2a6b0efdaa653a853ecf8d15f80f927dc35b86625781ade6,/var/tmp/dd-ci-testing-poc-tool-strategies-20261003/matrix-final/logs/suite-client-coverage-32-cold-1-one-pass.log
suite-client-coverage,32,cold,1,current,6020.274501,60673.25999999969,290,94,1,2,True,d824b25f8da1907c2a6b0efdaa653a853ecf8d15f80f927dc35b86625781ade6,/var/tmp/dd-ci-testing-poc-tool-strategies-20261003/matrix-final/logs/suite-client-coverage-32-cold-1-current.log
suite-client-coverage,32,cold,2,one-pass,6047.281481,59512.695000000465,290,94,1,2,True,d824b25f8da1907c2a6b0efdaa653a853ecf8d15f80f927dc35b86625781ade6,/var/tmp/dd-ci-testing-poc-tool-strategies-20261003/matrix-final/logs/suite-client-coverage-32-cold-2-one-pass.log
suite-client-coverage,32,cold,2,current,6060.892371,60284.5550000003,290,94,1,2,True,d824b25f8da1907c2a6b0efdaa653a853ecf8d15f80f927dc35b86625781ade6,/var/tmp/dd-ci-testing-poc-tool-strategies-20261003/matrix-final/logs/suite-client-coverage-32-cold-2-current.log
suite-client-coverage,32,cold,2,find,6041.238068,60130.26500000035,290,94,1,2,True,d824b25f8da1907c2a6b0efdaa653a853ecf8d15f80f927dc35b86625781ade6,/var/tmp/dd-ci-testing-poc-tool-strategies-20261003/matrix-final/logs/suite-client-coverage-32-cold-2-find.log
suite-client-coverage,32,unchanged,0,current,135.970875,661.6630000000896,0,0,0,0,False,d824b25f8da1907c2a6b0efdaa653a853ecf8d15f80f927dc35b86625781ade6,/var/tmp/dd-ci-testing-poc-tool-strategies-20261003/matrix-final/logs/suite-client-coverage-32-unchanged-0-current.log
suite-client-coverage,32,unchanged,0,find,127.357328,595.499000000359,0,0,0,0,False,d824b25f8da1907c2a6b0efdaa653a853ecf8d15f80f927dc35b86625781ade6,/var/tmp/dd-ci-testing-poc-tool-strategies-20261003/matrix-final/logs/suite-client-coverage-32-unchanged-0-find.log
suite-client-coverage,32,unchanged,0,one-pass,122.698345,572.5659999998243,0,0,0,0,False,d824b25f8da1907c2a6b0efdaa653a853ecf8d15f80f927dc35b86625781ade6,/var/tmp/dd-ci-testing-poc-tool-strategies-20261003/matrix-final/logs/suite-client-coverage-32-unchanged-0-one-pass.log
suite-client-coverage,32,unchanged,1,find,119.862083,542.3010000002932,0,0,0,0,False,d824b25f8da1907c2a6b0efdaa653a853ecf8d15f80f927dc35b86625781ade6,/var/tmp/dd-ci-testing-poc-tool-strategies-20261003/matrix-final/logs/suite-client-coverage-32-unchanged-1-find.log
suite-client-coverage,32,unchanged,1,one-pass,118.582482,536.1789999996063,0,0,0,0,False,d824b25f8da1907c2a6b0efdaa653a853ecf8d15f80f927dc35b86625781ade6,/var/tmp/dd-ci-testing-poc-tool-strategies-20261003/matrix-final/logs/suite-client-coverage-32-unchanged-1-one-pass.log
suite-client-coverage,32,unchanged,1,current,140.058308,669.7599999999966,0,0,0,0,False,d824b25f8da1907c2a6b0efdaa653a853ecf8d15f80f927dc35b86625781ade6,/var/tmp/dd-ci-testing-poc-tool-strategies-20261003/matrix-final/logs/suite-client-coverage-32-unchanged-1-current.log
suite-client-coverage,32,unchanged,2,one-pass,120.222253,528.7809999992987,0,0,0,0,False,d824b25f8da1907c2a6b0efdaa653a853ecf8d15f80f927dc35b86625781ade6,/var/tmp/dd-ci-testing-poc-tool-strategies-20261003/matrix-final/logs/suite-client-coverage-32-unchanged-2-one-pass.log
suite-client-coverage,32,unchanged,2,current,144.59287,707.4890000000096,0,0,0,0,False,d824b25f8da1907c2a6b0efdaa653a853ecf8d15f80f927dc35b86625781ade6,/var/tmp/dd-ci-testing-poc-tool-strategies-20261003/matrix-final/logs/suite-client-coverage-32-unchanged-2-current.log
suite-client-coverage,32,unchanged,2,find,123.791566,573.6060000000407,0,0,0,0,False,d824b25f8da1907c2a6b0efdaa653a853ecf8d15f80f927dc35b86625781ade6,/var/tmp/dd-ci-testing-poc-tool-strategies-20261003/matrix-final/logs/suite-client-coverage-32-unchanged-2-find.log
suite-client-coverage,32,unchanged,3,current,137.767525,667.6169999999502,0,0,0,0,False,d824b25f8da1907c2a6b0efdaa653a853ecf8d15f80f927dc35b86625781ade6,/var/tmp/dd-ci-testing-poc-tool-strategies-20261003/matrix-final/logs/suite-client-coverage-32-unchanged-3-current.log
suite-client-coverage,32,unchanged,3,find,125.268746,617.9800000001023,0,0,0,0,False,d824b25f8da1907c2a6b0efdaa653a853ecf8d15f80f927dc35b86625781ade6,/var/tmp/dd-ci-testing-poc-tool-strategies-20261003/matrix-final/logs/suite-client-coverage-32-unchanged-3-find.log
suite-client-coverage,32,unchanged,3,one-pass,119.979003,546.5810000004012,0,0,0,0,False,d824b25f8da1907c2a6b0efdaa653a853ecf8d15f80f927dc35b86625781ade6,/var/tmp/dd-ci-testing-poc-tool-strategies-20261003/matrix-final/logs/suite-client-coverage-32-unchanged-3-one-pass.log
suite-client-coverage,32,unchanged,4,find,125.635807,613.7210000001687,0,0,0,0,False,d824b25f8da1907c2a6b0efdaa653a853ecf8d15f80f927dc35b86625781ade6,/var/tmp/dd-ci-testing-poc-tool-strategies-20261003/matrix-final/logs/suite-client-coverage-32-unchanged-4-find.log
suite-client-coverage,32,unchanged,4,one-pass,122.570126,553.1509999997297,0,0,0,0,False,d824b25f8da1907c2a6b0efdaa653a853ecf8d15f80f927dc35b86625781ade6,/var/tmp/dd-ci-testing-poc-tool-strategies-20261003/matrix-final/logs/suite-client-coverage-32-unchanged-4-one-pass.log
suite-client-coverage,32,unchanged,4,current,139.387867,657.9630000002226,0,0,0,0,False,d824b25f8da1907c2a6b0efdaa653a853ecf8d15f80f927dc35b86625781ade6,/var/tmp/dd-ci-testing-poc-tool-strategies-20261003/matrix-final/logs/suite-client-coverage-32-unchanged-4-current.log
suite-client-coverage,32,unchanged,5,one-pass,121.667574,540.1129999996783,0,0,0,0,False,d824b25f8da1907c2a6b0efdaa653a853ecf8d15f80f927dc35b86625781ade6,/var/tmp/dd-ci-testing-poc-tool-strategies-20261003/matrix-final/logs/suite-client-coverage-32-unchanged-5-one-pass.log
suite-client-coverage,32,unchanged,5,current,139.175387,652.9020000001537,0,0,0,0,False,d824b25f8da1907c2a6b0efdaa653a853ecf8d15f80f927dc35b86625781ade6,/var/tmp/dd-ci-testing-poc-tool-strategies-20261003/matrix-final/logs/suite-client-coverage-32-unchanged-5-current.log
suite-client-coverage,32,unchanged,5,find,124.672857,589.1720000003033,0,0,0,0,False,d824b25f8da1907c2a6b0efdaa653a853ecf8d15f80f927dc35b86625781ade6,/var/tmp/dd-ci-testing-poc-tool-strategies-20261003/matrix-final/logs/suite-client-coverage-32-unchanged-5-find.log
suite-client-coverage,32,unchanged,6,current,137.468015,645.996000000423,0,0,0,0,False,d824b25f8da1907c2a6b0efdaa653a853ecf8d15f80f927dc35b86625781ade6,/var/tmp/dd-ci-testing-poc-tool-strategies-20261003/matrix-final/logs/suite-client-coverage-32-unchanged-6-current.log
suite-client-coverage,32,unchanged,6,find,122.976596,590.3599999999187,0,0,0,0,False,d824b25f8da1907c2a6b0efdaa653a853ecf8d15f80f927dc35b86625781ade6,/var/tmp/dd-ci-testing-poc-tool-strategies-20261003/matrix-final/logs/suite-client-coverage-32-unchanged-6-find.log
suite-client-coverage,32,unchanged,6,one-pass,121.497565,529.5230000000402,0,0,0,0,False,d824b25f8da1907c2a6b0efdaa653a853ecf8d15f80f927dc35b86625781ade6,/var/tmp/dd-ci-testing-poc-tool-strategies-20261003/matrix-final/logs/suite-client-coverage-32-unchanged-6-one-pass.log
suite-client-coverage,32,edit,0,find,428.177207,1097.8219999993826,2,0,1,2,True,582ed75fcbc96d58124457789629971c92312e56f70f663579643ae09430e445,/var/tmp/dd-ci-testing-poc-tool-strategies-20261003/matrix-final/logs/suite-client-coverage-32-edit-0-find.log
suite-client-coverage,32,edit,0,one-pass,433.092111,1038.5600000001887,2,0,1,2,True,c1e97ea1e2e9923df5b767d5c510a2e043a578313d30dd1b012e1b51e35f7070,/var/tmp/dd-ci-testing-poc-tool-strategies-20261003/matrix-final/logs/suite-client-coverage-32-edit-0-one-pass.log
suite-client-coverage,32,edit,0,current,443.211919,1193.9380000002302,2,0,1,2,True,0ccd9ed57b4bb600ce56eff611c0651c4aee0d22c69e023fd40f761d98831d9c,/var/tmp/dd-ci-testing-poc-tool-strategies-20261003/matrix-final/logs/suite-client-coverage-32-edit-0-current.log
suite-client-coverage,32,edit,1,one-pass,413.123898,1065.6029999997827,2,0,1,2,True,a58b622903926888ae637d507b8c2e6ca669c0a874f963042336e9dfac38b2bc,/var/tmp/dd-ci-testing-poc-tool-strategies-20261003/matrix-final/logs/suite-client-coverage-32-edit-1-one-pass.log
suite-client-coverage,32,edit,1,current,455.625758,1213.1379999997307,2,0,1,2,True,0a4c37d738797865cd885b1fdcba80f947f8d7fe5f0451c172fece52697bc175,/var/tmp/dd-ci-testing-poc-tool-strategies-20261003/matrix-final/logs/suite-client-coverage-32-edit-1-current.log
suite-client-coverage,32,edit,1,find,425.865776,1096.0629999993898,2,0,1,2,True,df1ba491a010ca816eca008d199d917f22aee9d13882c660fb8b021bc17c5a7f,/var/tmp/dd-ci-testing-poc-tool-strategies-20261003/matrix-final/logs/suite-client-coverage-32-edit-1-find.log
suite-client-coverage,32,edit,2,current,435.525293,1172.9239999998526,2,0,1,2,True,28119ea103ff4c24b55f61884f1134b64e22069971637cc4fe4850fa15557fb7,/var/tmp/dd-ci-testing-poc-tool-strategies-20261003/matrix-final/logs/suite-client-coverage-32-edit-2-current.log
suite-client-coverage,32,edit,2,find,427.145768,1091.5249999997059,2,0,1,2,True,fb807bd2b253d7267269b56f34fc0df133bd47e8e10f667fb75a4376b76704fb,/var/tmp/dd-ci-testing-poc-tool-strategies-20261003/matrix-final/logs/suite-client-coverage-32-edit-2-find.log
suite-client-coverage,32,edit,2,one-pass,424.726607,1028.391999999826,2,0,1,2,True,7f0fe5ebbc3c7383c008e91a1a297f0a8d5f69ca0766f2e8f243d7e56fead70d,/var/tmp/dd-ci-testing-poc-tool-strategies-20261003/matrix-final/logs/suite-client-coverage-32-edit-2-one-pass.log
suite-client-coverage,32,edit,3,find,441.143348,1121.3319999998248,2,0,1,2,True,fc323de3b704f515c110769eb43b0b06a6c924c01c129b98df674a8368eb5d5e,/var/tmp/dd-ci-testing-poc-tool-strategies-20261003/matrix-final/logs/suite-client-coverage-32-edit-3-find.log
suite-client-coverage,32,edit,3,one-pass,424.035956,1031.7420000002357,2,0,1,2,True,3fc9004c678e9eca872229259576cd55bfa51cdd5155af3c2aa990de7eafbaeb,/var/tmp/dd-ci-testing-poc-tool-strategies-20261003/matrix-final/logs/suite-client-coverage-32-edit-3-one-pass.log
suite-client-coverage,32,edit,3,current,448.105903,1182.7929999998332,2,0,1,2,True,af69057c414eef904bea5ae2f50e48b51b02c6033696ae637a027c8d740c85b2,/var/tmp/dd-ci-testing-poc-tool-strategies-20261003/matrix-final/logs/suite-client-coverage-32-edit-3-current.log
suite-client-coverage,32,edit,4,one-pass,430.531181,1078.8900000000012,2,0,1,2,True,e7508710240805ff1b3d5d80af62a6e09d2226e9d9113855f45d86490720ecae,/var/tmp/dd-ci-testing-poc-tool-strategies-20261003/matrix-final/logs/suite-client-coverage-32-edit-4-one-pass.log
suite-client-coverage,32,edit,4,current,442.72846,1127.0159999997986,2,0,1,2,True,4c5b8b7d13e4afef9e22b26797aeb6513b6b71cfc293782a2bb1daca2e97956f,/var/tmp/dd-ci-testing-poc-tool-strategies-20261003/matrix-final/logs/suite-client-coverage-32-edit-4-current.log
suite-client-coverage,32,edit,4,find,424.962827,1136.3250000003973,2,0,1,2,True,c5a44f6984ff692c837cee9a0a1492140f67793ed0c0b3e3def2ae32c6f466f7,/var/tmp/dd-ci-testing-poc-tool-strategies-20261003/matrix-final/logs/suite-client-coverage-32-edit-4-find.log
suite-client-coverage,32,edit,5,current,461.265714,1194.812000000411,2,0,1,2,True,ebca0581136923825882fc578373400bb03ba524a83b831e6dfef30baacc4a00,/var/tmp/dd-ci-testing-poc-tool-strategies-20261003/matrix-final/logs/suite-client-coverage-32-edit-5-current.log
suite-client-coverage,32,edit,5,find,422.801557,1099.0990000004786,2,0,1,2,True,e9793b61fb2635afcf30f2fe1f2e4225623b619138c5a05f40fbeaf2cac43045,/var/tmp/dd-ci-testing-poc-tool-strategies-20261003/matrix-final/logs/suite-client-coverage-32-edit-5-find.log
suite-client-coverage,32,edit,5,one-pass,430.064312,1010.4950000001054,2,0,1,2,True,cde6ee59911641b83223b41ecce6f7218d7fdfc0b7404a34ea8f051c90a25229,/var/tmp/dd-ci-testing-poc-tool-strategies-20261003/matrix-final/logs/suite-client-coverage-32-edit-5-one-pass.log
suite-client-coverage,32,edit,6,find,423.678877,1060.783000000015,2,0,1,2,True,bab7d13848599678157e02fb58877718faaf2e16eb69e4a915735fdda642ae2f,/var/tmp/dd-ci-testing-poc-tool-strategies-20261003/matrix-final/logs/suite-client-coverage-32-edit-6-find.log
suite-client-coverage,32,edit,6,one-pass,457.232521,1047.9110000005676,2,0,1,2,True,056acec0d6fbfbd51981fda448e352b2bebe7646e780eadcf2ecbee271820580,/var/tmp/dd-ci-testing-poc-tool-strategies-20261003/matrix-final/logs/suite-client-coverage-32-edit-6-one-pass.log
suite-client-coverage,32,edit,6,current,440.961979,1133.7710000003653,2,0,1,2,True,88c2db7afda60284199affe46128a4fdf58cfa579a5ac188144211c5d4e52d3c,/var/tmp/dd-ci-testing-poc-tool-strategies-20261003/matrix-final/logs/suite-client-coverage-32-edit-6-current.log
suite-client-coverage,32,switch-cache,0,current,385.242101,995.6260000005841,0,0,1,0,True,d824b25f8da1907c2a6b0efdaa653a853ecf8d15f80f927dc35b86625781ade6,/var/tmp/dd-ci-testing-poc-tool-strategies-20261003/matrix-final/logs/suite-client-coverage-32-switch-cache-0-current.log
suite-client-coverage,32,switch-cache,1,find,124.336128,568.7419999995882,0,0,0,0,False,d824b25f8da1907c2a6b0efdaa653a853ecf8d15f80f927dc35b86625781ade6,/var/tmp/dd-ci-testing-poc-tool-strategies-20261003/matrix-final/logs/suite-client-coverage-32-switch-cache-1-find.log
suite-client-coverage,32,switch-cache,2,one-pass,125.270218,561.162999999965,0,0,0,0,False,d824b25f8da1907c2a6b0efdaa653a853ecf8d15f80f927dc35b86625781ade6,/var/tmp/dd-ci-testing-poc-tool-strategies-20261003/matrix-final/logs/suite-client-coverage-32-switch-cache-2-one-pass.log
suite-client-coverage,32,switch-cache,3,current,138.114047,645.5050000001847,0,0,0,0,False,d824b25f8da1907c2a6b0efdaa653a853ecf8d15f80f927dc35b86625781ade6,/var/tmp/dd-ci-testing-poc-tool-strategies-20261003/matrix-final/logs/suite-client-coverage-32-switch-cache-3-current.log
suite-testing-coverage,32,cold,0,current,6327.917353,60843.375999999465,290,94,1,3,True,d824b25f8da1907c2a6b0efdaa653a853ecf8d15f80f927dc35b86625781ade6,/var/tmp/dd-ci-testing-poc-tool-strategies-20261003/matrix-final/logs/suite-testing-coverage-32-cold-0-current.log
suite-testing-coverage,32,cold,0,find,6058.702193,60145.85299999954,290,94,1,3,True,d824b25f8da1907c2a6b0efdaa653a853ecf8d15f80f927dc35b86625781ade6,/var/tmp/dd-ci-testing-poc-tool-strategies-20261003/matrix-final/logs/suite-testing-coverage-32-cold-0-find.log
suite-testing-coverage,32,cold,0,one-pass,5995.684147,60293.84199999958,290,94,1,3,True,d824b25f8da1907c2a6b0efdaa653a853ecf8d15f80f927dc35b86625781ade6,/var/tmp/dd-ci-testing-poc-tool-strategies-20261003/matrix-final/logs/suite-testing-coverage-32-cold-0-one-pass.log
suite-testing-coverage,32,cold,1,find,6117.905473,59910.71999999974,290,94,1,3,True,d824b25f8da1907c2a6b0efdaa653a853ecf8d15f80f927dc35b86625781ade6,/var/tmp/dd-ci-testing-poc-tool-strategies-20261003/matrix-final/logs/suite-testing-coverage-32-cold-1-find.log
suite-testing-coverage,32,cold,1,one-pass,6111.478568,59946.63999999989,290,94,1,3,True,d824b25f8da1907c2a6b0efdaa653a853ecf8d15f80f927dc35b86625781ade6,/var/tmp/dd-ci-testing-poc-tool-strategies-20261003/matrix-final/logs/suite-testing-coverage-32-cold-1-one-pass.log
suite-testing-coverage,32,cold,1,current,6292.681729,60155.938999999766,290,94,1,3,True,d824b25f8da1907c2a6b0efdaa653a853ecf8d15f80f927dc35b86625781ade6,/var/tmp/dd-ci-testing-poc-tool-strategies-20261003/matrix-final/logs/suite-testing-coverage-32-cold-1-current.log
suite-testing-coverage,32,cold,2,one-pass,6087.475887,60304.39300000103,290,94,1,3,True,d824b25f8da1907c2a6b0efdaa653a853ecf8d15f80f927dc35b86625781ade6,/var/tmp/dd-ci-testing-poc-tool-strategies-20261003/matrix-final/logs/suite-testing-coverage-32-cold-2-one-pass.log
suite-testing-coverage,32,cold,2,current,6062.356396,60340.443999999254,290,94,1,3,True,d824b25f8da1907c2a6b0efdaa653a853ecf8d15f80f927dc35b86625781ade6,/var/tmp/dd-ci-testing-poc-tool-strategies-20261003/matrix-final/logs/suite-testing-coverage-32-cold-2-current.log
suite-testing-coverage,32,cold,2,find,6263.703203,59418.85900000034,290,94,1,3,True,d824b25f8da1907c2a6b0efdaa653a853ecf8d15f80f927dc35b86625781ade6,/var/tmp/dd-ci-testing-poc-tool-strategies-20261003/matrix-final/logs/suite-testing-coverage-32-cold-2-find.log
suite-testing-coverage,32,unchanged,0,current,137.379283,649.3209999990768,0,0,0,0,False,d824b25f8da1907c2a6b0efdaa653a853ecf8d15f80f927dc35b86625781ade6,/var/tmp/dd-ci-testing-poc-tool-strategies-20261003/matrix-final/logs/suite-testing-coverage-32-unchanged-0-current.log
suite-testing-coverage,32,unchanged,0,find,124.654883,606.7300000009936,0,0,0,0,False,d824b25f8da1907c2a6b0efdaa653a853ecf8d15f80f927dc35b86625781ade6,/var/tmp/dd-ci-testing-poc-tool-strategies-20261003/matrix-final/logs/suite-testing-coverage-32-unchanged-0-find.log
suite-testing-coverage,32,unchanged,0,one-pass,124.027362,531.1849999990272,0,0,0,0,False,d824b25f8da1907c2a6b0efdaa653a853ecf8d15f80f927dc35b86625781ade6,/var/tmp/dd-ci-testing-poc-tool-strategies-20261003/matrix-final/logs/suite-testing-coverage-32-unchanged-0-one-pass.log
suite-testing-coverage,32,unchanged,1,find,126.312224,610.2339999995365,0,0,0,0,False,d824b25f8da1907c2a6b0efdaa653a853ecf8d15f80f927dc35b86625781ade6,/var/tmp/dd-ci-testing-poc-tool-strategies-20261003/matrix-final/logs/suite-testing-coverage-32-unchanged-1-find.log
suite-testing-coverage,32,unchanged,1,one-pass,122.884182,547.5980000001073,0,0,0,0,False,d824b25f8da1907c2a6b0efdaa653a853ecf8d15f80f927dc35b86625781ade6,/var/tmp/dd-ci-testing-poc-tool-strategies-20261003/matrix-final/logs/suite-testing-coverage-32-unchanged-1-one-pass.log
suite-testing-coverage,32,unchanged,1,current,139.732654,676.02600000032,0,0,0,0,False,d824b25f8da1907c2a6b0efdaa653a853ecf8d15f80f927dc35b86625781ade6,/var/tmp/dd-ci-testing-poc-tool-strategies-20261003/matrix-final/logs/suite-testing-coverage-32-unchanged-1-current.log
suite-testing-coverage,32,unchanged,2,one-pass,123.175372,543.3849999992617,0,0,0,0,False,d824b25f8da1907c2a6b0efdaa653a853ecf8d15f80f927dc35b86625781ade6,/var/tmp/dd-ci-testing-poc-tool-strategies-20261003/matrix-final/logs/suite-testing-coverage-32-unchanged-2-one-pass.log
suite-testing-coverage,32,unchanged,2,current,134.441021,650.6950000000415,0,0,0,0,False,d824b25f8da1907c2a6b0efdaa653a853ecf8d15f80f927dc35b86625781ade6,/var/tmp/dd-ci-testing-poc-tool-strategies-20261003/matrix-final/logs/suite-testing-coverage-32-unchanged-2-current.log
suite-testing-coverage,32,unchanged,2,find,126.249155,605.4669999997486,0,0,0,0,False,d824b25f8da1907c2a6b0efdaa653a853ecf8d15f80f927dc35b86625781ade6,/var/tmp/dd-ci-testing-poc-tool-strategies-20261003/matrix-final/logs/suite-testing-coverage-32-unchanged-2-find.log
suite-testing-coverage,32,unchanged,3,current,139.165674,669.1110000003846,0,0,0,0,False,d824b25f8da1907c2a6b0efdaa653a853ecf8d15f80f927dc35b86625781ade6,/var/tmp/dd-ci-testing-poc-tool-strategies-20261003/matrix-final/logs/suite-testing-coverage-32-unchanged-3-current.log
suite-testing-coverage,32,unchanged,3,find,125.739054,601.1200000000372,0,0,0,0,False,d824b25f8da1907c2a6b0efdaa653a853ecf8d15f80f927dc35b86625781ade6,/var/tmp/dd-ci-testing-poc-tool-strategies-20261003/matrix-final/logs/suite-testing-coverage-32-unchanged-3-find.log
suite-testing-coverage,32,unchanged,3,one-pass,125.967344,585.1339999991296,0,0,0,0,False,d824b25f8da1907c2a6b0efdaa653a853ecf8d15f80f927dc35b86625781ade6,/var/tmp/dd-ci-testing-poc-tool-strategies-20261003/matrix-final/logs/suite-testing-coverage-32-unchanged-3-one-pass.log
suite-testing-coverage,32,unchanged,4,find,125.132953,586.739000000307,0,0,0,0,False,d824b25f8da1907c2a6b0efdaa653a853ecf8d15f80f927dc35b86625781ade6,/var/tmp/dd-ci-testing-poc-tool-strategies-20261003/matrix-final/logs/suite-testing-coverage-32-unchanged-4-find.log
suite-testing-coverage,32,unchanged,4,one-pass,128.380616,598.2880000003661,0,0,0,0,False,d824b25f8da1907c2a6b0efdaa653a853ecf8d15f80f927dc35b86625781ade6,/var/tmp/dd-ci-testing-poc-tool-strategies-20261003/matrix-final/logs/suite-testing-coverage-32-unchanged-4-one-pass.log
suite-testing-coverage,32,unchanged,4,current,140.478695,656.2169999995149,0,0,0,0,False,d824b25f8da1907c2a6b0efdaa653a853ecf8d15f80f927dc35b86625781ade6,/var/tmp/dd-ci-testing-poc-tool-strategies-20261003/matrix-final/logs/suite-testing-coverage-32-unchanged-4-current.log
suite-testing-coverage,32,unchanged,5,one-pass,124.783713,561.3870000005363,0,0,0,0,False,d824b25f8da1907c2a6b0efdaa653a853ecf8d15f80f927dc35b86625781ade6,/var/tmp/dd-ci-testing-poc-tool-strategies-20261003/matrix-final/logs/suite-testing-coverage-32-unchanged-5-one-pass.log
suite-testing-coverage,32,unchanged,5,current,140.628115,658.7360000002036,0,0,0,0,False,d824b25f8da1907c2a6b0efdaa653a853ecf8d15f80f927dc35b86625781ade6,/var/tmp/dd-ci-testing-poc-tool-strategies-20261003/matrix-final/logs/suite-testing-coverage-32-unchanged-5-current.log
suite-testing-coverage,32,unchanged,5,find,128.088156,620.5659999995987,0,0,0,0,False,d824b25f8da1907c2a6b0efdaa653a853ecf8d15f80f927dc35b86625781ade6,/var/tmp/dd-ci-testing-poc-tool-strategies-20261003/matrix-final/logs/suite-testing-coverage-32-unchanged-5-find.log
suite-testing-coverage,32,unchanged,6,current,142.061016,692.7739999989626,0,0,0,0,False,d824b25f8da1907c2a6b0efdaa653a853ecf8d15f80f927dc35b86625781ade6,/var/tmp/dd-ci-testing-poc-tool-strategies-20261003/matrix-final/logs/suite-testing-coverage-32-unchanged-6-current.log
suite-testing-coverage,32,unchanged,6,find,124.523893,608.0590000003667,0,0,0,0,False,d824b25f8da1907c2a6b0efdaa653a853ecf8d15f80f927dc35b86625781ade6,/var/tmp/dd-ci-testing-poc-tool-strategies-20261003/matrix-final/logs/suite-testing-coverage-32-unchanged-6-find.log
suite-testing-coverage,32,unchanged,6,one-pass,122.711782,557.3479999997062,0,0,0,0,False,d824b25f8da1907c2a6b0efdaa653a853ecf8d15f80f927dc35b86625781ade6,/var/tmp/dd-ci-testing-poc-tool-strategies-20261003/matrix-final/logs/suite-testing-coverage-32-unchanged-6-one-pass.log
suite-testing-coverage,32,edit,0,find,444.640263,1116.8329999995876,2,0,1,1,True,96e7787d85e02ba3d1b3cd22d72eb20b9011c68b289d9e69653edd9dddc46e60,/var/tmp/dd-ci-testing-poc-tool-strategies-20261003/matrix-final/logs/suite-testing-coverage-32-edit-0-find.log
suite-testing-coverage,32,edit,0,one-pass,418.387263,1072.519000000284,2,0,1,1,True,c453119236ef3747f47b8337abfcbe18be670d3a03ce4a9b41119891877fe9a6,/var/tmp/dd-ci-testing-poc-tool-strategies-20261003/matrix-final/logs/suite-testing-coverage-32-edit-0-one-pass.log
suite-testing-coverage,32,edit,0,current,455.235511,1207.5320000004695,2,0,1,1,True,bcc478560f33e4597edbd0c7420cb665a81c9752d7699931fbdb62c81a42103a,/var/tmp/dd-ci-testing-poc-tool-strategies-20261003/matrix-final/logs/suite-testing-coverage-32-edit-0-current.log
suite-testing-coverage,32,edit,1,one-pass,432.386004,1044.1279999995459,2,0,1,1,True,c721ea844f3a2aa5d6080b7a93cf9ddc3f6a359d000912dd452a5da08e7897c2,/var/tmp/dd-ci-testing-poc-tool-strategies-20261003/matrix-final/logs/suite-testing-coverage-32-edit-1-one-pass.log
suite-testing-coverage,32,edit,1,current,454.235001,1179.4589999996106,2,0,1,1,True,e4837cdfd7ac3a80c56bf84036a4c71ab4ebfe6e44c6ede391441c43e2a8ad3d,/var/tmp/dd-ci-testing-poc-tool-strategies-20261003/matrix-final/logs/suite-testing-coverage-32-edit-1-current.log
suite-testing-coverage,32,edit,1,find,424.914159,1114.3130000006067,2,0,1,1,True,e8fd066ed68ed49a5ba71580b649f634d82b94bcfca9f8ec36cc49b72a2efad8,/var/tmp/dd-ci-testing-poc-tool-strategies-20261003/matrix-final/logs/suite-testing-coverage-32-edit-1-find.log
suite-testing-coverage,32,edit,2,current,447.847067,1162.2940000003155,2,0,1,1,True,f593e4d5c5e1624d9fa2d67813f5eaa08fbf1883ac7b0e70b384cfb60f28b260,/var/tmp/dd-ci-testing-poc-tool-strategies-20261003/matrix-final/logs/suite-testing-coverage-32-edit-2-current.log
suite-testing-coverage,32,edit,2,find,415.322572,1096.9910000009122,2,0,1,1,True,12395b0731e15a6b9ef2b02cb852d488ee44c8cc7d6df79c58c046d92a41006f,/var/tmp/dd-ci-testing-poc-tool-strategies-20261003/matrix-final/logs/suite-testing-coverage-32-edit-2-find.log
suite-testing-coverage,32,edit,2,one-pass,440.759361,1062.0339999996986,2,0,1,1,True,6c0eda0db4d30ce867e46b93e34faf919c238fd8a4411f3bedb8646be161e4fb,/var/tmp/dd-ci-testing-poc-tool-strategies-20261003/matrix-final/logs/suite-testing-coverage-32-edit-2-one-pass.log
suite-testing-coverage,32,edit,3,find,455.281242,1107.3129999996354,2,0,1,1,True,4b2b1785d40769e245cab6b7b453d2eb978bd9eee5bcce86d0c83d7f3f74b8b4,/var/tmp/dd-ci-testing-poc-tool-strategies-20261003/matrix-final/logs/suite-testing-coverage-32-edit-3-find.log
suite-testing-coverage,32,edit,3,one-pass,441.952472,1065.7429999992019,2,0,1,1,True,fa64549859a3fd91e949b3cd036d0d164cd18b9312e508937a51c9aaf339613d,/var/tmp/dd-ci-testing-poc-tool-strategies-20261003/matrix-final/logs/suite-testing-coverage-32-edit-3-one-pass.log
suite-testing-coverage,32,edit,3,current,449.306768,1183.4670000000642,2,0,1,1,True,e04ff38707c0cd8abd765d876a799870483a7fedb94187ece136efd9717ef5e5,/var/tmp/dd-ci-testing-poc-tool-strategies-20261003/matrix-final/logs/suite-testing-coverage-32-edit-3-current.log
suite-testing-coverage,32,edit,4,one-pass,420.437077,1024.529000000257,2,0,1,1,True,82f69ab60ab9a961a73e7ac5e69ff9266479fa09adc781ac79e13301234a43c0,/var/tmp/dd-ci-testing-poc-tool-strategies-20261003/matrix-final/logs/suite-testing-coverage-32-edit-4-one-pass.log
suite-testing-coverage,32,edit,4,current,458.148465,1217.5539999990406,2,0,1,1,True,c1155edd483021971217584b728abdedbab62676bdc0da779e8899fcdb0e7c47,/var/tmp/dd-ci-testing-poc-tool-strategies-20261003/matrix-final/logs/suite-testing-coverage-32-edit-4-current.log
suite-testing-coverage,32,edit,4,find,417.194524,1098.9759999998796,2,0,1,1,True,a366080a18e5fc5cb863d78d2501292cf1c6e0d746bab22757cf3b69f405a179,/var/tmp/dd-ci-testing-poc-tool-strategies-20261003/matrix-final/logs/suite-testing-coverage-32-edit-4-find.log
suite-testing-coverage,32,edit,5,current,428.935834,1121.5340000011338,2,0,1,1,True,1a1f6106d2283e41c2837e82be65aa459a470d2d4af29274e4a745cdba0bc8b7,/var/tmp/dd-ci-testing-poc-tool-strategies-20261003/matrix-final/logs/suite-testing-coverage-32-edit-5-current.log
suite-testing-coverage,32,edit,5,find,610.15107,1093.0110000003879,2,0,1,1,True,ae247c6f9db28b76a1c74e7a5bb57f8c7cc6cf1f0169eb3de4d4128e102b67b9,/var/tmp/dd-ci-testing-poc-tool-strategies-20261003/matrix-final/logs/suite-testing-coverage-32-edit-5-find.log
suite-testing-coverage,32,edit,5,one-pass,427.898053,1071.284999999989,2,0,1,1,True,3fbddf2fa571b24b435cd594baf7b758898323d3a8ed14598a532ef98249efdc,/var/tmp/dd-ci-testing-poc-tool-strategies-20261003/matrix-final/logs/suite-testing-coverage-32-edit-5-one-pass.log
suite-testing-coverage,32,edit,6,find,528.568239,1091.598999999519,2,0,1,1,True,4ebe3579f5cab5ba4db53aa1eef997b1cc9751b25cb770f45420d3b19d0577f0,/var/tmp/dd-ci-testing-poc-tool-strategies-20261003/matrix-final/logs/suite-testing-coverage-32-edit-6-find.log
suite-testing-coverage,32,edit,6,one-pass,574.512514,1062.5389999995605,2,0,1,1,True,e14cf943db03575074d79ad9b4fc2b385bfd07f4bff40edce788f18de115bce5,/var/tmp/dd-ci-testing-poc-tool-strategies-20261003/matrix-final/logs/suite-testing-coverage-32-edit-6-one-pass.log
suite-testing-coverage,32,edit,6,current,445.671417,1158.9820000003783,2,0,1,1,True,576c775527878d2be1589002e5261591c3fd97269de2f837e61ccbe1364fe33a,/var/tmp/dd-ci-testing-poc-tool-strategies-20261003/matrix-final/logs/suite-testing-coverage-32-edit-6-current.log
suite-testing-coverage,32,switch-cache,0,current,389.275944,978.9359999997487,0,0,1,0,True,d824b25f8da1907c2a6b0efdaa653a853ecf8d15f80f927dc35b86625781ade6,/var/tmp/dd-ci-testing-poc-tool-strategies-20261003/matrix-final/logs/suite-testing-coverage-32-switch-cache-0-current.log
suite-testing-coverage,32,switch-cache,1,find,129.780588,603.8370000003397,0,0,0,0,False,d824b25f8da1907c2a6b0efdaa653a853ecf8d15f80f927dc35b86625781ade6,/var/tmp/dd-ci-testing-poc-tool-strategies-20261003/matrix-final/logs/suite-testing-coverage-32-switch-cache-1-find.log
suite-testing-coverage,32,switch-cache,2,one-pass,131.6259,601.5340000003562,0,0,0,0,False,d824b25f8da1907c2a6b0efdaa653a853ecf8d15f80f927dc35b86625781ade6,/var/tmp/dd-ci-testing-poc-tool-strategies-20261003/matrix-final/logs/suite-testing-coverage-32-switch-cache-2-one-pass.log
suite-testing-coverage,32,switch-cache,3,current,139.743386,657.0079999989957,0,0,0,0,False,d824b25f8da1907c2a6b0efdaa653a853ecf8d15f80f927dc35b86625781ade6,/var/tmp/dd-ci-testing-poc-tool-strategies-20261003/matrix-final/logs/suite-testing-coverage-32-switch-cache-3-current.log
