case,cpus,variant,iteration,warmup,wall_s,cpu_s,peak_bytes,returncode,validated_contract,validated_failure,original_failure,input_path
gin,4,native,-1,True,0.18166444916278124,0.172038,38146048,0,True,,,/var/tmp/dd-ci-benchmark-20261004.s81k5i3w/runtime/rows/gin-cpu4-native-round-1/input.json
gin,4,orchestrion,-1,True,0.24269460909999907,0.348918,50442240,0,True,,,/var/tmp/dd-ci-benchmark-20261004.s81k5i3w/runtime/rows/gin-cpu4-orchestrion-round-1/input.json
gin,4,sdk,-1,True,0.24888125900179148,0.3638,63528960,0,True,,,/var/tmp/dd-ci-benchmark-20261004.s81k5i3w/runtime/rows/gin-cpu4-sdk-round-1/input.json
gin,4,mini,-1,True,0.20889106998220086,0.279507,41271296,0,True,,,/var/tmp/dd-ci-benchmark-20261004.s81k5i3w/runtime/rows/gin-cpu4-mini-round-1/input.json
gin,4,mini-deferred,-1,True,0.3678746670484543,0.509407,43159552,0,True,,,/var/tmp/dd-ci-benchmark-20261004.s81k5i3w/runtime/rows/gin-cpu4-mini-deferred-round-1/input.json
gin,4,orchestrion,0,False,0.227664559148252,0.361145,65802240,0,True,,,/var/tmp/dd-ci-benchmark-20261004.s81k5i3w/runtime/rows/gin-cpu4-orchestrion-round0/input.json
gin,4,sdk,0,False,0.2269368269480765,0.35364,62853120,0,True,,,/var/tmp/dd-ci-benchmark-20261004.s81k5i3w/runtime/rows/gin-cpu4-sdk-round0/input.json
gin,4,mini,0,False,0.20995648205280304,0.276807,42848256,0,True,,,/var/tmp/dd-ci-benchmark-20261004.s81k5i3w/runtime/rows/gin-cpu4-mini-round0/input.json
gin,4,mini-deferred,0,False,0.3670201259665191,0.501288,44421120,0,True,,,/var/tmp/dd-ci-benchmark-20261004.s81k5i3w/runtime/rows/gin-cpu4-mini-deferred-round0/input.json
gin,4,native,0,False,0.18347186292521656,0.170003,38420480,0,True,,,/var/tmp/dd-ci-benchmark-20261004.s81k5i3w/runtime/rows/gin-cpu4-native-round0/input.json
gin,4,sdk,1,False,0.23059613397344947,0.365246,56090624,0,True,,,/var/tmp/dd-ci-benchmark-20261004.s81k5i3w/runtime/rows/gin-cpu4-sdk-round1/input.json
gin,4,mini,1,False,0.21293863700702786,0.28946,40050688,0,True,,,/var/tmp/dd-ci-benchmark-20261004.s81k5i3w/runtime/rows/gin-cpu4-mini-round1/input.json
gin,4,mini-deferred,1,False,0.3788658850826323,0.5119,44302336,0,True,,,/var/tmp/dd-ci-benchmark-20261004.s81k5i3w/runtime/rows/gin-cpu4-mini-deferred-round1/input.json
gin,4,native,1,False,0.18394503509625793,0.176744,38232064,0,True,,,/var/tmp/dd-ci-benchmark-20261004.s81k5i3w/runtime/rows/gin-cpu4-native-round1/input.json
gin,4,orchestrion,1,False,0.2191273069474846,0.334152,88629248,0,True,,,/var/tmp/dd-ci-benchmark-20261004.s81k5i3w/runtime/rows/gin-cpu4-orchestrion-round1/input.json
gin,4,mini,2,False,0.20379136502742767,0.267787,75612160,0,True,,,/var/tmp/dd-ci-benchmark-20261004.s81k5i3w/runtime/rows/gin-cpu4-mini-round2/input.json
gin,4,mini-deferred,2,False,0.37271769694052637,0.501949,60964864,0,True,,,/var/tmp/dd-ci-benchmark-20261004.s81k5i3w/runtime/rows/gin-cpu4-mini-deferred-round2/input.json
gin,4,native,2,False,0.19432747107930481,0.173962,40456192,0,True,,,/var/tmp/dd-ci-benchmark-20261004.s81k5i3w/runtime/rows/gin-cpu4-native-round2/input.json
gin,4,orchestrion,2,False,0.2326541179791093,0.346928,59879424,0,True,,,/var/tmp/dd-ci-benchmark-20261004.s81k5i3w/runtime/rows/gin-cpu4-orchestrion-round2/input.json
gin,4,sdk,2,False,0.23785901605151594,0.376591,73302016,0,True,,,/var/tmp/dd-ci-benchmark-20261004.s81k5i3w/runtime/rows/gin-cpu4-sdk-round2/input.json
gin,4,mini-deferred,3,False,0.37889336701482534,0.512657,45633536,0,True,,,/var/tmp/dd-ci-benchmark-20261004.s81k5i3w/runtime/rows/gin-cpu4-mini-deferred-round3/input.json
gin,4,native,3,False,0.17820463702082634,0.169734,37818368,0,True,,,/var/tmp/dd-ci-benchmark-20261004.s81k5i3w/runtime/rows/gin-cpu4-native-round3/input.json
gin,4,orchestrion,3,False,0.24144804198294878,0.3541,63217664,0,True,,,/var/tmp/dd-ci-benchmark-20261004.s81k5i3w/runtime/rows/gin-cpu4-orchestrion-round3/input.json
gin,4,sdk,3,False,0.24527990818023682,0.362727,66097152,0,True,,,/var/tmp/dd-ci-benchmark-20261004.s81k5i3w/runtime/rows/gin-cpu4-sdk-round3/input.json
gin,4,mini,3,False,0.21423059096559882,0.278226,44408832,0,True,,,/var/tmp/dd-ci-benchmark-20261004.s81k5i3w/runtime/rows/gin-cpu4-mini-round3/input.json
gin,4,native,4,False,0.17850315803661942,0.168886,39133184,0,True,,,/var/tmp/dd-ci-benchmark-20261004.s81k5i3w/runtime/rows/gin-cpu4-native-round4/input.json
gin,4,orchestrion,4,False,0.2193261389620602,0.348156,59502592,0,True,,,/var/tmp/dd-ci-benchmark-20261004.s81k5i3w/runtime/rows/gin-cpu4-orchestrion-round4/input.json
gin,4,sdk,4,False,0.2239412060007453,0.366286,63717376,0,True,,,/var/tmp/dd-ci-benchmark-20261004.s81k5i3w/runtime/rows/gin-cpu4-sdk-round4/input.json
gin,4,mini,4,False,0.21064997580833733,0.28118,45543424,0,True,,,/var/tmp/dd-ci-benchmark-20261004.s81k5i3w/runtime/rows/gin-cpu4-mini-round4/input.json
gin,4,mini-deferred,4,False,0.3725706699769944,0.500296,66678784,0,True,,,/var/tmp/dd-ci-benchmark-20261004.s81k5i3w/runtime/rows/gin-cpu4-mini-deferred-round4/input.json
gin,32,native,-1,True,0.1836409659590572,0.197821,44945408,0,True,,,/var/tmp/dd-ci-benchmark-20261004.s81k5i3w/runtime/rows/gin-cpu32-native-round-1/input.json
gin,32,orchestrion,-1,True,0.24140416295267642,0.423007,96043008,0,True,,,/var/tmp/dd-ci-benchmark-20261004.s81k5i3w/runtime/rows/gin-cpu32-orchestrion-round-1/input.json
gin,32,sdk,-1,True,0.2276035330723971,0.430696,95850496,0,True,,,/var/tmp/dd-ci-benchmark-20261004.s81k5i3w/runtime/rows/gin-cpu32-sdk-round-1/input.json
gin,32,mini,-1,True,0.22373827686533332,0.363355,57241600,0,True,,,/var/tmp/dd-ci-benchmark-20261004.s81k5i3w/runtime/rows/gin-cpu32-mini-round-1/input.json
gin,32,mini-deferred,-1,True,0.39905551192350686,0.660507,51765248,0,True,,,/var/tmp/dd-ci-benchmark-20261004.s81k5i3w/runtime/rows/gin-cpu32-mini-deferred-round-1/input.json
gin,32,orchestrion,0,False,0.23003505682572722,0.439478,70832128,0,True,,,/var/tmp/dd-ci-benchmark-20261004.s81k5i3w/runtime/rows/gin-cpu32-orchestrion-round0/input.json
gin,32,sdk,0,False,0.25458015501499176,0.448514,70594560,0,True,,,/var/tmp/dd-ci-benchmark-20261004.s81k5i3w/runtime/rows/gin-cpu32-sdk-round0/input.json
gin,32,mini,0,False,0.2172708078287542,0.354337,55898112,0,True,,,/var/tmp/dd-ci-benchmark-20261004.s81k5i3w/runtime/rows/gin-cpu32-mini-round0/input.json
gin,32,mini-deferred,0,False,0.40918084792792797,0.664947,56819712,0,True,,,/var/tmp/dd-ci-benchmark-20261004.s81k5i3w/runtime/rows/gin-cpu32-mini-deferred-round0/input.json
gin,32,native,0,False,0.19434572383761406,0.220261,44224512,0,True,,,/var/tmp/dd-ci-benchmark-20261004.s81k5i3w/runtime/rows/gin-cpu32-native-round0/input.json
gin,32,sdk,1,False,0.253427502932027,0.435192,84328448,0,True,,,/var/tmp/dd-ci-benchmark-20261004.s81k5i3w/runtime/rows/gin-cpu32-sdk-round1/input.json
gin,32,mini,1,False,0.2199245230294764,0.34872,72454144,0,True,,,/var/tmp/dd-ci-benchmark-20261004.s81k5i3w/runtime/rows/gin-cpu32-mini-round1/input.json
gin,32,mini-deferred,1,False,0.40577457402832806,0.662232,52551680,0,True,,,/var/tmp/dd-ci-benchmark-20261004.s81k5i3w/runtime/rows/gin-cpu32-mini-deferred-round1/input.json
gin,32,native,1,False,0.19285364192910492,0.220898,42749952,0,True,,,/var/tmp/dd-ci-benchmark-20261004.s81k5i3w/runtime/rows/gin-cpu32-native-round1/input.json
gin,32,orchestrion,1,False,0.23504402698017657,0.427906,74104832,0,True,,,/var/tmp/dd-ci-benchmark-20261004.s81k5i3w/runtime/rows/gin-cpu32-orchestrion-round1/input.json
gin,32,mini,2,False,0.22482546092942357,0.33362,57950208,0,True,,,/var/tmp/dd-ci-benchmark-20261004.s81k5i3w/runtime/rows/gin-cpu32-mini-round2/input.json
gin,32,mini-deferred,2,False,0.4062029169872403,0.647667,54800384,0,True,,,/var/tmp/dd-ci-benchmark-20261004.s81k5i3w/runtime/rows/gin-cpu32-mini-deferred-round2/input.json
gin,32,native,2,False,0.19006919907405972,0.215986,43991040,0,True,,,/var/tmp/dd-ci-benchmark-20261004.s81k5i3w/runtime/rows/gin-cpu32-native-round2/input.json
gin,32,orchestrion,2,False,0.2565584999974817,0.452256,63606784,0,True,,,/var/tmp/dd-ci-benchmark-20261004.s81k5i3w/runtime/rows/gin-cpu32-orchestrion-round2/input.json
gin,32,sdk,2,False,0.23598258919082582,0.444977,78716928,0,True,,,/var/tmp/dd-ci-benchmark-20261004.s81k5i3w/runtime/rows/gin-cpu32-sdk-round2/input.json
gin,32,mini-deferred,3,False,0.40403807489201427,0.649741,52912128,0,True,,,/var/tmp/dd-ci-benchmark-20261004.s81k5i3w/runtime/rows/gin-cpu32-mini-deferred-round3/input.json
gin,32,native,3,False,0.19166646106168628,0.200097,45080576,0,True,,,/var/tmp/dd-ci-benchmark-20261004.s81k5i3w/runtime/rows/gin-cpu32-native-round3/input.json
gin,32,orchestrion,3,False,0.23576282989233732,0.442641,79228928,0,True,,,/var/tmp/dd-ci-benchmark-20261004.s81k5i3w/runtime/rows/gin-cpu32-orchestrion-round3/input.json
gin,32,sdk,3,False,0.23928991495631635,0.461293,73859072,0,True,,,/var/tmp/dd-ci-benchmark-20261004.s81k5i3w/runtime/rows/gin-cpu32-sdk-round3/input.json
gin,32,mini,3,False,0.21332408511079848,0.344963,55332864,0,True,,,/var/tmp/dd-ci-benchmark-20261004.s81k5i3w/runtime/rows/gin-cpu32-mini-round3/input.json
gin,32,native,4,False,0.1935334950685501,0.217764,44318720,0,True,,,/var/tmp/dd-ci-benchmark-20261004.s81k5i3w/runtime/rows/gin-cpu32-native-round4/input.json
gin,32,orchestrion,4,False,0.24010146711952984,0.436484,78397440,0,True,,,/var/tmp/dd-ci-benchmark-20261004.s81k5i3w/runtime/rows/gin-cpu32-orchestrion-round4/input.json
gin,32,sdk,4,False,0.23060782183893025,0.435482,83304448,0,True,,,/var/tmp/dd-ci-benchmark-20261004.s81k5i3w/runtime/rows/gin-cpu32-sdk-round4/input.json
gin,32,mini,4,False,0.2204467870760709,0.351005,58277888,0,True,,,/var/tmp/dd-ci-benchmark-20261004.s81k5i3w/runtime/rows/gin-cpu32-mini-round4/input.json
gin,32,mini-deferred,4,False,0.4023137839976698,0.647471,49119232,0,True,,,/var/tmp/dd-ci-benchmark-20261004.s81k5i3w/runtime/rows/gin-cpu32-mini-deferred-round4/input.json
chi,4,native,-1,True,26.142103099962696,2.943173,34578432,0,True,,,/var/tmp/dd-ci-benchmark-20261004.s81k5i3w/runtime/rows/chi-cpu4-native-round-1/input.json
chi,4,orchestrion,-1,True,26.17679017712362,2.761846,54697984,0,True,,,/var/tmp/dd-ci-benchmark-20261004.s81k5i3w/runtime/rows/chi-cpu4-orchestrion-round-1/input.json
chi,4,sdk,-1,True,26.163259479915723,2.721128,84828160,0,True,,,/var/tmp/dd-ci-benchmark-20261004.s81k5i3w/runtime/rows/chi-cpu4-sdk-round-1/input.json
chi,4,mini,-1,True,26.176171441096812,3.268391,52174848,0,True,,,/var/tmp/dd-ci-benchmark-20261004.s81k5i3w/runtime/rows/chi-cpu4-mini-round-1/input.json
chi,4,mini-deferred,-1,True,26.166624461999163,3.251007,54513664,0,True,,,/var/tmp/dd-ci-benchmark-20261004.s81k5i3w/runtime/rows/chi-cpu4-mini-deferred-round-1/input.json
chi,4,orchestrion,0,False,26.152968580834568,2.674453,79728640,0,True,,,/var/tmp/dd-ci-benchmark-20261004.s81k5i3w/runtime/rows/chi-cpu4-orchestrion-round0/input.json
chi,4,sdk,0,False,26.172328698914498,2.72299,84201472,0,True,,,/var/tmp/dd-ci-benchmark-20261004.s81k5i3w/runtime/rows/chi-cpu4-sdk-round0/input.json
chi,4,mini,0,False,26.175686437869444,3.251909,47337472,0,True,,,/var/tmp/dd-ci-benchmark-20261004.s81k5i3w/runtime/rows/chi-cpu4-mini-round0/input.json
chi,4,mini-deferred,0,False,26.162264512851834,3.212222,47681536,0,True,,,/var/tmp/dd-ci-benchmark-20261004.s81k5i3w/runtime/rows/chi-cpu4-mini-deferred-round0/input.json
chi,4,native,0,False,26.13560164300725,2.914355,47386624,0,True,,,/var/tmp/dd-ci-benchmark-20261004.s81k5i3w/runtime/rows/chi-cpu4-native-round0/input.json
chi,4,sdk,1,False,26.177771391812712,2.702088,89452544,0,True,,,/var/tmp/dd-ci-benchmark-20261004.s81k5i3w/runtime/rows/chi-cpu4-sdk-round1/input.json
chi,4,mini,1,False,26.181562212994322,3.260734,50454528,0,True,,,/var/tmp/dd-ci-benchmark-20261004.s81k5i3w/runtime/rows/chi-cpu4-mini-round1/input.json
chi,4,mini-deferred,1,False,26.18620590493083,3.229931,49348608,0,True,,,/var/tmp/dd-ci-benchmark-20261004.s81k5i3w/runtime/rows/chi-cpu4-mini-deferred-round1/input.json
chi,4,native,1,False,26.136863711988553,2.899536,45617152,0,True,,,/var/tmp/dd-ci-benchmark-20261004.s81k5i3w/runtime/rows/chi-cpu4-native-round1/input.json
chi,4,orchestrion,1,False,26.17852736194618,2.70644,83521536,0,True,,,/var/tmp/dd-ci-benchmark-20261004.s81k5i3w/runtime/rows/chi-cpu4-orchestrion-round1/input.json
chi,4,mini,2,False,26.17687919200398,3.227407,44146688,0,True,,,/var/tmp/dd-ci-benchmark-20261004.s81k5i3w/runtime/rows/chi-cpu4-mini-round2/input.json
chi,4,mini-deferred,2,False,26.18746294709854,3.225497,53366784,0,True,,,/var/tmp/dd-ci-benchmark-20261004.s81k5i3w/runtime/rows/chi-cpu4-mini-deferred-round2/input.json
chi,4,native,2,False,26.135457929922268,2.979668,48873472,0,True,,,/var/tmp/dd-ci-benchmark-20261004.s81k5i3w/runtime/rows/chi-cpu4-native-round2/input.json
chi,4,orchestrion,2,False,26.18465262511745,2.682397,90030080,0,True,,,/var/tmp/dd-ci-benchmark-20261004.s81k5i3w/runtime/rows/chi-cpu4-orchestrion-round2/input.json
chi,4,sdk,2,False,26.183149478863925,2.697027,75767808,0,True,,,/var/tmp/dd-ci-benchmark-20261004.s81k5i3w/runtime/rows/chi-cpu4-sdk-round2/input.json
chi,4,mini-deferred,3,False,26.188441241160035,3.203869,48160768,0,True,,,/var/tmp/dd-ci-benchmark-20261004.s81k5i3w/runtime/rows/chi-cpu4-mini-deferred-round3/input.json
chi,4,native,3,False,26.13756874902174,2.901706,52477952,0,True,,,/var/tmp/dd-ci-benchmark-20261004.s81k5i3w/runtime/rows/chi-cpu4-native-round3/input.json
chi,4,orchestrion,3,False,26.174048342043534,2.692635,79495168,0,True,,,/var/tmp/dd-ci-benchmark-20261004.s81k5i3w/runtime/rows/chi-cpu4-orchestrion-round3/input.json
chi,4,sdk,3,False,26.17836276604794,2.703733,81850368,0,True,,,/var/tmp/dd-ci-benchmark-20261004.s81k5i3w/runtime/rows/chi-cpu4-sdk-round3/input.json
chi,4,mini,3,False,26.175779124023393,3.23742,49664000,0,True,,,/var/tmp/dd-ci-benchmark-20261004.s81k5i3w/runtime/rows/chi-cpu4-mini-round3/input.json
chi,4,native,4,False,26.150430082110688,2.843638,47853568,0,True,,,/var/tmp/dd-ci-benchmark-20261004.s81k5i3w/runtime/rows/chi-cpu4-native-round4/input.json
chi,4,orchestrion,4,False,26.152723985956982,2.661739,83771392,0,True,,,/var/tmp/dd-ci-benchmark-20261004.s81k5i3w/runtime/rows/chi-cpu4-orchestrion-round4/input.json
chi,4,sdk,4,False,26.17288623098284,2.677658,78712832,0,True,,,/var/tmp/dd-ci-benchmark-20261004.s81k5i3w/runtime/rows/chi-cpu4-sdk-round4/input.json
chi,4,mini,4,False,26.15083465608768,3.231199,52469760,0,True,,,/var/tmp/dd-ci-benchmark-20261004.s81k5i3w/runtime/rows/chi-cpu4-mini-round4/input.json
chi,4,mini-deferred,4,False,26.18610696797259,3.209378,48840704,0,True,,,/var/tmp/dd-ci-benchmark-20261004.s81k5i3w/runtime/rows/chi-cpu4-mini-deferred-round4/input.json
chi,32,native,-1,True,26.154827149119228,7.852951,69451776,0,True,,,/var/tmp/dd-ci-benchmark-20261004.s81k5i3w/runtime/rows/chi-cpu32-native-round-1/input.json
chi,32,orchestrion,-1,True,26.159122630022466,7.289123,116248576,0,True,,,/var/tmp/dd-ci-benchmark-20261004.s81k5i3w/runtime/rows/chi-cpu32-orchestrion-round-1/input.json
chi,32,sdk,-1,True,26.18558746110648,7.021318,124588032,0,True,,,/var/tmp/dd-ci-benchmark-20261004.s81k5i3w/runtime/rows/chi-cpu32-sdk-round-1/input.json
chi,32,mini,-1,True,26.15754164615646,10.111813,77574144,0,True,,,/var/tmp/dd-ci-benchmark-20261004.s81k5i3w/runtime/rows/chi-cpu32-mini-round-1/input.json
chi,32,mini-deferred,-1,True,26.187256778823212,8.69768,86642688,0,True,,,/var/tmp/dd-ci-benchmark-20261004.s81k5i3w/runtime/rows/chi-cpu32-mini-deferred-round-1/input.json
chi,32,orchestrion,0,False,26.18355085607618,7.026045,136110080,0,True,,,/var/tmp/dd-ci-benchmark-20261004.s81k5i3w/runtime/rows/chi-cpu32-orchestrion-round0/input.json
chi,32,sdk,0,False,26.183394240913913,7.399109,122646528,0,True,,,/var/tmp/dd-ci-benchmark-20261004.s81k5i3w/runtime/rows/chi-cpu32-sdk-round0/input.json
chi,32,mini,0,False,26.15696353907697,9.138303,105889792,0,True,,,/var/tmp/dd-ci-benchmark-20261004.s81k5i3w/runtime/rows/chi-cpu32-mini-round0/input.json
chi,32,mini-deferred,0,False,26.172729956917465,8.825303,110768128,0,True,,,/var/tmp/dd-ci-benchmark-20261004.s81k5i3w/runtime/rows/chi-cpu32-mini-deferred-round0/input.json
chi,32,native,0,False,26.14083177712746,7.661383,90894336,0,True,,,/var/tmp/dd-ci-benchmark-20261004.s81k5i3w/runtime/rows/chi-cpu32-native-round0/input.json
chi,32,sdk,1,False,26.182585506001487,7.271155,113664000,0,True,,,/var/tmp/dd-ci-benchmark-20261004.s81k5i3w/runtime/rows/chi-cpu32-sdk-round1/input.json
chi,32,mini,1,False,26.183745480142534,9.361271,96124928,0,True,,,/var/tmp/dd-ci-benchmark-20261004.s81k5i3w/runtime/rows/chi-cpu32-mini-round1/input.json
chi,32,mini-deferred,1,False,26.19029129995033,9.61008,93913088,0,True,,,/var/tmp/dd-ci-benchmark-20261004.s81k5i3w/runtime/rows/chi-cpu32-mini-deferred-round1/input.json
chi,32,native,1,False,26.141535648843274,6.965027,146300928,0,True,,,/var/tmp/dd-ci-benchmark-20261004.s81k5i3w/runtime/rows/chi-cpu32-native-round1/input.json
chi,32,orchestrion,1,False,26.181518971920013,7.176656,130572288,0,True,,,/var/tmp/dd-ci-benchmark-20261004.s81k5i3w/runtime/rows/chi-cpu32-orchestrion-round1/input.json
chi,32,mini,2,False,26.155873397132382,9.576252,88768512,0,True,,,/var/tmp/dd-ci-benchmark-20261004.s81k5i3w/runtime/rows/chi-cpu32-mini-round2/input.json
chi,32,mini-deferred,2,False,26.170079353963956,9.274012,128299008,0,True,,,/var/tmp/dd-ci-benchmark-20261004.s81k5i3w/runtime/rows/chi-cpu32-mini-deferred-round2/input.json
chi,32,native,2,False,26.139699009945616,7.671665,100491264,0,True,,,/var/tmp/dd-ci-benchmark-20261004.s81k5i3w/runtime/rows/chi-cpu32-native-round2/input.json
chi,32,orchestrion,2,False,26.179189686197788,7.210252,134266880,0,True,,,/var/tmp/dd-ci-benchmark-20261004.s81k5i3w/runtime/rows/chi-cpu32-orchestrion-round2/input.json
chi,32,sdk,2,False,26.187044750899076,7.12416,154009600,0,True,,,/var/tmp/dd-ci-benchmark-20261004.s81k5i3w/runtime/rows/chi-cpu32-sdk-round2/input.json
chi,32,mini-deferred,3,False,26.19200347410515,9.14983,92647424,0,True,,,/var/tmp/dd-ci-benchmark-20261004.s81k5i3w/runtime/rows/chi-cpu32-mini-deferred-round3/input.json
chi,32,native,3,False,26.141873916843906,7.540336,99336192,0,True,,,/var/tmp/dd-ci-benchmark-20261004.s81k5i3w/runtime/rows/chi-cpu32-native-round3/input.json
chi,32,orchestrion,3,False,26.160495608812198,7.385406,128765952,0,True,,,/var/tmp/dd-ci-benchmark-20261004.s81k5i3w/runtime/rows/chi-cpu32-orchestrion-round3/input.json
chi,32,sdk,3,False,26.159719391958788,7.406956,117407744,0,True,,,/var/tmp/dd-ci-benchmark-20261004.s81k5i3w/runtime/rows/chi-cpu32-sdk-round3/input.json
chi,32,mini,3,False,26.159227896947414,9.40413,112021504,0,True,,,/var/tmp/dd-ci-benchmark-20261004.s81k5i3w/runtime/rows/chi-cpu32-mini-round3/input.json
chi,32,native,4,False,26.141334583982825,7.734554,92889088,0,True,,,/var/tmp/dd-ci-benchmark-20261004.s81k5i3w/runtime/rows/chi-cpu32-native-round4/input.json
chi,32,orchestrion,4,False,26.16003521112725,7.197552,152813568,0,True,,,/var/tmp/dd-ci-benchmark-20261004.s81k5i3w/runtime/rows/chi-cpu32-orchestrion-round4/input.json
chi,32,sdk,4,False,26.17713904683478,7.258514,155795456,0,True,,,/var/tmp/dd-ci-benchmark-20261004.s81k5i3w/runtime/rows/chi-cpu32-sdk-round4/input.json
chi,32,mini,4,False,26.15270351804793,9.781292,93589504,0,True,,,/var/tmp/dd-ci-benchmark-20261004.s81k5i3w/runtime/rows/chi-cpu32-mini-round4/input.json
chi,32,mini-deferred,4,False,26.168913738103583,9.325606,92626944,0,True,,,/var/tmp/dd-ci-benchmark-20261004.s81k5i3w/runtime/rows/chi-cpu32-mini-deferred-round4/input.json
gin--race,4,native,-1,True,2.327791705960408,2.620377,268091392,0,True,,,/var/tmp/dd-ci-benchmark-20261004.s81k5i3w/runtime/rows/gin--race-cpu4-native-round-1/input.json
gin--race,4,orchestrion,-1,True,4.2160220509395,3.697768,404611072,1,False,race detector reported an error,race detector reported an error,/var/tmp/dd-ci-benchmark-20261004.s81k5i3w/runtime/rows/gin--race-cpu4-orchestrion-round-1/input.json
gin--race,4,sdk,-1,True,2.1262584009673446,3.658127,361484288,1,False,race detector reported an error,race detector reported an error,/var/tmp/dd-ci-benchmark-20261004.s81k5i3w/runtime-continuation/rows/gin--race-cpu4-sdk-round-1/input.json
gin--race,4,mini,-1,True,2.105326850898564,3.067202,269467648,0,True,,,/var/tmp/dd-ci-benchmark-20261004.s81k5i3w/runtime-continuation/rows/gin--race-cpu4-mini-round-1/input.json
gin--race,4,mini-deferred,-1,True,2.1505030610132962,4.046428,271699968,0,True,,,/var/tmp/dd-ci-benchmark-20261004.s81k5i3w/runtime-continuation/rows/gin--race-cpu4-mini-deferred-round-1/input.json
gin--race,4,orchestrion,0,False,2.139834754867479,3.708186,355512320,1,False,race detector reported an error,race detector reported an error,/var/tmp/dd-ci-benchmark-20261004.s81k5i3w/runtime-continuation/rows/gin--race-cpu4-orchestrion-round0/input.json
gin--race,4,sdk,0,False,2.137428287882358,3.686917,354897920,1,False,race detector reported an error,race detector reported an error,/var/tmp/dd-ci-benchmark-20261004.s81k5i3w/runtime-continuation/rows/gin--race-cpu4-sdk-round0/input.json
gin--race,4,mini,0,False,2.0966978929936886,3.084725,244924416,0,True,,,/var/tmp/dd-ci-benchmark-20261004.s81k5i3w/runtime-continuation/rows/gin--race-cpu4-mini-round0/input.json
gin--race,4,mini-deferred,0,False,2.1577900229021907,4.066994,264785920,0,True,,,/var/tmp/dd-ci-benchmark-20261004.s81k5i3w/runtime-continuation/rows/gin--race-cpu4-mini-deferred-round0/input.json
gin--race,4,native,0,False,2.0401560459285975,2.636835,208977920,0,True,,,/var/tmp/dd-ci-benchmark-20261004.s81k5i3w/runtime-continuation/rows/gin--race-cpu4-native-round0/input.json
gin--race,4,sdk,1,False,2.1373419109731913,3.626729,349204480,1,False,race detector reported an error,race detector reported an error,/var/tmp/dd-ci-benchmark-20261004.s81k5i3w/runtime-continuation/rows/gin--race-cpu4-sdk-round1/input.json
gin--race,4,mini,1,False,2.0945131620392203,3.081537,259362816,0,True,,,/var/tmp/dd-ci-benchmark-20261004.s81k5i3w/runtime-continuation/rows/gin--race-cpu4-mini-round1/input.json
gin--race,4,mini-deferred,1,False,2.146965704858303,4.092345,259182592,0,True,,,/var/tmp/dd-ci-benchmark-20261004.s81k5i3w/runtime-continuation/rows/gin--race-cpu4-mini-deferred-round1/input.json
gin--race,4,native,1,False,2.038046435918659,2.627885,209010688,0,True,,,/var/tmp/dd-ci-benchmark-20261004.s81k5i3w/runtime-continuation/rows/gin--race-cpu4-native-round1/input.json
gin--race,4,orchestrion,1,False,2.1516183288767934,3.691318,360603648,0,True,,,/var/tmp/dd-ci-benchmark-20261004.s81k5i3w/runtime-continuation/rows/gin--race-cpu4-orchestrion-round1/input.json
gin--race,4,mini,2,False,2.0963519560173154,3.080421,253718528,0,True,,,/var/tmp/dd-ci-benchmark-20261004.s81k5i3w/runtime-continuation/rows/gin--race-cpu4-mini-round2/input.json
gin--race,4,mini-deferred,2,False,2.151700820075348,4.054991,261742592,0,True,,,/var/tmp/dd-ci-benchmark-20261004.s81k5i3w/runtime-continuation/rows/gin--race-cpu4-mini-deferred-round2/input.json
gin--race,4,native,2,False,2.041355049936101,2.625062,203341824,0,True,,,/var/tmp/dd-ci-benchmark-20261004.s81k5i3w/runtime-continuation/rows/gin--race-cpu4-native-round2/input.json
gin--race,4,orchestrion,2,False,2.1363139119930565,3.646366,339304448,1,False,race detector reported an error,race detector reported an error,/var/tmp/dd-ci-benchmark-20261004.s81k5i3w/runtime-continuation/rows/gin--race-cpu4-orchestrion-round2/input.json
gin--race,4,sdk,2,False,2.1416869149543345,3.700729,355373056,1,False,race detector reported an error,race detector reported an error,/var/tmp/dd-ci-benchmark-20261004.s81k5i3w/runtime-continuation/rows/gin--race-cpu4-sdk-round2/input.json
gin--race,4,mini-deferred,3,False,2.1502028109971434,4.068872,263380992,0,True,,,/var/tmp/dd-ci-benchmark-20261004.s81k5i3w/runtime-continuation/rows/gin--race-cpu4-mini-deferred-round3/input.json
gin--race,4,native,3,False,2.0414926311932504,2.629218,209727488,0,True,,,/var/tmp/dd-ci-benchmark-20261004.s81k5i3w/runtime-continuation/rows/gin--race-cpu4-native-round3/input.json
gin--race,4,orchestrion,3,False,2.1319453371688724,3.651534,336109568,1,False,race detector reported an error,race detector reported an error,/var/tmp/dd-ci-benchmark-20261004.s81k5i3w/runtime-continuation/rows/gin--race-cpu4-orchestrion-round3/input.json
gin--race,4,sdk,3,False,2.1333375638350844,3.632698,345321472,1,False,race detector reported an error,race detector reported an error,/var/tmp/dd-ci-benchmark-20261004.s81k5i3w/runtime-continuation/rows/gin--race-cpu4-sdk-round3/input.json
gin--race,4,mini,3,False,2.094825461972505,3.083653,259276800,0,True,,,/var/tmp/dd-ci-benchmark-20261004.s81k5i3w/runtime-continuation/rows/gin--race-cpu4-mini-round3/input.json
gin--race,4,native,4,False,2.0340077080763876,2.623744,219525120,0,True,,,/var/tmp/dd-ci-benchmark-20261004.s81k5i3w/runtime-continuation/rows/gin--race-cpu4-native-round4/input.json
gin--race,4,orchestrion,4,False,2.144693244015798,3.714574,348372992,1,False,race detector reported an error,race detector reported an error,/var/tmp/dd-ci-benchmark-20261004.s81k5i3w/runtime-continuation/rows/gin--race-cpu4-orchestrion-round4/input.json
gin--race,4,sdk,4,False,2.139716092031449,3.686336,355127296,1,False,race detector reported an error,race detector reported an error,/var/tmp/dd-ci-benchmark-20261004.s81k5i3w/runtime-continuation/rows/gin--race-cpu4-sdk-round4/input.json
gin--race,4,mini,4,False,2.0964920308906585,3.082379,257609728,0,True,,,/var/tmp/dd-ci-benchmark-20261004.s81k5i3w/runtime-continuation/rows/gin--race-cpu4-mini-round4/input.json
gin--race,4,mini-deferred,4,False,2.1591948559507728,4.095251,262635520,0,True,,,/var/tmp/dd-ci-benchmark-20261004.s81k5i3w/runtime-continuation/rows/gin--race-cpu4-mini-deferred-round4/input.json
gin--race,32,native,-1,True,1.4122787499800324,2.729681,271204352,0,True,,,/var/tmp/dd-ci-benchmark-20261004.s81k5i3w/runtime-continuation/rows/gin--race-cpu32-native-round-1/input.json
gin--race,32,orchestrion,-1,True,1.7369407671503723,3.892389,439365632,1,False,race detector reported an error,race detector reported an error,/var/tmp/dd-ci-benchmark-20261004.s81k5i3w/runtime-continuation/rows/gin--race-cpu32-orchestrion-round-1/input.json
gin--race,32,sdk,-1,True,1.771790023893118,3.887246,445214720,1,False,race detector reported an error,race detector reported an error,/var/tmp/dd-ci-benchmark-20261004.s81k5i3w/runtime-continuation/rows/gin--race-cpu32-sdk-round-1/input.json
gin--race,32,mini,-1,True,1.5651280931197107,3.199076,340987904,0,True,,,/var/tmp/dd-ci-benchmark-20261004.s81k5i3w/runtime-continuation/rows/gin--race-cpu32-mini-round-1/input.json
gin--race,32,mini-deferred,-1,True,2.1209847289137542,4.528883,360525824,0,True,,,/var/tmp/dd-ci-benchmark-20261004.s81k5i3w/runtime-continuation/rows/gin--race-cpu32-mini-deferred-round-1/input.json
gin--race,32,orchestrion,0,False,1.740766896866262,3.897878,439144448,1,False,race detector reported an error,race detector reported an error,/var/tmp/dd-ci-benchmark-20261004.s81k5i3w/runtime-continuation/rows/gin--race-cpu32-orchestrion-round0/input.json
gin--race,32,sdk,0,False,1.7128708527889103,3.836218,438013952,1,False,race detector reported an error,race detector reported an error,/var/tmp/dd-ci-benchmark-20261004.s81k5i3w/runtime-continuation/rows/gin--race-cpu32-sdk-round0/input.json
gin--race,32,mini,0,False,1.5644177249632776,3.217086,341237760,0,True,,,/var/tmp/dd-ci-benchmark-20261004.s81k5i3w/runtime-continuation/rows/gin--race-cpu32-mini-round0/input.json
gin--race,32,mini-deferred,0,False,2.1190576339140534,4.556601,362078208,0,True,,,/var/tmp/dd-ci-benchmark-20261004.s81k5i3w/runtime-continuation/rows/gin--race-cpu32-mini-deferred-round0/input.json
gin--race,32,native,0,False,1.4262426840141416,2.736615,275853312,0,True,,,/var/tmp/dd-ci-benchmark-20261004.s81k5i3w/runtime-continuation/rows/gin--race-cpu32-native-round0/input.json
gin--race,32,sdk,1,False,1.7235835909377784,3.877988,431091712,1,False,race detector reported an error,race detector reported an error,/var/tmp/dd-ci-benchmark-20261004.s81k5i3w/runtime-continuation/rows/gin--race-cpu32-sdk-round1/input.json
gin--race,32,mini,1,False,1.5751297511160374,3.22394,350838784,0,True,,,/var/tmp/dd-ci-benchmark-20261004.s81k5i3w/runtime-continuation/rows/gin--race-cpu32-mini-round1/input.json
gin--race,32,mini-deferred,1,False,2.1203890410251915,4.546597,359292928,0,True,,,/var/tmp/dd-ci-benchmark-20261004.s81k5i3w/runtime-continuation/rows/gin--race-cpu32-mini-deferred-round1/input.json
gin--race,32,native,1,False,1.415085538988933,2.712944,277852160,0,True,,,/var/tmp/dd-ci-benchmark-20261004.s81k5i3w/runtime-continuation/rows/gin--race-cpu32-native-round1/input.json
gin--race,32,orchestrion,1,False,1.7242804151028395,3.873833,454885376,1,False,race detector reported an error,race detector reported an error,/var/tmp/dd-ci-benchmark-20261004.s81k5i3w/runtime-continuation/rows/gin--race-cpu32-orchestrion-round1/input.json
gin--race,32,mini,2,False,1.5862052380107343,3.242034,351834112,0,True,,,/var/tmp/dd-ci-benchmark-20261004.s81k5i3w/runtime-continuation/rows/gin--race-cpu32-mini-round2/input.json
gin--race,32,mini-deferred,2,False,2.1320329930167645,4.592691,369655808,0,True,,,/var/tmp/dd-ci-benchmark-20261004.s81k5i3w/runtime-continuation/rows/gin--race-cpu32-mini-deferred-round2/input.json
gin--race,32,native,2,False,1.4161071311682463,2.728248,271323136,0,True,,,/var/tmp/dd-ci-benchmark-20261004.s81k5i3w/runtime-continuation/rows/gin--race-cpu32-native-round2/input.json
gin--race,32,orchestrion,2,False,1.7369690840132535,3.893175,428597248,1,False,race detector reported an error,race detector reported an error,/var/tmp/dd-ci-benchmark-20261004.s81k5i3w/runtime-continuation/rows/gin--race-cpu32-orchestrion-round2/input.json
gin--race,32,sdk,2,False,1.7389828599989414,3.89779,436039680,1,False,race detector reported an error,race detector reported an error,/var/tmp/dd-ci-benchmark-20261004.s81k5i3w/runtime-continuation/rows/gin--race-cpu32-sdk-round2/input.json
gin--race,32,mini-deferred,3,False,2.1073363558389246,4.496663,367083520,0,True,,,/var/tmp/dd-ci-benchmark-20261004.s81k5i3w/runtime-continuation/rows/gin--race-cpu32-mini-deferred-round3/input.json
gin--race,32,native,3,False,1.4078459220472723,2.725913,275664896,0,True,,,/var/tmp/dd-ci-benchmark-20261004.s81k5i3w/runtime-continuation/rows/gin--race-cpu32-native-round3/input.json
gin--race,32,orchestrion,3,False,1.7311173400375992,3.88023,452280320,1,False,race detector reported an error,race detector reported an error,/var/tmp/dd-ci-benchmark-20261004.s81k5i3w/runtime-continuation/rows/gin--race-cpu32-orchestrion-round3/input.json
gin--race,32,sdk,3,False,1.716002011904493,3.858107,432803840,1,False,race detector reported an error,race detector reported an error,/var/tmp/dd-ci-benchmark-20261004.s81k5i3w/runtime-continuation/rows/gin--race-cpu32-sdk-round3/input.json
gin--race,32,mini,3,False,1.5895333879161626,3.230013,360103936,0,True,,,/var/tmp/dd-ci-benchmark-20261004.s81k5i3w/runtime-continuation/rows/gin--race-cpu32-mini-round3/input.json
gin--race,32,native,4,False,1.4122203160077333,2.713,271568896,0,True,,,/var/tmp/dd-ci-benchmark-20261004.s81k5i3w/runtime-continuation/rows/gin--race-cpu32-native-round4/input.json
gin--race,32,orchestrion,4,False,1.7304203291423619,3.898606,436260864,1,False,race detector reported an error,race detector reported an error,/var/tmp/dd-ci-benchmark-20261004.s81k5i3w/runtime-continuation/rows/gin--race-cpu32-orchestrion-round4/input.json
gin--race,32,sdk,4,False,1.7511044691782445,3.906794,432472064,1,False,race detector reported an error,race detector reported an error,/var/tmp/dd-ci-benchmark-20261004.s81k5i3w/runtime-continuation/rows/gin--race-cpu32-sdk-round4/input.json
gin--race,32,mini,4,False,1.5763642298988998,3.220144,347410432,0,True,,,/var/tmp/dd-ci-benchmark-20261004.s81k5i3w/runtime-continuation/rows/gin--race-cpu32-mini-round4/input.json
gin--race,32,mini-deferred,4,False,2.1151685789227486,4.506158,359161856,0,True,,,/var/tmp/dd-ci-benchmark-20261004.s81k5i3w/runtime-continuation/rows/gin--race-cpu32-mini-deferred-round4/input.json
gin--cover,4,native,-1,True,0.19300341606140137,0.195125,37130240,0,True,,,/var/tmp/dd-ci-benchmark-20261004.s81k5i3w/runtime-continuation/rows/gin--cover-cpu4-native-round-1/input.json
gin--cover,4,orchestrion,-1,True,1.1493187288288027,1.369463,90345472,0,True,,coverage requested but no coverage events were delivered: gin--cover-cpu4-orchestrion-round-1,/var/tmp/dd-ci-benchmark-20261004.s81k5i3w/runtime-continuation/rows/gin--cover-cpu4-orchestrion-round-1/input.json
gin--cover,4,sdk,-1,True,0.5065886150114238,1.315551,100868096,0,True,,coverage requested but no coverage events were delivered: gin--cover-cpu4-sdk-round-1,/var/tmp/dd-ci-benchmark-20261004.s81k5i3w/runtime-continuation/rows/gin--cover-cpu4-sdk-round-1/input.json
gin--cover,4,mini,-1,True,0.4687342138495296,1.254649,90464256,0,True,,coverage requested but no coverage events were delivered: gin--cover-cpu4-mini-round-1,/var/tmp/dd-ci-benchmark-20261004.s81k5i3w/runtime-continuation/rows/gin--cover-cpu4-mini-round-1/input.json
gin--cover,4,mini-deferred,-1,True,0.63312321389094,1.454642,79446016,0,True,,coverage requested but no coverage events were delivered: gin--cover-cpu4-mini-deferred-round-1,/var/tmp/dd-ci-benchmark-20261004.s81k5i3w/runtime-continuation/rows/gin--cover-cpu4-mini-deferred-round-1/input.json
gin--cover,4,orchestrion,0,False,0.4893043029587716,1.29085,91893760,0,True,,coverage requested but no coverage events were delivered: gin--cover-cpu4-orchestrion-round0,/var/tmp/dd-ci-benchmark-20261004.s81k5i3w/runtime-continuation/rows/gin--cover-cpu4-orchestrion-round0/input.json
gin--cover,4,sdk,0,False,0.506716945907101,1.350209,100212736,0,True,,coverage requested but no coverage events were delivered: gin--cover-cpu4-sdk-round0,/var/tmp/dd-ci-benchmark-20261004.s81k5i3w/runtime-continuation/rows/gin--cover-cpu4-sdk-round0/input.json
gin--cover,4,mini,0,False,0.4615169761236757,1.167451,84484096,0,True,,coverage requested but no coverage events were delivered: gin--cover-cpu4-mini-round0,/var/tmp/dd-ci-benchmark-20261004.s81k5i3w/runtime-continuation/rows/gin--cover-cpu4-mini-round0/input.json
gin--cover,4,mini-deferred,0,False,0.6393102849833667,1.461969,82886656,0,True,,coverage requested but no coverage events were delivered: gin--cover-cpu4-mini-deferred-round0,/var/tmp/dd-ci-benchmark-20261004.s81k5i3w/runtime-continuation/rows/gin--cover-cpu4-mini-deferred-round0/input.json
gin--cover,4,native,0,False,0.18639937997795641,0.192255,37818368,0,True,,,/var/tmp/dd-ci-benchmark-20261004.s81k5i3w/runtime-continuation/rows/gin--cover-cpu4-native-round0/input.json
gin--cover,4,sdk,1,False,0.51105587487109,1.3539,105283584,0,True,,coverage requested but no coverage events were delivered: gin--cover-cpu4-sdk-round1,/var/tmp/dd-ci-benchmark-20261004.s81k5i3w/runtime-continuation/rows/gin--cover-cpu4-sdk-round1/input.json
gin--cover,4,mini,1,False,0.4794416520744562,1.278462,82952192,0,True,,coverage requested but no coverage events were delivered: gin--cover-cpu4-mini-round1,/var/tmp/dd-ci-benchmark-20261004.s81k5i3w/runtime-continuation/rows/gin--cover-cpu4-mini-round1/input.json
gin--cover,4,mini-deferred,1,False,0.639221376972273,1.447751,86654976,0,True,,coverage requested but no coverage events were delivered: gin--cover-cpu4-mini-deferred-round1,/var/tmp/dd-ci-benchmark-20261004.s81k5i3w/runtime-continuation/rows/gin--cover-cpu4-mini-deferred-round1/input.json
gin--cover,4,native,1,False,0.1904218359850347,0.191717,38080512,0,True,,,/var/tmp/dd-ci-benchmark-20261004.s81k5i3w/runtime-continuation/rows/gin--cover-cpu4-native-round1/input.json
gin--cover,4,orchestrion,1,False,0.4712392729707062,1.272174,97099776,0,True,,coverage requested but no coverage events were delivered: gin--cover-cpu4-orchestrion-round1,/var/tmp/dd-ci-benchmark-20261004.s81k5i3w/runtime-continuation/rows/gin--cover-cpu4-orchestrion-round1/input.json
gin--cover,4,mini,2,False,0.4749038980808109,1.261065,90124288,0,True,,coverage requested but no coverage events were delivered: gin--cover-cpu4-mini-round2,/var/tmp/dd-ci-benchmark-20261004.s81k5i3w/runtime-continuation/rows/gin--cover-cpu4-mini-round2/input.json
gin--cover,4,mini-deferred,2,False,0.6512262860778719,1.515536,83992576,0,True,,coverage requested but no coverage events were delivered: gin--cover-cpu4-mini-deferred-round2,/var/tmp/dd-ci-benchmark-20261004.s81k5i3w/runtime-continuation/rows/gin--cover-cpu4-mini-deferred-round2/input.json
gin--cover,4,native,2,False,0.1875260730739683,0.19498,37007360,0,True,,,/var/tmp/dd-ci-benchmark-20261004.s81k5i3w/runtime-continuation/rows/gin--cover-cpu4-native-round2/input.json
gin--cover,4,orchestrion,2,False,0.4844031729735434,1.28909,99844096,0,True,,coverage requested but no coverage events were delivered: gin--cover-cpu4-orchestrion-round2,/var/tmp/dd-ci-benchmark-20261004.s81k5i3w/runtime-continuation/rows/gin--cover-cpu4-orchestrion-round2/input.json
gin--cover,4,sdk,2,False,0.4999816140625626,1.352761,96522240,0,True,,coverage requested but no coverage events were delivered: gin--cover-cpu4-sdk-round2,/var/tmp/dd-ci-benchmark-20261004.s81k5i3w/runtime-continuation/rows/gin--cover-cpu4-sdk-round2/input.json
gin--cover,4,mini-deferred,3,False,0.6294437390752137,1.462715,85409792,0,True,,coverage requested but no coverage events were delivered: gin--cover-cpu4-mini-deferred-round3,/var/tmp/dd-ci-benchmark-20261004.s81k5i3w/runtime-continuation/rows/gin--cover-cpu4-mini-deferred-round3/input.json
gin--cover,4,native,3,False,0.18842238397337496,0.192585,37613568,0,True,,,/var/tmp/dd-ci-benchmark-20261004.s81k5i3w/runtime-continuation/rows/gin--cover-cpu4-native-round3/input.json
gin--cover,4,orchestrion,3,False,0.47246178798377514,1.246662,92954624,0,True,,coverage requested but no coverage events were delivered: gin--cover-cpu4-orchestrion-round3,/var/tmp/dd-ci-benchmark-20261004.s81k5i3w/runtime-continuation/rows/gin--cover-cpu4-orchestrion-round3/input.json
gin--cover,4,sdk,3,False,0.49017136194743216,1.283936,98418688,0,True,,coverage requested but no coverage events were delivered: gin--cover-cpu4-sdk-round3,/var/tmp/dd-ci-benchmark-20261004.s81k5i3w/runtime-continuation/rows/gin--cover-cpu4-sdk-round3/input.json
gin--cover,4,mini,3,False,0.46730105206370354,1.213302,87142400,0,True,,coverage requested but no coverage events were delivered: gin--cover-cpu4-mini-round3,/var/tmp/dd-ci-benchmark-20261004.s81k5i3w/runtime-continuation/rows/gin--cover-cpu4-mini-round3/input.json
gin--cover,4,native,4,False,0.18932157615199685,0.196122,37593088,0,True,,,/var/tmp/dd-ci-benchmark-20261004.s81k5i3w/runtime-continuation/rows/gin--cover-cpu4-native-round4/input.json
gin--cover,4,orchestrion,4,False,0.49794136406853795,1.330278,104742912,0,True,,coverage requested but no coverage events were delivered: gin--cover-cpu4-orchestrion-round4,/var/tmp/dd-ci-benchmark-20261004.s81k5i3w/runtime-continuation/rows/gin--cover-cpu4-orchestrion-round4/input.json
gin--cover,4,sdk,4,False,0.491788585903123,1.324158,104538112,0,True,,coverage requested but no coverage events were delivered: gin--cover-cpu4-sdk-round4,/var/tmp/dd-ci-benchmark-20261004.s81k5i3w/runtime-continuation/rows/gin--cover-cpu4-sdk-round4/input.json
gin--cover,4,mini,4,False,0.4932240580674261,1.301608,88805376,0,True,,coverage requested but no coverage events were delivered: gin--cover-cpu4-mini-round4,/var/tmp/dd-ci-benchmark-20261004.s81k5i3w/runtime-continuation/rows/gin--cover-cpu4-mini-round4/input.json
gin--cover,4,mini-deferred,4,False,0.6311533960979432,1.424649,85209088,0,True,,coverage requested but no coverage events were delivered: gin--cover-cpu4-mini-deferred-round4,/var/tmp/dd-ci-benchmark-20261004.s81k5i3w/runtime-continuation/rows/gin--cover-cpu4-mini-deferred-round4/input.json
gin--cover,32,native,-1,True,0.2080036720726639,0.24995,44736512,0,True,,,/var/tmp/dd-ci-benchmark-20261004.s81k5i3w/runtime-continuation/rows/gin--cover-cpu32-native-round-1/input.json
gin--cover,32,orchestrion,-1,True,0.41992438002489507,3.637937,173559808,0,True,,coverage requested but no coverage events were delivered: gin--cover-cpu32-orchestrion-round-1,/var/tmp/dd-ci-benchmark-20261004.s81k5i3w/runtime-continuation/rows/gin--cover-cpu32-orchestrion-round-1/input.json
gin--cover,32,sdk,-1,True,0.41187058901414275,3.215573,176570368,0,True,,coverage requested but no coverage events were delivered: gin--cover-cpu32-sdk-round-1,/var/tmp/dd-ci-benchmark-20261004.s81k5i3w/runtime-continuation/rows/gin--cover-cpu32-sdk-round-1/input.json
gin--cover,32,mini,-1,True,0.4036597178783268,3.06198,157773824,0,True,,coverage requested but no coverage events were delivered: gin--cover-cpu32-mini-round-1,/var/tmp/dd-ci-benchmark-20261004.s81k5i3w/runtime-continuation/rows/gin--cover-cpu32-mini-round-1/input.json
gin--cover,32,mini-deferred,-1,True,0.5954154189676046,3.430487,147628032,0,True,,coverage requested but no coverage events were delivered: gin--cover-cpu32-mini-deferred-round-1,/var/tmp/dd-ci-benchmark-20261004.s81k5i3w/runtime-continuation/rows/gin--cover-cpu32-mini-deferred-round-1/input.json
gin--cover,32,orchestrion,0,False,0.42746301204897463,3.429602,177930240,0,True,,coverage requested but no coverage events were delivered: gin--cover-cpu32-orchestrion-round0,/var/tmp/dd-ci-benchmark-20261004.s81k5i3w/runtime-continuation/rows/gin--cover-cpu32-orchestrion-round0/input.json
gin--cover,32,sdk,0,False,0.42346469685435295,3.231631,173383680,0,True,,coverage requested but no coverage events were delivered: gin--cover-cpu32-sdk-round0,/var/tmp/dd-ci-benchmark-20261004.s81k5i3w/runtime-continuation/rows/gin--cover-cpu32-sdk-round0/input.json
gin--cover,32,mini,0,False,0.4057946330867708,3.029314,155332608,0,True,,coverage requested but no coverage events were delivered: gin--cover-cpu32-mini-round0,/var/tmp/dd-ci-benchmark-20261004.s81k5i3w/runtime-continuation/rows/gin--cover-cpu32-mini-round0/input.json
gin--cover,32,mini-deferred,0,False,0.5780006679706275,3.352867,145592320,0,True,,coverage requested but no coverage events were delivered: gin--cover-cpu32-mini-deferred-round0,/var/tmp/dd-ci-benchmark-20261004.s81k5i3w/runtime-continuation/rows/gin--cover-cpu32-mini-deferred-round0/input.json
gin--cover,32,native,0,False,0.21986140008084476,0.241502,44150784,0,True,,,/var/tmp/dd-ci-benchmark-20261004.s81k5i3w/runtime-continuation/rows/gin--cover-cpu32-native-round0/input.json
gin--cover,32,sdk,1,False,0.42240722686983645,3.304474,169512960,0,True,,coverage requested but no coverage events were delivered: gin--cover-cpu32-sdk-round1,/var/tmp/dd-ci-benchmark-20261004.s81k5i3w/runtime-continuation/rows/gin--cover-cpu32-sdk-round1/input.json
gin--cover,32,mini,1,False,0.38502741581760347,2.900339,146092032,0,True,,coverage requested but no coverage events were delivered: gin--cover-cpu32-mini-round1,/var/tmp/dd-ci-benchmark-20261004.s81k5i3w/runtime-continuation/rows/gin--cover-cpu32-mini-round1/input.json
gin--cover,32,mini-deferred,1,False,0.5727479828055948,3.55075,156151808,0,True,,coverage requested but no coverage events were delivered: gin--cover-cpu32-mini-deferred-round1,/var/tmp/dd-ci-benchmark-20261004.s81k5i3w/runtime-continuation/rows/gin--cover-cpu32-mini-deferred-round1/input.json
gin--cover,32,native,1,False,0.1941133060026914,0.235602,45121536,0,True,,,/var/tmp/dd-ci-benchmark-20261004.s81k5i3w/runtime-continuation/rows/gin--cover-cpu32-native-round1/input.json
gin--cover,32,orchestrion,1,False,0.40410468401387334,3.242095,173207552,0,True,,coverage requested but no coverage events were delivered: gin--cover-cpu32-orchestrion-round1,/var/tmp/dd-ci-benchmark-20261004.s81k5i3w/runtime-continuation/rows/gin--cover-cpu32-orchestrion-round1/input.json
gin--cover,32,mini,2,False,0.39322237810119987,3.081564,155115520,0,True,,coverage requested but no coverage events were delivered: gin--cover-cpu32-mini-round2,/var/tmp/dd-ci-benchmark-20261004.s81k5i3w/runtime-continuation/rows/gin--cover-cpu32-mini-round2/input.json
gin--cover,32,mini-deferred,2,False,0.5658159060403705,3.427793,155918336,0,True,,coverage requested but no coverage events were delivered: gin--cover-cpu32-mini-deferred-round2,/var/tmp/dd-ci-benchmark-20261004.s81k5i3w/runtime-continuation/rows/gin--cover-cpu32-mini-deferred-round2/input.json
gin--cover,32,native,2,False,0.19781410112045705,0.237945,43855872,0,True,,,/var/tmp/dd-ci-benchmark-20261004.s81k5i3w/runtime-continuation/rows/gin--cover-cpu32-native-round2/input.json
gin--cover,32,orchestrion,2,False,0.4105517929419875,3.407134,169304064,0,True,,coverage requested but no coverage events were delivered: gin--cover-cpu32-orchestrion-round2,/var/tmp/dd-ci-benchmark-20261004.s81k5i3w/runtime-continuation/rows/gin--cover-cpu32-orchestrion-round2/input.json
gin--cover,32,sdk,2,False,0.4191161959897727,3.205708,177426432,0,True,,coverage requested but no coverage events were delivered: gin--cover-cpu32-sdk-round2,/var/tmp/dd-ci-benchmark-20261004.s81k5i3w/runtime-continuation/rows/gin--cover-cpu32-sdk-round2/input.json
gin--cover,32,mini-deferred,3,False,0.5821163600776345,3.444198,152748032,0,True,,coverage requested but no coverage events were delivered: gin--cover-cpu32-mini-deferred-round3,/var/tmp/dd-ci-benchmark-20261004.s81k5i3w/runtime-continuation/rows/gin--cover-cpu32-mini-deferred-round3/input.json
gin--cover,32,native,3,False,0.19806387298740447,0.24552,43958272,0,True,,,/var/tmp/dd-ci-benchmark-20261004.s81k5i3w/runtime-continuation/rows/gin--cover-cpu32-native-round3/input.json
gin--cover,32,orchestrion,3,False,0.41772385500371456,3.361391,173199360,0,True,,coverage requested but no coverage events were delivered: gin--cover-cpu32-orchestrion-round3,/var/tmp/dd-ci-benchmark-20261004.s81k5i3w/runtime-continuation/rows/gin--cover-cpu32-orchestrion-round3/input.json
gin--cover,32,sdk,3,False,0.4180930061265826,3.201009,174182400,0,True,,coverage requested but no coverage events were delivered: gin--cover-cpu32-sdk-round3,/var/tmp/dd-ci-benchmark-20261004.s81k5i3w/runtime-continuation/rows/gin--cover-cpu32-sdk-round3/input.json
gin--cover,32,mini,3,False,0.39968787087127566,3.087779,151371776,0,True,,coverage requested but no coverage events were delivered: gin--cover-cpu32-mini-round3,/var/tmp/dd-ci-benchmark-20261004.s81k5i3w/runtime-continuation/rows/gin--cover-cpu32-mini-round3/input.json
gin--cover,32,native,4,False,0.20066873589530587,0.238151,45551616,0,True,,,/var/tmp/dd-ci-benchmark-20261004.s81k5i3w/runtime-continuation/rows/gin--cover-cpu32-native-round4/input.json
gin--cover,32,orchestrion,4,False,0.40413834690116346,3.283274,170696704,0,True,,coverage requested but no coverage events were delivered: gin--cover-cpu32-orchestrion-round4,/var/tmp/dd-ci-benchmark-20261004.s81k5i3w/runtime-continuation/rows/gin--cover-cpu32-orchestrion-round4/input.json
gin--cover,32,sdk,4,False,0.4137522908858955,3.148897,173629440,0,True,,coverage requested but no coverage events were delivered: gin--cover-cpu32-sdk-round4,/var/tmp/dd-ci-benchmark-20261004.s81k5i3w/runtime-continuation/rows/gin--cover-cpu32-sdk-round4/input.json
gin--cover,32,mini,4,False,0.4115566979162395,3.318261,159948800,0,True,,coverage requested but no coverage events were delivered: gin--cover-cpu32-mini-round4,/var/tmp/dd-ci-benchmark-20261004.s81k5i3w/runtime-continuation/rows/gin--cover-cpu32-mini-round4/input.json
gin--cover,32,mini-deferred,4,False,0.5806389420758933,3.547629,153268224,0,True,,coverage requested but no coverage events were delivered: gin--cover-cpu32-mini-deferred-round4,/var/tmp/dd-ci-benchmark-20261004.s81k5i3w/runtime-continuation/rows/gin--cover-cpu32-mini-deferred-round4/input.json
gin--cover-client,4,native,-1,True,0.2513421671465039,0.382194,37474304,0,True,,,/var/tmp/dd-ci-benchmark-20261004.s81k5i3w/runtime-continuation/rows/gin--cover-client-cpu4-native-round-1/input.json
gin--cover-client,4,orchestrion,-1,True,6.615307230036706,14.116607,98717696,0,True,,,/var/tmp/dd-ci-benchmark-20261004.s81k5i3w/runtime-continuation/rows/gin--cover-client-cpu4-orchestrion-round-1/input.json
gin--cover-client,4,sdk,-1,True,6.557405421976,14.040023,98541568,0,True,,,/var/tmp/dd-ci-benchmark-20261004.s81k5i3w/runtime-continuation/rows/gin--cover-client-cpu4-sdk-round-1/input.json
gin--cover-client,4,mini,-1,True,6.805886851157993,14.870776,91856896,0,True,,,/var/tmp/dd-ci-benchmark-20261004.s81k5i3w/runtime-continuation/rows/gin--cover-client-cpu4-mini-round-1/input.json
gin--cover-client,4,mini-deferred,-1,True,7.242011934984475,15.65061,86147072,0,True,,,/var/tmp/dd-ci-benchmark-20261004.s81k5i3w/runtime-continuation/rows/gin--cover-client-cpu4-mini-deferred-round-1/input.json
gin--cover-client,4,orchestrion,0,False,6.616408152040094,14.125127,103399424,0,True,,,/var/tmp/dd-ci-benchmark-20261004.s81k5i3w/runtime-continuation/rows/gin--cover-client-cpu4-orchestrion-round0/input.json
gin--cover-client,4,sdk,0,False,6.579213500022888,14.089607,98037760,0,True,,,/var/tmp/dd-ci-benchmark-20261004.s81k5i3w/runtime-continuation/rows/gin--cover-client-cpu4-sdk-round0/input.json
gin--cover-client,4,mini,0,False,6.759819325990975,14.711201,118288384,0,True,,,/var/tmp/dd-ci-benchmark-20261004.s81k5i3w/runtime-continuation/rows/gin--cover-client-cpu4-mini-round0/input.json
gin--cover-client,4,mini-deferred,0,False,7.209120186045766,15.643945,98074624,0,True,,,/var/tmp/dd-ci-benchmark-20261004.s81k5i3w/runtime-continuation/rows/gin--cover-client-cpu4-mini-deferred-round0/input.json
gin--cover-client,4,native,0,False,0.26373117603361607,0.389621,37462016,0,True,,,/var/tmp/dd-ci-benchmark-20261004.s81k5i3w/runtime-continuation/rows/gin--cover-client-cpu4-native-round0/input.json
gin--cover-client,4,sdk,1,False,6.568077387986705,14.069594,101625856,0,True,,,/var/tmp/dd-ci-benchmark-20261004.s81k5i3w/runtime-continuation/rows/gin--cover-client-cpu4-sdk-round1/input.json
gin--cover-client,4,mini,1,False,6.812277535907924,14.886125,86585344,0,True,,,/var/tmp/dd-ci-benchmark-20261004.s81k5i3w/runtime-continuation/rows/gin--cover-client-cpu4-mini-round1/input.json
gin--cover-client,4,mini-deferred,1,False,7.234853813890368,15.632895,81838080,0,True,,,/var/tmp/dd-ci-benchmark-20261004.s81k5i3w/runtime-continuation/rows/gin--cover-client-cpu4-mini-deferred-round1/input.json
gin--cover-client,4,native,1,False,0.2530917548574507,0.388024,37908480,0,True,,,/var/tmp/dd-ci-benchmark-20261004.s81k5i3w/runtime-continuation/rows/gin--cover-client-cpu4-native-round1/input.json
gin--cover-client,4,orchestrion,1,False,6.617304928135127,14.141498,96403456,0,True,,,/var/tmp/dd-ci-benchmark-20261004.s81k5i3w/runtime-continuation/rows/gin--cover-client-cpu4-orchestrion-round1/input.json
gin--cover-client,4,mini,2,False,6.800907661905512,14.852971,87818240,0,True,,,/var/tmp/dd-ci-benchmark-20261004.s81k5i3w/runtime-continuation/rows/gin--cover-client-cpu4-mini-round2/input.json
gin--cover-client,4,mini-deferred,2,False,7.246164646930993,15.644537,82657280,0,True,,,/var/tmp/dd-ci-benchmark-20261004.s81k5i3w/runtime-continuation/rows/gin--cover-client-cpu4-mini-deferred-round2/input.json
gin--cover-client,4,native,2,False,0.25108418497256935,0.379502,39383040,0,True,,,/var/tmp/dd-ci-benchmark-20261004.s81k5i3w/runtime-continuation/rows/gin--cover-client-cpu4-native-round2/input.json
gin--cover-client,4,orchestrion,2,False,6.582756644114852,14.083526,98004992,0,True,,,/var/tmp/dd-ci-benchmark-20261004.s81k5i3w/runtime-continuation/rows/gin--cover-client-cpu4-orchestrion-round2/input.json
gin--cover-client,4,sdk,2,False,6.558564814040437,14.033097,120070144,0,True,,,/var/tmp/dd-ci-benchmark-20261004.s81k5i3w/runtime-continuation/rows/gin--cover-client-cpu4-sdk-round2/input.json
gin--cover-client,4,mini-deferred,3,False,7.265966437058523,15.629235,98332672,0,True,,,/var/tmp/dd-ci-benchmark-20261004.s81k5i3w/runtime-continuation/rows/gin--cover-client-cpu4-mini-deferred-round3/input.json
gin--cover-client,4,native,3,False,0.25328329205513,0.385059,37175296,0,True,,,/var/tmp/dd-ci-benchmark-20261004.s81k5i3w/runtime-continuation/rows/gin--cover-client-cpu4-native-round3/input.json
gin--cover-client,4,orchestrion,3,False,6.598682385869324,14.118671,105107456,0,True,,,/var/tmp/dd-ci-benchmark-20261004.s81k5i3w/runtime-continuation/rows/gin--cover-client-cpu4-orchestrion-round3/input.json
gin--cover-client,4,sdk,3,False,6.5724065320100635,14.062926,98742272,0,True,,,/var/tmp/dd-ci-benchmark-20261004.s81k5i3w/runtime-continuation/rows/gin--cover-client-cpu4-sdk-round3/input.json
gin--cover-client,4,mini,3,False,6.747240236029029,14.73268,85909504,0,True,,,/var/tmp/dd-ci-benchmark-20261004.s81k5i3w/runtime-continuation/rows/gin--cover-client-cpu4-mini-round3/input.json
gin--cover-client,4,native,4,False,0.25058334111236036,0.385578,37031936,0,True,,,/var/tmp/dd-ci-benchmark-20261004.s81k5i3w/runtime-continuation/rows/gin--cover-client-cpu4-native-round4/input.json
gin--cover-client,4,orchestrion,4,False,6.973706600023434,14.574267,106012672,0,True,,,/var/tmp/dd-ci-benchmark-20261004.s81k5i3w/runtime-continuation/rows/gin--cover-client-cpu4-orchestrion-round4/input.json
gin--cover-client,4,sdk,4,False,6.710658974945545,14.152335,142036992,0,True,,,/var/tmp/dd-ci-benchmark-20261004.s81k5i3w/runtime-continuation/rows/gin--cover-client-cpu4-sdk-round4/input.json
gin--cover-client,4,mini,4,False,6.76891772588715,14.720653,122273792,0,True,,,/var/tmp/dd-ci-benchmark-20261004.s81k5i3w/runtime-continuation/rows/gin--cover-client-cpu4-mini-round4/input.json
gin--cover-client,4,mini-deferred,4,False,7.253949093865231,15.651656,122724352,0,True,,,/var/tmp/dd-ci-benchmark-20261004.s81k5i3w/runtime-continuation/rows/gin--cover-client-cpu4-mini-deferred-round4/input.json
gin--cover-client,32,native,-1,True,0.26777374115772545,0.439657,44826624,0,True,,,/var/tmp/dd-ci-benchmark-20261004.s81k5i3w/runtime-continuation/rows/gin--cover-client-cpu32-native-round-1/input.json
gin--cover-client,32,orchestrion,-1,True,6.548243805998936,16.740075,171831296,0,True,,,/var/tmp/dd-ci-benchmark-20261004.s81k5i3w/runtime-continuation/rows/gin--cover-client-cpu32-orchestrion-round-1/input.json
gin--cover-client,32,sdk,-1,True,6.56600588420406,16.595717,173154304,0,True,,,/var/tmp/dd-ci-benchmark-20261004.s81k5i3w/runtime-continuation/rows/gin--cover-client-cpu32-sdk-round-1/input.json
gin--cover-client,32,mini,-1,True,6.763607244007289,18.20395,191246336,0,True,,,/var/tmp/dd-ci-benchmark-20261004.s81k5i3w/runtime-continuation/rows/gin--cover-client-cpu32-mini-round-1/input.json
gin--cover-client,32,mini-deferred,-1,True,7.273435194976628,19.476375,197165056,0,True,,,/var/tmp/dd-ci-benchmark-20261004.s81k5i3w/runtime-continuation/rows/gin--cover-client-cpu32-mini-deferred-round-1/input.json
gin--cover-client,32,orchestrion,0,False,6.660463688895106,17.135816,197251072,0,True,,,/var/tmp/dd-ci-benchmark-20261004.s81k5i3w/runtime-continuation/rows/gin--cover-client-cpu32-orchestrion-round0/input.json
gin--cover-client,32,sdk,0,False,6.5215042198542506,16.58998,180363264,0,True,,,/var/tmp/dd-ci-benchmark-20261004.s81k5i3w/runtime-continuation/rows/gin--cover-client-cpu32-sdk-round0/input.json
gin--cover-client,32,mini,0,False,6.855038976995274,18.301174,180994048,0,True,,,/var/tmp/dd-ci-benchmark-20261004.s81k5i3w/runtime-continuation/rows/gin--cover-client-cpu32-mini-round0/input.json
gin--cover-client,32,mini-deferred,0,False,7.293200506130233,19.857282,196333568,0,True,,,/var/tmp/dd-ci-benchmark-20261004.s81k5i3w/runtime-continuation/rows/gin--cover-client-cpu32-mini-deferred-round0/input.json
gin--cover-client,32,native,0,False,0.2627172409556806,0.423457,45928448,0,True,,,/var/tmp/dd-ci-benchmark-20261004.s81k5i3w/runtime-continuation/rows/gin--cover-client-cpu32-native-round0/input.json
gin--cover-client,32,sdk,1,False,6.699226242955774,17.013994,171507712,0,True,,,/var/tmp/dd-ci-benchmark-20261004.s81k5i3w/runtime-continuation/rows/gin--cover-client-cpu32-sdk-round1/input.json
gin--cover-client,32,mini,1,False,6.890793785918504,18.469781,154693632,0,True,,,/var/tmp/dd-ci-benchmark-20261004.s81k5i3w/runtime-continuation/rows/gin--cover-client-cpu32-mini-round1/input.json
gin--cover-client,32,mini-deferred,1,False,7.281138775870204,19.689764,148832256,0,True,,,/var/tmp/dd-ci-benchmark-20261004.s81k5i3w/runtime-continuation/rows/gin--cover-client-cpu32-mini-deferred-round1/input.json
gin--cover-client,32,native,1,False,0.25324940914288163,0.420659,55640064,0,True,,,/var/tmp/dd-ci-benchmark-20261004.s81k5i3w/runtime-continuation/rows/gin--cover-client-cpu32-native-round1/input.json
gin--cover-client,32,orchestrion,1,False,6.541288259904832,16.82035,204783616,0,True,,,/var/tmp/dd-ci-benchmark-20261004.s81k5i3w/runtime-continuation/rows/gin--cover-client-cpu32-orchestrion-round1/input.json
gin--cover-client,32,mini,2,False,6.769928339868784,17.98978,199393280,0,True,,,/var/tmp/dd-ci-benchmark-20261004.s81k5i3w/runtime-continuation/rows/gin--cover-client-cpu32-mini-round2/input.json
gin--cover-client,32,mini-deferred,2,False,7.243503401055932,19.438688,211595264,0,True,,,/var/tmp/dd-ci-benchmark-20261004.s81k5i3w/runtime-continuation/rows/gin--cover-client-cpu32-mini-deferred-round2/input.json
gin--cover-client,32,native,2,False,0.25158106884919107,0.422519,54611968,0,True,,,/var/tmp/dd-ci-benchmark-20261004.s81k5i3w/runtime-continuation/rows/gin--cover-client-cpu32-native-round2/input.json
gin--cover-client,32,orchestrion,2,False,6.535919664893299,16.678276,228261888,0,True,,,/var/tmp/dd-ci-benchmark-20261004.s81k5i3w/runtime-continuation/rows/gin--cover-client-cpu32-orchestrion-round2/input.json
gin--cover-client,32,sdk,2,False,6.6178632490336895,16.906071,229883904,0,True,,,/var/tmp/dd-ci-benchmark-20261004.s81k5i3w/runtime-continuation/rows/gin--cover-client-cpu32-sdk-round2/input.json
gin--cover-client,32,mini-deferred,3,False,7.313180037075654,19.807637,180682752,0,True,,,/var/tmp/dd-ci-benchmark-20261004.s81k5i3w/runtime-continuation/rows/gin--cover-client-cpu32-mini-deferred-round3/input.json
gin--cover-client,32,native,3,False,0.25025407900102437,0.418879,53530624,0,True,,,/var/tmp/dd-ci-benchmark-20261004.s81k5i3w/runtime-continuation/rows/gin--cover-client-cpu32-native-round3/input.json
gin--cover-client,32,orchestrion,3,False,6.516527604078874,16.543202,215400448,0,True,,,/var/tmp/dd-ci-benchmark-20261004.s81k5i3w/runtime-continuation/rows/gin--cover-client-cpu32-orchestrion-round3/input.json
gin--cover-client,32,sdk,3,False,6.559828758938238,16.922844,230428672,0,True,,,/var/tmp/dd-ci-benchmark-20261004.s81k5i3w/runtime-continuation/rows/gin--cover-client-cpu32-sdk-round3/input.json
gin--cover-client,32,mini,3,False,6.8535201048944145,18.328479,187068416,0,True,,,/var/tmp/dd-ci-benchmark-20261004.s81k5i3w/runtime-continuation/rows/gin--cover-client-cpu32-mini-round3/input.json
gin--cover-client,32,native,4,False,0.2558436600957066,0.417611,55570432,0,True,,,/var/tmp/dd-ci-benchmark-20261004.s81k5i3w/runtime-continuation/rows/gin--cover-client-cpu32-native-round4/input.json
gin--cover-client,32,orchestrion,4,False,6.633171600056812,16.905914,210702336,0,True,,,/var/tmp/dd-ci-benchmark-20261004.s81k5i3w/runtime-continuation/rows/gin--cover-client-cpu32-orchestrion-round4/input.json
gin--cover-client,32,sdk,4,False,6.683716794941574,17.085698,238632960,0,True,,,/var/tmp/dd-ci-benchmark-20261004.s81k5i3w/runtime-continuation/rows/gin--cover-client-cpu32-sdk-round4/input.json
gin--cover-client,32,mini,4,False,6.7324310468975455,17.717672,190734336,0,True,,,/var/tmp/dd-ci-benchmark-20261004.s81k5i3w/runtime-continuation/rows/gin--cover-client-cpu32-mini-round4/input.json
gin--cover-client,32,mini-deferred,4,False,7.241228764876723,19.635306,197365760,0,True,,,/var/tmp/dd-ci-benchmark-20261004.s81k5i3w/runtime-continuation/rows/gin--cover-client-cpu32-mini-deferred-round4/input.json
gin--race-cover-client,4,native,-1,True,3.382661978015676,8.3366,227692544,0,True,,,/var/tmp/dd-ci-benchmark-20261004.s81k5i3w/runtime-continuation/rows/gin--race-cover-client-cpu4-native-round-1/input.json
gin--race-cover-client,4,orchestrion,-1,True,18.507492744131014,43.631276,398667776,1,False,race detector reported an error,race detector reported an error,/var/tmp/dd-ci-benchmark-20261004.s81k5i3w/runtime-continuation/rows/gin--race-cover-client-cpu4-orchestrion-round-1/input.json
gin--race-cover-client,4,sdk,-1,True,18.695984995225444,44.073236,402907136,1,False,race detector reported an error,race detector reported an error,/var/tmp/dd-ci-benchmark-20261004.s81k5i3w/runtime-continuation/rows/gin--race-cover-client-cpu4-sdk-round-1/input.json
gin--race-cover-client,4,mini,-1,True,18.944039293099195,45.062827,285102080,1,False,race detector reported an error,race detector reported an error,/var/tmp/dd-ci-benchmark-20261004.s81k5i3w/runtime-continuation/rows/gin--race-cover-client-cpu4-mini-round-1/input.json
gin--race-cover-client,4,mini-deferred,-1,True,20.03978527104482,47.24787,314527744,0,False,SDK reference unavailable for this failed-oracle combination,,/var/tmp/dd-ci-benchmark-20261004.s81k5i3w/runtime-continuation/rows/gin--race-cover-client-cpu4-mini-deferred-round-1/input.json
gin--race-cover-client,4,orchestrion,0,False,18.56029933108948,43.650634,399818752,1,False,race detector reported an error,race detector reported an error,/var/tmp/dd-ci-benchmark-20261004.s81k5i3w/runtime-continuation/rows/gin--race-cover-client-cpu4-orchestrion-round0/input.json
gin--race-cover-client,4,sdk,0,False,18.515623294981197,43.571014,433381376,1,False,race detector reported an error,race detector reported an error,/var/tmp/dd-ci-benchmark-20261004.s81k5i3w/runtime-continuation/rows/gin--race-cover-client-cpu4-sdk-round0/input.json
gin--race-cover-client,4,mini,0,False,18.803205150878057,44.651233,278065152,1,False,race detector reported an error,race detector reported an error,/var/tmp/dd-ci-benchmark-20261004.s81k5i3w/runtime-continuation/rows/gin--race-cover-client-cpu4-mini-round0/input.json
gin--race-cover-client,4,mini-deferred,0,False,19.899993736995384,47.038615,300707840,1,False,race detector reported an error,race detector reported an error,/var/tmp/dd-ci-benchmark-20261004.s81k5i3w/runtime-continuation/rows/gin--race-cover-client-cpu4-mini-deferred-round0/input.json
gin--race-cover-client,4,native,0,False,3.3719873048830777,8.291169,223580160,0,True,,,/var/tmp/dd-ci-benchmark-20261004.s81k5i3w/runtime-continuation/rows/gin--race-cover-client-cpu4-native-round0/input.json
gin--race-cover-client,4,sdk,1,False,18.539882777957246,43.746343,408666112,1,False,race detector reported an error,race detector reported an error,/var/tmp/dd-ci-benchmark-20261004.s81k5i3w/runtime-continuation/rows/gin--race-cover-client-cpu4-sdk-round1/input.json
gin--race-cover-client,4,mini,1,False,18.881588767981157,44.848708,272596992,1,False,race detector reported an error,race detector reported an error,/var/tmp/dd-ci-benchmark-20261004.s81k5i3w/runtime-continuation/rows/gin--race-cover-client-cpu4-mini-round1/input.json
gin--race-cover-client,4,mini-deferred,1,False,19.858895073877648,46.963363,286957568,1,False,race detector reported an error,race detector reported an error,/var/tmp/dd-ci-benchmark-20261004.s81k5i3w/runtime-continuation/rows/gin--race-cover-client-cpu4-mini-deferred-round1/input.json
gin--race-cover-client,4,native,1,False,3.391169640934095,8.363,255770624,0,True,,,/var/tmp/dd-ci-benchmark-20261004.s81k5i3w/runtime-continuation/rows/gin--race-cover-client-cpu4-native-round1/input.json
gin--race-cover-client,4,orchestrion,1,False,18.506331415148452,43.436291,432295936,1,False,race detector reported an error,race detector reported an error,/var/tmp/dd-ci-benchmark-20261004.s81k5i3w/runtime-continuation/rows/gin--race-cover-client-cpu4-orchestrion-round1/input.json
gin--race-cover-client,4,mini,2,False,18.690365091199055,44.402257,300376064,1,False,race detector reported an error,race detector reported an error,/var/tmp/dd-ci-benchmark-20261004.s81k5i3w/runtime-continuation/rows/gin--race-cover-client-cpu4-mini-round2/input.json
gin--race-cover-client,4,mini-deferred,2,False,19.931347881210968,47.090676,301047808,0,False,SDK reference unavailable for this failed-oracle combination,,/var/tmp/dd-ci-benchmark-20261004.s81k5i3w/runtime-continuation/rows/gin--race-cover-client-cpu4-mini-deferred-round2/input.json
gin--race-cover-client,4,native,2,False,3.5443103529978544,8.826151,257433600,0,True,,,/var/tmp/dd-ci-benchmark-20261004.s81k5i3w/runtime-continuation/rows/gin--race-cover-client-cpu4-native-round2/input.json
gin--race-cover-client,4,orchestrion,2,False,18.464072379050776,43.477136,428773376,1,False,race detector reported an error,race detector reported an error,/var/tmp/dd-ci-benchmark-20261004.s81k5i3w/runtime-continuation/rows/gin--race-cover-client-cpu4-orchestrion-round2/input.json
gin--race-cover-client,4,sdk,2,False,18.55195638979785,43.711997,424550400,1,False,race detector reported an error,race detector reported an error,/var/tmp/dd-ci-benchmark-20261004.s81k5i3w/runtime-continuation/rows/gin--race-cover-client-cpu4-sdk-round2/input.json
gin--race-cover-client,4,mini-deferred,3,False,20.00584009801969,47.182795,287313920,1,False,race detector reported an error,race detector reported an error,/var/tmp/dd-ci-benchmark-20261004.s81k5i3w/runtime-continuation/rows/gin--race-cover-client-cpu4-mini-deferred-round3/input.json
gin--race-cover-client,4,native,3,False,3.4652869389392436,8.601034,231256064,0,True,,,/var/tmp/dd-ci-benchmark-20261004.s81k5i3w/runtime-continuation/rows/gin--race-cover-client-cpu4-native-round3/input.json
gin--race-cover-client,4,orchestrion,3,False,18.491987281944603,43.544534,397594624,0,False,SDK reference unavailable for this failed-oracle combination,,/var/tmp/dd-ci-benchmark-20261004.s81k5i3w/runtime-continuation/rows/gin--race-cover-client-cpu4-orchestrion-round3/input.json
gin--race-cover-client,4,sdk,3,False,18.542443277081475,43.699186,420188160,1,False,race detector reported an error,race detector reported an error,/var/tmp/dd-ci-benchmark-20261004.s81k5i3w/runtime-continuation/rows/gin--race-cover-client-cpu4-sdk-round3/input.json
gin--race-cover-client,4,mini,3,False,18.74370794882998,44.483226,290787328,1,False,race detector reported an error,race detector reported an error,/var/tmp/dd-ci-benchmark-20261004.s81k5i3w/runtime-continuation/rows/gin--race-cover-client-cpu4-mini-round3/input.json
gin--race-cover-client,4,native,4,False,3.415679916040972,8.5008,265543680,0,True,,,/var/tmp/dd-ci-benchmark-20261004.s81k5i3w/runtime-continuation/rows/gin--race-cover-client-cpu4-native-round4/input.json
gin--race-cover-client,4,orchestrion,4,False,18.428509461926296,43.410596,434544640,1,False,race detector reported an error,race detector reported an error,/var/tmp/dd-ci-benchmark-20261004.s81k5i3w/runtime-continuation/rows/gin--race-cover-client-cpu4-orchestrion-round4/input.json
gin--race-cover-client,4,sdk,4,False,18.46248478302732,43.661274,438898688,1,False,race detector reported an error,race detector reported an error,/var/tmp/dd-ci-benchmark-20261004.s81k5i3w/runtime-continuation/rows/gin--race-cover-client-cpu4-sdk-round4/input.json
gin--race-cover-client,4,mini,4,False,18.726044225972146,44.506353,307494912,1,False,race detector reported an error,race detector reported an error,/var/tmp/dd-ci-benchmark-20261004.s81k5i3w/runtime-continuation/rows/gin--race-cover-client-cpu4-mini-round4/input.json
gin--race-cover-client,4,mini-deferred,4,False,19.910743556916714,46.96913,301826048,0,False,SDK reference unavailable for this failed-oracle combination,,/var/tmp/dd-ci-benchmark-20261004.s81k5i3w/runtime-continuation/rows/gin--race-cover-client-cpu4-mini-deferred-round4/input.json
gin--race-cover-client,32,native,-1,True,3.909956166986376,9.992483,320733184,0,True,,,/var/tmp/dd-ci-benchmark-20261004.s81k5i3w/runtime-continuation/rows/gin--race-cover-client-cpu32-native-round-1/input.json
gin--race-cover-client,32,orchestrion,-1,True,18.80388191714883,48.13659,513126400,0,False,SDK reference unavailable for this failed-oracle combination,,/var/tmp/dd-ci-benchmark-20261004.s81k5i3w/runtime-continuation/rows/gin--race-cover-client-cpu32-orchestrion-round-1/input.json
gin--race-cover-client,32,sdk,-1,True,18.761426745913923,48.238376,533159936,1,False,race detector reported an error,race detector reported an error,/var/tmp/dd-ci-benchmark-20261004.s81k5i3w/runtime-continuation/rows/gin--race-cover-client-cpu32-sdk-round-1/input.json
gin--race-cover-client,32,mini,-1,True,19.30966083309613,50.233677,342556672,0,False,SDK reference unavailable for this failed-oracle combination,,/var/tmp/dd-ci-benchmark-20261004.s81k5i3w/runtime-continuation/rows/gin--race-cover-client-cpu32-mini-round-1/input.json
gin--race-cover-client,32,mini-deferred,-1,True,20.29591415892355,53.319928,374321152,1,False,race detector reported an error,race detector reported an error,/var/tmp/dd-ci-benchmark-20261004.s81k5i3w/runtime-continuation/rows/gin--race-cover-client-cpu32-mini-deferred-round-1/input.json
gin--race-cover-client,32,orchestrion,0,False,18.737563831033185,48.296068,488550400,1,False,race detector reported an error,race detector reported an error,/var/tmp/dd-ci-benchmark-20261004.s81k5i3w/runtime-continuation/rows/gin--race-cover-client-cpu32-orchestrion-round0/input.json
gin--race-cover-client,32,sdk,0,False,18.71469537494704,48.01431,509538304,1,False,race detector reported an error,race detector reported an error,/var/tmp/dd-ci-benchmark-20261004.s81k5i3w/runtime-continuation/rows/gin--race-cover-client-cpu32-sdk-round0/input.json
gin--race-cover-client,32,mini,0,False,19.079642530996352,49.731029,340369408,1,False,race detector reported an error,race detector reported an error,/var/tmp/dd-ci-benchmark-20261004.s81k5i3w/runtime-continuation/rows/gin--race-cover-client-cpu32-mini-round0/input.json
gin--race-cover-client,32,mini-deferred,0,False,20.56592693598941,54.065722,349794304,0,False,SDK reference unavailable for this failed-oracle combination,,/var/tmp/dd-ci-benchmark-20261004.s81k5i3w/runtime-continuation/rows/gin--race-cover-client-cpu32-mini-deferred-round0/input.json
gin--race-cover-client,32,native,0,False,3.478006977820769,8.713654,300015616,0,True,,,/var/tmp/dd-ci-benchmark-20261004.s81k5i3w/runtime-continuation/rows/gin--race-cover-client-cpu32-native-round0/input.json
gin--race-cover-client,32,sdk,1,False,18.80374954198487,48.226297,502255616,1,False,race detector reported an error,race detector reported an error,/var/tmp/dd-ci-benchmark-20261004.s81k5i3w/runtime-continuation/rows/gin--race-cover-client-cpu32-sdk-round1/input.json
gin--race-cover-client,32,mini,1,False,19.021186904981732,49.472799,334073856,0,False,SDK reference unavailable for this failed-oracle combination,,/var/tmp/dd-ci-benchmark-20261004.s81k5i3w/runtime-continuation/rows/gin--race-cover-client-cpu32-mini-round1/input.json
gin--race-cover-client,32,mini-deferred,1,False,20.322048228001222,53.570215,336584704,1,False,race detector reported an error,race detector reported an error,/var/tmp/dd-ci-benchmark-20261004.s81k5i3w/runtime-continuation/rows/gin--race-cover-client-cpu32-mini-deferred-round1/input.json
gin--race-cover-client,32,native,1,False,3.4130630171857774,8.496521,297488384,0,True,,,/var/tmp/dd-ci-benchmark-20261004.s81k5i3w/runtime-continuation/rows/gin--race-cover-client-cpu32-native-round1/input.json
gin--race-cover-client,32,orchestrion,1,False,18.746791139943525,48.112984,514527232,1,False,race detector reported an error,race detector reported an error,/var/tmp/dd-ci-benchmark-20261004.s81k5i3w/runtime-continuation/rows/gin--race-cover-client-cpu32-orchestrion-round1/input.json
gin--race-cover-client,32,mini,2,False,19.219953840132803,50.31534,337256448,0,False,SDK reference unavailable for this failed-oracle combination,,/var/tmp/dd-ci-benchmark-20261004.s81k5i3w/runtime-continuation/rows/gin--race-cover-client-cpu32-mini-round2/input.json
gin--race-cover-client,32,mini-deferred,2,False,20.33824735903181,54.050136,364072960,0,False,SDK reference unavailable for this failed-oracle combination,,/var/tmp/dd-ci-benchmark-20261004.s81k5i3w/runtime-continuation/rows/gin--race-cover-client-cpu32-mini-deferred-round2/input.json
gin--race-cover-client,32,native,2,False,3.420563801890239,8.53665,291454976,0,True,,,/var/tmp/dd-ci-benchmark-20261004.s81k5i3w/runtime-continuation/rows/gin--race-cover-client-cpu32-native-round2/input.json
gin--race-cover-client,32,orchestrion,2,False,18.707627882016823,48.076989,503439360,1,False,race detector reported an error,race detector reported an error,/var/tmp/dd-ci-benchmark-20261004.s81k5i3w/runtime-continuation/rows/gin--race-cover-client-cpu32-orchestrion-round2/input.json
gin--race-cover-client,32,sdk,2,False,18.766514462884516,48.253109,492773376,1,False,race detector reported an error,race detector reported an error,/var/tmp/dd-ci-benchmark-20261004.s81k5i3w/runtime-continuation/rows/gin--race-cover-client-cpu32-sdk-round2/input.json
gin--race-cover-client,32,mini-deferred,3,False,20.392808578908443,53.99206,333213696,1,False,race detector reported an error,race detector reported an error,/var/tmp/dd-ci-benchmark-20261004.s81k5i3w/runtime-continuation/rows/gin--race-cover-client-cpu32-mini-deferred-round3/input.json
gin--race-cover-client,32,native,3,False,3.5838706009089947,9.065876,297549824,0,True,,,/var/tmp/dd-ci-benchmark-20261004.s81k5i3w/runtime-continuation/rows/gin--race-cover-client-cpu32-native-round3/input.json
gin--race-cover-client,32,orchestrion,3,False,18.788361313054338,48.207009,493506560,1,False,race detector reported an error,race detector reported an error,/var/tmp/dd-ci-benchmark-20261004.s81k5i3w/runtime-continuation/rows/gin--race-cover-client-cpu32-orchestrion-round3/input.json
gin--race-cover-client,32,sdk,3,False,18.915232923114672,48.572076,488886272,1,False,race detector reported an error,race detector reported an error,/var/tmp/dd-ci-benchmark-20261004.s81k5i3w/runtime-continuation/rows/gin--race-cover-client-cpu32-sdk-round3/input.json
gin--race-cover-client,32,mini,3,False,19.041755355894566,49.768071,312545280,0,False,SDK reference unavailable for this failed-oracle combination,,/var/tmp/dd-ci-benchmark-20261004.s81k5i3w/runtime-continuation/rows/gin--race-cover-client-cpu32-mini-round3/input.json
gin--race-cover-client,32,native,4,False,3.4468067409470677,8.572765,299118592,0,True,,,/var/tmp/dd-ci-benchmark-20261004.s81k5i3w/runtime-continuation/rows/gin--race-cover-client-cpu32-native-round4/input.json
gin--race-cover-client,32,orchestrion,4,False,18.80346165993251,48.385356,489369600,1,False,race detector reported an error,race detector reported an error,/var/tmp/dd-ci-benchmark-20261004.s81k5i3w/runtime-continuation/rows/gin--race-cover-client-cpu32-orchestrion-round4/input.json
gin--race-cover-client,32,sdk,4,False,18.919495701091364,48.523182,514977792,1,False,race detector reported an error,race detector reported an error,/var/tmp/dd-ci-benchmark-20261004.s81k5i3w/runtime-continuation/rows/gin--race-cover-client-cpu32-sdk-round4/input.json
gin--race-cover-client,32,mini,4,False,19.043656594818458,49.791902,331018240,1,False,race detector reported an error,race detector reported an error,/var/tmp/dd-ci-benchmark-20261004.s81k5i3w/runtime-continuation/rows/gin--race-cover-client-cpu32-mini-round4/input.json
gin--race-cover-client,32,mini-deferred,4,False,20.28475991799496,53.590164,337453056,1,False,race detector reported an error,race detector reported an error,/var/tmp/dd-ci-benchmark-20261004.s81k5i3w/runtime-continuation/rows/gin--race-cover-client-cpu32-mini-deferred-round4/input.json
testify-direct--normal,4,native,-1,True,0.0028009340167045593,0.004518,13197312,0,True,,,/var/tmp/dd-ci-benchmark-20261004.s81k5i3w/runtime-continuation/rows/testify-direct--normal-cpu4-native-round-1/input.json
testify-direct--normal,4,orchestrion,-1,True,0.014634357066825032,0.019762,26316800,0,True,,,/var/tmp/dd-ci-benchmark-20261004.s81k5i3w/runtime-continuation/rows/testify-direct--normal-cpu4-orchestrion-round-1/input.json
testify-direct--normal,4,sdk,-1,True,0.014289726968854666,0.018269,28180480,0,True,,,/var/tmp/dd-ci-benchmark-20261004.s81k5i3w/runtime-continuation/rows/testify-direct--normal-cpu4-sdk-round-1/input.json
testify-direct--normal,4,mini,-1,True,0.009849312016740441,0.011612,18325504,0,True,,,/var/tmp/dd-ci-benchmark-20261004.s81k5i3w/runtime-continuation/rows/testify-direct--normal-cpu4-mini-round-1/input.json
testify-direct--normal,4,mini-deferred,-1,True,0.010218411916866899,0.011049,18096128,0,True,,,/var/tmp/dd-ci-benchmark-20261004.s81k5i3w/runtime-continuation/rows/testify-direct--normal-cpu4-mini-deferred-round-1/input.json
testify-direct--normal,4,orchestrion,0,False,0.014293156797066331,0.018899,28278784,0,True,,,/var/tmp/dd-ci-benchmark-20261004.s81k5i3w/runtime-continuation/rows/testify-direct--normal-cpu4-orchestrion-round0/input.json
testify-direct--normal,4,sdk,0,False,0.014354197075590491,0.019443,28233728,0,True,,,/var/tmp/dd-ci-benchmark-20261004.s81k5i3w/runtime-continuation/rows/testify-direct--normal-cpu4-sdk-round0/input.json
testify-direct--normal,4,mini,0,False,0.009756532032042742,0.010682,18124800,0,True,,,/var/tmp/dd-ci-benchmark-20261004.s81k5i3w/runtime-continuation/rows/testify-direct--normal-cpu4-mini-round0/input.json
testify-direct--normal,4,mini-deferred,0,False,0.010434051975607872,0.011232,18337792,0,True,,,/var/tmp/dd-ci-benchmark-20261004.s81k5i3w/runtime-continuation/rows/testify-direct--normal-cpu4-mini-deferred-round0/input.json
testify-direct--normal,4,native,0,False,0.0027253238949924707,0.003903,14643200,0,True,,,/var/tmp/dd-ci-benchmark-20261004.s81k5i3w/runtime-continuation/rows/testify-direct--normal-cpu4-native-round0/input.json
testify-direct--normal,4,sdk,1,False,0.014375258004292846,0.01884,28205056,0,True,,,/var/tmp/dd-ci-benchmark-20261004.s81k5i3w/runtime-continuation/rows/testify-direct--normal-cpu4-sdk-round1/input.json
testify-direct--normal,4,mini,1,False,0.00972768198698759,0.010762,17735680,0,True,,,/var/tmp/dd-ci-benchmark-20261004.s81k5i3w/runtime-continuation/rows/testify-direct--normal-cpu4-mini-round1/input.json
testify-direct--normal,4,mini-deferred,1,False,0.009923882083967328,0.011442,16175104,0,True,,,/var/tmp/dd-ci-benchmark-20261004.s81k5i3w/runtime-continuation/rows/testify-direct--normal-cpu4-mini-deferred-round1/input.json
testify-direct--normal,4,native,1,False,0.00276765413582325,0.003788,15278080,0,True,,,/var/tmp/dd-ci-benchmark-20261004.s81k5i3w/runtime-continuation/rows/testify-direct--normal-cpu4-native-round1/input.json
testify-direct--normal,4,orchestrion,1,False,0.014587177895009518,0.020161,27910144,0,True,,,/var/tmp/dd-ci-benchmark-20261004.s81k5i3w/runtime-continuation/rows/testify-direct--normal-cpu4-orchestrion-round1/input.json
testify-direct--normal,4,mini,2,False,0.009877132019028068,0.010946,18313216,0,True,,,/var/tmp/dd-ci-benchmark-20261004.s81k5i3w/runtime-continuation/rows/testify-direct--normal-cpu4-mini-round2/input.json
testify-direct--normal,4,mini-deferred,2,False,0.010529323015362024,0.011837,17829888,0,True,,,/var/tmp/dd-ci-benchmark-20261004.s81k5i3w/runtime-continuation/rows/testify-direct--normal-cpu4-mini-deferred-round2/input.json
testify-direct--normal,4,native,2,False,0.002658793004229665,0.003708,15249408,0,True,,,/var/tmp/dd-ci-benchmark-20261004.s81k5i3w/runtime-continuation/rows/testify-direct--normal-cpu4-native-round2/input.json
testify-direct--normal,4,orchestrion,2,False,0.014714278047904372,0.019198,28147712,0,True,,,/var/tmp/dd-ci-benchmark-20261004.s81k5i3w/runtime-continuation/rows/testify-direct--normal-cpu4-orchestrion-round2/input.json
testify-direct--normal,4,sdk,2,False,0.014206136809661984,0.018457,28954624,0,True,,,/var/tmp/dd-ci-benchmark-20261004.s81k5i3w/runtime-continuation/rows/testify-direct--normal-cpu4-sdk-round2/input.json
testify-direct--normal,4,mini-deferred,3,False,0.010113912168890238,0.011118,17944576,0,True,,,/var/tmp/dd-ci-benchmark-20261004.s81k5i3w/runtime-continuation/rows/testify-direct--normal-cpu4-mini-deferred-round3/input.json
testify-direct--normal,4,native,3,False,0.0027831329498440027,0.003647,14761984,0,True,,,/var/tmp/dd-ci-benchmark-20261004.s81k5i3w/runtime-continuation/rows/testify-direct--normal-cpu4-native-round3/input.json
testify-direct--normal,4,orchestrion,3,False,0.013945746934041381,0.018148,26800128,0,True,,,/var/tmp/dd-ci-benchmark-20261004.s81k5i3w/runtime-continuation/rows/testify-direct--normal-cpu4-orchestrion-round3/input.json
testify-direct--normal,4,sdk,3,False,0.014733938034623861,0.019828,28270592,0,True,,,/var/tmp/dd-ci-benchmark-20261004.s81k5i3w/runtime-continuation/rows/testify-direct--normal-cpu4-sdk-round3/input.json
testify-direct--normal,4,mini,3,False,0.010043731890618801,0.011359,18243584,0,True,,,/var/tmp/dd-ci-benchmark-20261004.s81k5i3w/runtime-continuation/rows/testify-direct--normal-cpu4-mini-round3/input.json
testify-direct--normal,4,native,4,False,0.0028710730839520693,0.004098,15278080,0,True,,,/var/tmp/dd-ci-benchmark-20261004.s81k5i3w/runtime-continuation/rows/testify-direct--normal-cpu4-native-round4/input.json
testify-direct--normal,4,orchestrion,4,False,0.014252707129344344,0.018486,26951680,0,True,,,/var/tmp/dd-ci-benchmark-20261004.s81k5i3w/runtime-continuation/rows/testify-direct--normal-cpu4-orchestrion-round4/input.json
testify-direct--normal,4,sdk,4,False,0.014582597883418202,0.019943,28717056,0,True,,,/var/tmp/dd-ci-benchmark-20261004.s81k5i3w/runtime-continuation/rows/testify-direct--normal-cpu4-sdk-round4/input.json
testify-direct--normal,4,mini,4,False,0.01073304284363985,0.011294,17965056,0,True,,,/var/tmp/dd-ci-benchmark-20261004.s81k5i3w/runtime-continuation/rows/testify-direct--normal-cpu4-mini-round4/input.json
testify-direct--normal,4,mini-deferred,4,False,0.010480323107913136,0.011503,18001920,0,True,,,/var/tmp/dd-ci-benchmark-20261004.s81k5i3w/runtime-continuation/rows/testify-direct--normal-cpu4-mini-deferred-round4/input.json
testify-direct--normal,32,native,-1,True,0.003105744021013379,0.004594,16080896,0,True,,,/var/tmp/dd-ci-benchmark-20261004.s81k5i3w/runtime-continuation/rows/testify-direct--normal-cpu32-native-round-1/input.json
testify-direct--normal,32,orchestrion,-1,True,0.016976910876110196,0.029095,37240832,0,True,,,/var/tmp/dd-ci-benchmark-20261004.s81k5i3w/runtime-continuation/rows/testify-direct--normal-cpu32-orchestrion-round-1/input.json
testify-direct--normal,32,sdk,-1,True,0.015598788857460022,0.023751,33292288,0,True,,,/var/tmp/dd-ci-benchmark-20261004.s81k5i3w/runtime-continuation/rows/testify-direct--normal-cpu32-sdk-round-1/input.json
testify-direct--normal,32,mini,-1,True,0.01122775417752564,0.012905,18944000,0,True,,,/var/tmp/dd-ci-benchmark-20261004.s81k5i3w/runtime-continuation/rows/testify-direct--normal-cpu32-mini-round-1/input.json
testify-direct--normal,32,mini-deferred,-1,True,0.011456133797764778,0.012443,21577728,0,True,,,/var/tmp/dd-ci-benchmark-20261004.s81k5i3w/runtime-continuation/rows/testify-direct--normal-cpu32-mini-deferred-round-1/input.json
testify-direct--normal,32,orchestrion,0,False,0.01591325900517404,0.023107,30855168,0,True,,,/var/tmp/dd-ci-benchmark-20261004.s81k5i3w/runtime-continuation/rows/testify-direct--normal-cpu32-orchestrion-round0/input.json
testify-direct--normal,32,sdk,0,False,0.01548179890960455,0.02307,29712384,0,True,,,/var/tmp/dd-ci-benchmark-20261004.s81k5i3w/runtime-continuation/rows/testify-direct--normal-cpu32-sdk-round0/input.json
testify-direct--normal,32,mini,0,False,0.010583523195236921,0.01202,19427328,0,True,,,/var/tmp/dd-ci-benchmark-20261004.s81k5i3w/runtime-continuation/rows/testify-direct--normal-cpu32-mini-round0/input.json
testify-direct--normal,32,mini-deferred,0,False,0.01158450497314334,0.012986,19365888,0,True,,,/var/tmp/dd-ci-benchmark-20261004.s81k5i3w/runtime-continuation/rows/testify-direct--normal-cpu32-mini-deferred-round0/input.json
testify-direct--normal,32,native,0,False,0.0031749641057103872,0.004679,15712256,0,True,,,/var/tmp/dd-ci-benchmark-20261004.s81k5i3w/runtime-continuation/rows/testify-direct--normal-cpu32-native-round0/input.json
testify-direct--normal,32,sdk,1,False,0.01576085900887847,0.023235,30343168,0,True,,,/var/tmp/dd-ci-benchmark-20261004.s81k5i3w/runtime-continuation/rows/testify-direct--normal-cpu32-sdk-round1/input.json
testify-direct--normal,32,mini,1,False,0.011488244170323014,0.012796,21831680,0,True,,,/var/tmp/dd-ci-benchmark-20261004.s81k5i3w/runtime-continuation/rows/testify-direct--normal-cpu32-mini-round1/input.json
testify-direct--normal,32,mini-deferred,1,False,0.010781903052702546,0.011955,19333120,0,True,,,/var/tmp/dd-ci-benchmark-20261004.s81k5i3w/runtime-continuation/rows/testify-direct--normal-cpu32-mini-deferred-round1/input.json
testify-direct--normal,32,native,1,False,0.00299552408978343,0.004573,15216640,0,True,,,/var/tmp/dd-ci-benchmark-20261004.s81k5i3w/runtime-continuation/rows/testify-direct--normal-cpu32-native-round1/input.json
testify-direct--normal,32,orchestrion,1,False,0.016177961137145758,0.023647,33517568,0,True,,,/var/tmp/dd-ci-benchmark-20261004.s81k5i3w/runtime-continuation/rows/testify-direct--normal-cpu32-orchestrion-round1/input.json
testify-direct--normal,32,mini,2,False,0.011020204052329063,0.012235,19091456,0,True,,,/var/tmp/dd-ci-benchmark-20261004.s81k5i3w/runtime-continuation/rows/testify-direct--normal-cpu32-mini-round2/input.json
testify-direct--normal,32,mini-deferred,2,False,0.011312753893435001,0.012311,19480576,0,True,,,/var/tmp/dd-ci-benchmark-20261004.s81k5i3w/runtime-continuation/rows/testify-direct--normal-cpu32-mini-deferred-round2/input.json
testify-direct--normal,32,native,2,False,0.003034204011783004,0.004537,15708160,0,True,,,/var/tmp/dd-ci-benchmark-20261004.s81k5i3w/runtime-continuation/rows/testify-direct--normal-cpu32-native-round2/input.json
testify-direct--normal,32,orchestrion,2,False,0.01595182018354535,0.023118,30019584,0,True,,,/var/tmp/dd-ci-benchmark-20261004.s81k5i3w/runtime-continuation/rows/testify-direct--normal-cpu32-orchestrion-round2/input.json
testify-direct--normal,32,sdk,2,False,0.01592509006150067,0.022572,32579584,0,True,,,/var/tmp/dd-ci-benchmark-20261004.s81k5i3w/runtime-continuation/rows/testify-direct--normal-cpu32-sdk-round2/input.json
testify-direct--normal,32,mini-deferred,3,False,0.011913045076653361,0.012893,19181568,0,True,,,/var/tmp/dd-ci-benchmark-20261004.s81k5i3w/runtime-continuation/rows/testify-direct--normal-cpu32-mini-deferred-round3/input.json
testify-direct--normal,32,native,3,False,0.002834102837368846,0.004196,15458304,0,True,,,/var/tmp/dd-ci-benchmark-20261004.s81k5i3w/runtime-continuation/rows/testify-direct--normal-cpu32-native-round3/input.json
testify-direct--normal,32,orchestrion,3,False,0.016013839980587363,0.022458,30142464,0,True,,,/var/tmp/dd-ci-benchmark-20261004.s81k5i3w/runtime-continuation/rows/testify-direct--normal-cpu32-orchestrion-round3/input.json
testify-direct--normal,32,sdk,3,False,0.016462791012600064,0.024971,30662656,0,True,,,/var/tmp/dd-ci-benchmark-20261004.s81k5i3w/runtime-continuation/rows/testify-direct--normal-cpu32-sdk-round3/input.json
testify-direct--normal,32,mini,3,False,0.010990903014317155,0.012558,19148800,0,True,,,/var/tmp/dd-ci-benchmark-20261004.s81k5i3w/runtime-continuation/rows/testify-direct--normal-cpu32-mini-round3/input.json
testify-direct--normal,32,native,4,False,0.0036366949789226055,0.0048,15704064,0,True,,,/var/tmp/dd-ci-benchmark-20261004.s81k5i3w/runtime-continuation/rows/testify-direct--normal-cpu32-native-round4/input.json
testify-direct--normal,32,orchestrion,4,False,0.016350989928469062,0.023349,32997376,0,True,,,/var/tmp/dd-ci-benchmark-20261004.s81k5i3w/runtime-continuation/rows/testify-direct--normal-cpu32-orchestrion-round4/input.json
testify-direct--normal,32,sdk,4,False,0.015777610009536147,0.021362,30580736,0,True,,,/var/tmp/dd-ci-benchmark-20261004.s81k5i3w/runtime-continuation/rows/testify-direct--normal-cpu32-sdk-round4/input.json
testify-direct--normal,32,mini,4,False,0.011126104043796659,0.013082,18927616,0,True,,,/var/tmp/dd-ci-benchmark-20261004.s81k5i3w/runtime-continuation/rows/testify-direct--normal-cpu32-mini-round4/input.json
testify-direct--normal,32,mini-deferred,4,False,0.011531614931300282,0.013249,19722240,0,True,,,/var/tmp/dd-ci-benchmark-20261004.s81k5i3w/runtime-continuation/rows/testify-direct--normal-cpu32-mini-deferred-round4/input.json
testify-direct--race,4,native,-1,True,1.0083636690396816,0.009695,37539840,0,True,,,/var/tmp/dd-ci-benchmark-20261004.s81k5i3w/runtime-continuation/rows/testify-direct--race-cpu4-native-round-1/input.json
testify-direct--race,4,orchestrion,-1,True,1.0409176819957793,0.054714,72536064,0,True,,,/var/tmp/dd-ci-benchmark-20261004.s81k5i3w/runtime-continuation/rows/testify-direct--race-cpu4-orchestrion-round-1/input.json
testify-direct--race,4,sdk,-1,True,1.0414270248729736,0.052156,70983680,0,True,,,/var/tmp/dd-ci-benchmark-20261004.s81k5i3w/runtime-continuation/rows/testify-direct--race-cpu4-sdk-round-1/input.json
testify-direct--race,4,mini,-1,True,1.0211734890472144,0.023055,40849408,0,True,,,/var/tmp/dd-ci-benchmark-20261004.s81k5i3w/runtime-continuation/rows/testify-direct--race-cpu4-mini-round-1/input.json
testify-direct--race,4,mini-deferred,-1,True,1.0221417730208486,0.023075,43130880,0,True,,,/var/tmp/dd-ci-benchmark-20261004.s81k5i3w/runtime-continuation/rows/testify-direct--race-cpu4-mini-deferred-round-1/input.json
testify-direct--race,4,orchestrion,0,False,1.0408317688852549,0.051237,70631424,0,True,,,/var/tmp/dd-ci-benchmark-20261004.s81k5i3w/runtime-continuation/rows/testify-direct--race-cpu4-orchestrion-round0/input.json
testify-direct--race,4,sdk,0,False,1.0423371309880167,0.056142,74321920,0,True,,,/var/tmp/dd-ci-benchmark-20261004.s81k5i3w/runtime-continuation/rows/testify-direct--race-cpu4-sdk-round0/input.json
testify-direct--race,4,mini,0,False,1.0211184360086918,0.023181,42897408,0,True,,,/var/tmp/dd-ci-benchmark-20261004.s81k5i3w/runtime-continuation/rows/testify-direct--race-cpu4-mini-round0/input.json
testify-direct--race,4,mini-deferred,0,False,1.022279068827629,0.023606,41025536,0,True,,,/var/tmp/dd-ci-benchmark-20261004.s81k5i3w/runtime-continuation/rows/testify-direct--race-cpu4-mini-deferred-round0/input.json
testify-direct--race,4,native,0,False,1.008200601907447,0.009414,35733504,0,True,,,/var/tmp/dd-ci-benchmark-20261004.s81k5i3w/runtime-continuation/rows/testify-direct--race-cpu4-native-round0/input.json
testify-direct--race,4,sdk,1,False,1.041521117091179,0.053841,72826880,0,True,,,/var/tmp/dd-ci-benchmark-20261004.s81k5i3w/runtime-continuation/rows/testify-direct--race-cpu4-sdk-round1/input.json
testify-direct--race,4,mini,1,False,1.020987591939047,0.022562,41074688,0,True,,,/var/tmp/dd-ci-benchmark-20261004.s81k5i3w/runtime-continuation/rows/testify-direct--race-cpu4-mini-round1/input.json
testify-direct--race,4,mini-deferred,1,False,1.0232408680021763,0.024094,43978752,0,True,,,/var/tmp/dd-ci-benchmark-20261004.s81k5i3w/runtime-continuation/rows/testify-direct--race-cpu4-mini-deferred-round1/input.json
testify-direct--race,4,native,1,False,1.008521239971742,0.009672,37715968,0,True,,,/var/tmp/dd-ci-benchmark-20261004.s81k5i3w/runtime-continuation/rows/testify-direct--race-cpu4-native-round1/input.json
testify-direct--race,4,orchestrion,1,False,1.0412329440005124,0.051832,70737920,0,True,,,/var/tmp/dd-ci-benchmark-20261004.s81k5i3w/runtime-continuation/rows/testify-direct--race-cpu4-orchestrion-round1/input.json
testify-direct--race,4,mini,2,False,1.021150500047952,0.02297,43204608,0,True,,,/var/tmp/dd-ci-benchmark-20261004.s81k5i3w/runtime-continuation/rows/testify-direct--race-cpu4-mini-round2/input.json
testify-direct--race,4,mini-deferred,2,False,1.0235367720015347,0.025569,44146688,0,True,,,/var/tmp/dd-ci-benchmark-20261004.s81k5i3w/runtime-continuation/rows/testify-direct--race-cpu4-mini-deferred-round2/input.json
testify-direct--race,4,native,2,False,1.0087896869517863,0.009968,35131392,0,True,,,/var/tmp/dd-ci-benchmark-20261004.s81k5i3w/runtime-continuation/rows/testify-direct--race-cpu4-native-round2/input.json
testify-direct--race,4,orchestrion,2,False,1.0418960088863969,0.055346,72048640,0,True,,,/var/tmp/dd-ci-benchmark-20261004.s81k5i3w/runtime-continuation/rows/testify-direct--race-cpu4-orchestrion-round2/input.json
testify-direct--race,4,sdk,2,False,1.0416163520421833,0.05528,72204288,0,True,,,/var/tmp/dd-ci-benchmark-20261004.s81k5i3w/runtime-continuation/rows/testify-direct--race-cpu4-sdk-round2/input.json
testify-direct--race,4,mini-deferred,3,False,1.0223151370882988,0.023899,43401216,0,True,,,/var/tmp/dd-ci-benchmark-20261004.s81k5i3w/runtime-continuation/rows/testify-direct--race-cpu4-mini-deferred-round3/input.json
testify-direct--race,4,native,3,False,1.0082589001394808,0.009248,37736448,0,True,,,/var/tmp/dd-ci-benchmark-20261004.s81k5i3w/runtime-continuation/rows/testify-direct--race-cpu4-native-round3/input.json
testify-direct--race,4,orchestrion,3,False,1.0418434750754386,0.051417,70639616,0,True,,,/var/tmp/dd-ci-benchmark-20261004.s81k5i3w/runtime-continuation/rows/testify-direct--race-cpu4-orchestrion-round3/input.json
testify-direct--race,4,sdk,3,False,1.041910566855222,0.054904,72544256,0,True,,,/var/tmp/dd-ci-benchmark-20261004.s81k5i3w/runtime-continuation/rows/testify-direct--race-cpu4-sdk-round3/input.json
testify-direct--race,4,mini,3,False,1.0208474930841476,0.022516,43757568,0,True,,,/var/tmp/dd-ci-benchmark-20261004.s81k5i3w/runtime-continuation/rows/testify-direct--race-cpu4-mini-round3/input.json
testify-direct--race,4,native,4,False,1.0082930258940905,0.00926,35729408,0,True,,,/var/tmp/dd-ci-benchmark-20261004.s81k5i3w/runtime-continuation/rows/testify-direct--race-cpu4-native-round4/input.json
testify-direct--race,4,orchestrion,4,False,1.041777980979532,0.055686,73326592,0,True,,,/var/tmp/dd-ci-benchmark-20261004.s81k5i3w/runtime-continuation/rows/testify-direct--race-cpu4-orchestrion-round4/input.json
testify-direct--race,4,sdk,4,False,1.0426579238846898,0.055231,71471104,0,True,,,/var/tmp/dd-ci-benchmark-20261004.s81k5i3w/runtime-continuation/rows/testify-direct--race-cpu4-sdk-round4/input.json
testify-direct--race,4,mini,4,False,1.0210022169630975,0.022445,43171840,0,True,,,/var/tmp/dd-ci-benchmark-20261004.s81k5i3w/runtime-continuation/rows/testify-direct--race-cpu4-mini-round4/input.json
testify-direct--race,4,mini-deferred,4,False,1.0233046899084002,0.025601,45035520,0,True,,,/var/tmp/dd-ci-benchmark-20261004.s81k5i3w/runtime-continuation/rows/testify-direct--race-cpu4-mini-deferred-round4/input.json
testify-direct--race,32,native,-1,True,1.0092521549668163,0.010135,39567360,0,True,,,/var/tmp/dd-ci-benchmark-20261004.s81k5i3w/runtime-continuation/rows/testify-direct--race-cpu32-native-round-1/input.json
testify-direct--race,32,orchestrion,-1,True,1.045861414866522,0.065782,80068608,0,True,,,/var/tmp/dd-ci-benchmark-20261004.s81k5i3w/runtime-continuation/rows/testify-direct--race-cpu32-orchestrion-round-1/input.json
testify-direct--race,32,sdk,-1,True,1.0472060779575258,0.067052,80592896,0,True,,,/var/tmp/dd-ci-benchmark-20261004.s81k5i3w/runtime-continuation/rows/testify-direct--race-cpu32-sdk-round-1/input.json
testify-direct--race,32,mini,-1,True,1.0242125079967082,0.026314,45408256,0,True,,,/var/tmp/dd-ci-benchmark-20261004.s81k5i3w/runtime-continuation/rows/testify-direct--race-cpu32-mini-round-1/input.json
testify-direct--race,32,mini-deferred,-1,True,1.0270712350029498,0.031079,51646464,0,True,,,/var/tmp/dd-ci-benchmark-20261004.s81k5i3w/runtime-continuation/rows/testify-direct--race-cpu32-mini-deferred-round-1/input.json
testify-direct--race,32,orchestrion,0,False,1.0458274311386049,0.060688,75116544,0,True,,,/var/tmp/dd-ci-benchmark-20261004.s81k5i3w/runtime-continuation/rows/testify-direct--race-cpu32-orchestrion-round0/input.json
testify-direct--race,32,sdk,0,False,1.0455706510692835,0.065116,82092032,0,True,,,/var/tmp/dd-ci-benchmark-20261004.s81k5i3w/runtime-continuation/rows/testify-direct--race-cpu32-sdk-round0/input.json
testify-direct--race,32,mini,0,False,1.0240907550323755,0.026288,44716032,0,True,,,/var/tmp/dd-ci-benchmark-20261004.s81k5i3w/runtime-continuation/rows/testify-direct--race-cpu32-mini-round0/input.json
testify-direct--race,32,mini-deferred,0,False,1.025087526999414,0.026498,46350336,0,True,,,/var/tmp/dd-ci-benchmark-20261004.s81k5i3w/runtime-continuation/rows/testify-direct--race-cpu32-mini-deferred-round0/input.json
testify-direct--race,32,native,0,False,1.0088295969180763,0.009856,38756352,0,True,,,/var/tmp/dd-ci-benchmark-20261004.s81k5i3w/runtime-continuation/rows/testify-direct--race-cpu32-native-round0/input.json
testify-direct--race,32,sdk,1,False,1.0452962759882212,0.062852,76492800,0,True,,,/var/tmp/dd-ci-benchmark-20261004.s81k5i3w/runtime-continuation/rows/testify-direct--race-cpu32-sdk-round1/input.json
testify-direct--race,32,mini,1,False,1.024268220178783,0.026205,45342720,0,True,,,/var/tmp/dd-ci-benchmark-20261004.s81k5i3w/runtime-continuation/rows/testify-direct--race-cpu32-mini-round1/input.json
testify-direct--race,32,mini-deferred,1,False,1.0244486320298165,0.026167,44683264,0,True,,,/var/tmp/dd-ci-benchmark-20261004.s81k5i3w/runtime-continuation/rows/testify-direct--race-cpu32-mini-deferred-round1/input.json
testify-direct--race,32,native,1,False,1.0089649730361998,0.009915,39030784,0,True,,,/var/tmp/dd-ci-benchmark-20261004.s81k5i3w/runtime-continuation/rows/testify-direct--race-cpu32-native-round1/input.json
testify-direct--race,32,orchestrion,1,False,1.0468704239465296,0.06316,76943360,0,True,,,/var/tmp/dd-ci-benchmark-20261004.s81k5i3w/runtime-continuation/rows/testify-direct--race-cpu32-orchestrion-round1/input.json
testify-direct--race,32,mini,2,False,1.0229864460416138,0.024988,45273088,0,True,,,/var/tmp/dd-ci-benchmark-20261004.s81k5i3w/runtime-continuation/rows/testify-direct--race-cpu32-mini-round2/input.json
testify-direct--race,32,mini-deferred,2,False,1.0261284289881587,0.030004,50188288,0,True,,,/var/tmp/dd-ci-benchmark-20261004.s81k5i3w/runtime-continuation/rows/testify-direct--race-cpu32-mini-deferred-round2/input.json
testify-direct--race,32,native,2,False,1.0090037770569324,0.010342,39038976,0,True,,,/var/tmp/dd-ci-benchmark-20261004.s81k5i3w/runtime-continuation/rows/testify-direct--race-cpu32-native-round2/input.json
testify-direct--race,32,orchestrion,2,False,1.0455127989407629,0.067949,79073280,0,True,,,/var/tmp/dd-ci-benchmark-20261004.s81k5i3w/runtime-continuation/rows/testify-direct--race-cpu32-orchestrion-round2/input.json
testify-direct--race,32,sdk,2,False,1.0460372199304402,0.062657,81514496,0,True,,,/var/tmp/dd-ci-benchmark-20261004.s81k5i3w/runtime-continuation/rows/testify-direct--race-cpu32-sdk-round2/input.json
testify-direct--race,32,mini-deferred,3,False,1.0264991649892181,0.030658,51216384,0,True,,,/var/tmp/dd-ci-benchmark-20261004.s81k5i3w/runtime-continuation/rows/testify-direct--race-cpu32-mini-deferred-round3/input.json
testify-direct--race,32,native,3,False,1.008470562985167,0.010023,39018496,0,True,,,/var/tmp/dd-ci-benchmark-20261004.s81k5i3w/runtime-continuation/rows/testify-direct--race-cpu32-native-round3/input.json
testify-direct--race,32,orchestrion,3,False,1.045707454206422,0.059883,74940416,0,True,,,/var/tmp/dd-ci-benchmark-20261004.s81k5i3w/runtime-continuation/rows/testify-direct--race-cpu32-orchestrion-round3/input.json
testify-direct--race,32,sdk,3,False,1.0461882550735027,0.062419,78422016,0,True,,,/var/tmp/dd-ci-benchmark-20261004.s81k5i3w/runtime-continuation/rows/testify-direct--race-cpu32-sdk-round3/input.json
testify-direct--race,32,mini,3,False,1.0240655071102083,0.026405,45563904,0,True,,,/var/tmp/dd-ci-benchmark-20261004.s81k5i3w/runtime-continuation/rows/testify-direct--race-cpu32-mini-round3/input.json
testify-direct--race,32,native,4,False,1.0089273480698466,0.01046,36659200,0,True,,,/var/tmp/dd-ci-benchmark-20261004.s81k5i3w/runtime-continuation/rows/testify-direct--race-cpu32-native-round4/input.json
testify-direct--race,32,orchestrion,4,False,1.046292468905449,0.065685,79409152,0,True,,,/var/tmp/dd-ci-benchmark-20261004.s81k5i3w/runtime-continuation/rows/testify-direct--race-cpu32-orchestrion-round4/input.json
testify-direct--race,32,sdk,4,False,1.0465017310343683,0.065261,79507456,0,True,,,/var/tmp/dd-ci-benchmark-20261004.s81k5i3w/runtime-continuation/rows/testify-direct--race-cpu32-sdk-round4/input.json
testify-direct--race,32,mini,4,False,1.0238367209676653,0.026355,44982272,0,True,,,/var/tmp/dd-ci-benchmark-20261004.s81k5i3w/runtime-continuation/rows/testify-direct--race-cpu32-mini-round4/input.json
testify-direct--race,32,mini-deferred,4,False,1.027724128914997,0.031479,50892800,0,True,,,/var/tmp/dd-ci-benchmark-20261004.s81k5i3w/runtime-continuation/rows/testify-direct--race-cpu32-mini-deferred-round4/input.json
testify-direct--cover,4,native,-1,True,0.0030373740009963512,0.003631,15007744,0,True,,,/var/tmp/dd-ci-benchmark-20261004.s81k5i3w/runtime-continuation/rows/testify-direct--cover-cpu4-native-round-1/input.json
testify-direct--cover,4,orchestrion,-1,True,0.022550140973180532,0.026989,28991488,0,True,,coverage requested but no coverage events were delivered: testify-direct--cover-cpu4-orchestrion-round-1,/var/tmp/dd-ci-benchmark-20261004.s81k5i3w/runtime-continuation/rows/testify-direct--cover-cpu4-orchestrion-round-1/input.json
testify-direct--cover,4,sdk,-1,True,0.024273151997476816,0.028526,29007872,0,True,,coverage requested but no coverage events were delivered: testify-direct--cover-cpu4-sdk-round-1,/var/tmp/dd-ci-benchmark-20261004.s81k5i3w/runtime-continuation/rows/testify-direct--cover-cpu4-sdk-round-1/input.json
testify-direct--cover,4,mini,-1,True,0.018735175020992756,0.020052,25391104,0,True,,coverage requested but no coverage events were delivered: testify-direct--cover-cpu4-mini-round-1,/var/tmp/dd-ci-benchmark-20261004.s81k5i3w/runtime-continuation/rows/testify-direct--cover-cpu4-mini-round-1/input.json
testify-direct--cover,4,mini-deferred,-1,True,0.019616765901446342,0.021314,22941696,0,True,,coverage requested but no coverage events were delivered: testify-direct--cover-cpu4-mini-deferred-round-1,/var/tmp/dd-ci-benchmark-20261004.s81k5i3w/runtime-continuation/rows/testify-direct--cover-cpu4-mini-deferred-round-1/input.json
testify-direct--cover,4,orchestrion,0,False,0.022714539896696806,0.026835,31895552,0,True,,coverage requested but no coverage events were delivered: testify-direct--cover-cpu4-orchestrion-round0,/var/tmp/dd-ci-benchmark-20261004.s81k5i3w/runtime-continuation/rows/testify-direct--cover-cpu4-orchestrion-round0/input.json
testify-direct--cover,4,sdk,0,False,0.022457141196355224,0.02712,31068160,0,True,,coverage requested but no coverage events were delivered: testify-direct--cover-cpu4-sdk-round0,/var/tmp/dd-ci-benchmark-20261004.s81k5i3w/runtime-continuation/rows/testify-direct--cover-cpu4-sdk-round0/input.json
testify-direct--cover,4,mini,0,False,0.018611814826726913,0.019946,24768512,0,True,,coverage requested but no coverage events were delivered: testify-direct--cover-cpu4-mini-round0,/var/tmp/dd-ci-benchmark-20261004.s81k5i3w/runtime-continuation/rows/testify-direct--cover-cpu4-mini-round0/input.json
testify-direct--cover,4,mini-deferred,0,False,0.020222817081958055,0.021112,21098496,0,True,,coverage requested but no coverage events were delivered: testify-direct--cover-cpu4-mini-deferred-round0,/var/tmp/dd-ci-benchmark-20261004.s81k5i3w/runtime-continuation/rows/testify-direct--cover-cpu4-mini-deferred-round0/input.json
testify-direct--cover,4,native,0,False,0.0031547839753329754,0.004006,15245312,0,True,,,/var/tmp/dd-ci-benchmark-20261004.s81k5i3w/runtime-continuation/rows/testify-direct--cover-cpu4-native-round0/input.json
testify-direct--cover,4,sdk,1,False,0.023643302032724023,0.027944,29319168,0,True,,coverage requested but no coverage events were delivered: testify-direct--cover-cpu4-sdk-round1,/var/tmp/dd-ci-benchmark-20261004.s81k5i3w/runtime-continuation/rows/testify-direct--cover-cpu4-sdk-round1/input.json
testify-direct--cover,4,mini,1,False,0.018788384972140193,0.020682,23240704,0,True,,coverage requested but no coverage events were delivered: testify-direct--cover-cpu4-mini-round1,/var/tmp/dd-ci-benchmark-20261004.s81k5i3w/runtime-continuation/rows/testify-direct--cover-cpu4-mini-round1/input.json
testify-direct--cover,4,mini-deferred,1,False,0.019721376011148095,0.020513,23404544,0,True,,coverage requested but no coverage events were delivered: testify-direct--cover-cpu4-mini-deferred-round1,/var/tmp/dd-ci-benchmark-20261004.s81k5i3w/runtime-continuation/rows/testify-direct--cover-cpu4-mini-deferred-round1/input.json
testify-direct--cover,4,native,1,False,0.003208334092050791,0.004414,15200256,0,True,,,/var/tmp/dd-ci-benchmark-20261004.s81k5i3w/runtime-continuation/rows/testify-direct--cover-cpu4-native-round1/input.json
testify-direct--cover,4,orchestrion,1,False,0.02368944208137691,0.027558,28786688,0,True,,coverage requested but no coverage events were delivered: testify-direct--cover-cpu4-orchestrion-round1,/var/tmp/dd-ci-benchmark-20261004.s81k5i3w/runtime-continuation/rows/testify-direct--cover-cpu4-orchestrion-round1/input.json
testify-direct--cover,4,mini,2,False,0.018450804986059666,0.019698,22671360,0,True,,coverage requested but no coverage events were delivered: testify-direct--cover-cpu4-mini-round2,/var/tmp/dd-ci-benchmark-20261004.s81k5i3w/runtime-continuation/rows/testify-direct--cover-cpu4-mini-round2/input.json
testify-direct--cover,4,mini-deferred,2,False,0.01926949596963823,0.020672,23543808,0,True,,coverage requested but no coverage events were delivered: testify-direct--cover-cpu4-mini-deferred-round2,/var/tmp/dd-ci-benchmark-20261004.s81k5i3w/runtime-continuation/rows/testify-direct--cover-cpu4-mini-deferred-round2/input.json
testify-direct--cover,4,native,2,False,0.0030145139899104834,0.003818,15183872,0,True,,,/var/tmp/dd-ci-benchmark-20261004.s81k5i3w/runtime-continuation/rows/testify-direct--cover-cpu4-native-round2/input.json
testify-direct--cover,4,orchestrion,2,False,0.023371590999886394,0.026825,30818304,0,True,,coverage requested but no coverage events were delivered: testify-direct--cover-cpu4-orchestrion-round2,/var/tmp/dd-ci-benchmark-20261004.s81k5i3w/runtime-continuation/rows/testify-direct--cover-cpu4-orchestrion-round2/input.json
testify-direct--cover,4,sdk,2,False,0.022886730963364244,0.027562,28663808,0,True,,coverage requested but no coverage events were delivered: testify-direct--cover-cpu4-sdk-round2,/var/tmp/dd-ci-benchmark-20261004.s81k5i3w/runtime-continuation/rows/testify-direct--cover-cpu4-sdk-round2/input.json
testify-direct--cover,4,mini-deferred,3,False,0.019584116991609335,0.020606,25018368,0,True,,coverage requested but no coverage events were delivered: testify-direct--cover-cpu4-mini-deferred-round3,/var/tmp/dd-ci-benchmark-20261004.s81k5i3w/runtime-continuation/rows/testify-direct--cover-cpu4-mini-deferred-round3/input.json
testify-direct--cover,4,native,3,False,0.0029614840168505907,0.003591,15024128,0,True,,,/var/tmp/dd-ci-benchmark-20261004.s81k5i3w/runtime-continuation/rows/testify-direct--cover-cpu4-native-round3/input.json
testify-direct--cover,4,orchestrion,3,False,0.022565180901437998,0.025955,31436800,0,True,,coverage requested but no coverage events were delivered: testify-direct--cover-cpu4-orchestrion-round3,/var/tmp/dd-ci-benchmark-20261004.s81k5i3w/runtime-continuation/rows/testify-direct--cover-cpu4-orchestrion-round3/input.json
testify-direct--cover,4,sdk,3,False,0.023129591019824147,0.027497,30846976,0,True,,coverage requested but no coverage events were delivered: testify-direct--cover-cpu4-sdk-round3,/var/tmp/dd-ci-benchmark-20261004.s81k5i3w/runtime-continuation/rows/testify-direct--cover-cpu4-sdk-round3/input.json
testify-direct--cover,4,mini,3,False,0.019687607185915112,0.020996,25665536,0,True,,coverage requested but no coverage events were delivered: testify-direct--cover-cpu4-mini-round3,/var/tmp/dd-ci-benchmark-20261004.s81k5i3w/runtime-continuation/rows/testify-direct--cover-cpu4-mini-round3/input.json
testify-direct--cover,4,native,4,False,0.0030395640060305595,0.003917,12926976,0,True,,,/var/tmp/dd-ci-benchmark-20261004.s81k5i3w/runtime-continuation/rows/testify-direct--cover-cpu4-native-round4/input.json
testify-direct--cover,4,orchestrion,4,False,0.023040201049298048,0.02758,31133696,0,True,,coverage requested but no coverage events were delivered: testify-direct--cover-cpu4-orchestrion-round4,/var/tmp/dd-ci-benchmark-20261004.s81k5i3w/runtime-continuation/rows/testify-direct--cover-cpu4-orchestrion-round4/input.json
testify-direct--cover,4,sdk,4,False,0.02284602099098265,0.026631,28921856,0,True,,coverage requested but no coverage events were delivered: testify-direct--cover-cpu4-sdk-round4,/var/tmp/dd-ci-benchmark-20261004.s81k5i3w/runtime-continuation/rows/testify-direct--cover-cpu4-sdk-round4/input.json
testify-direct--cover,4,mini,4,False,0.019241776084527373,0.020218,21110784,0,True,,coverage requested but no coverage events were delivered: testify-direct--cover-cpu4-mini-round4,/var/tmp/dd-ci-benchmark-20261004.s81k5i3w/runtime-continuation/rows/testify-direct--cover-cpu4-mini-round4/input.json
testify-direct--cover,4,mini-deferred,4,False,0.01899921498261392,0.020523,21520384,0,True,,coverage requested but no coverage events were delivered: testify-direct--cover-cpu4-mini-deferred-round4,/var/tmp/dd-ci-benchmark-20261004.s81k5i3w/runtime-continuation/rows/testify-direct--cover-cpu4-mini-deferred-round4/input.json
testify-direct--cover,32,native,-1,True,0.0031223141122609377,0.003793,15556608,0,True,,,/var/tmp/dd-ci-benchmark-20261004.s81k5i3w/runtime-continuation/rows/testify-direct--cover-cpu32-native-round-1/input.json
testify-direct--cover,32,orchestrion,-1,True,0.02519338415004313,0.032704,35348480,0,True,,coverage requested but no coverage events were delivered: testify-direct--cover-cpu32-orchestrion-round-1,/var/tmp/dd-ci-benchmark-20261004.s81k5i3w/runtime-continuation/rows/testify-direct--cover-cpu32-orchestrion-round-1/input.json
testify-direct--cover,32,sdk,-1,True,0.024944304022938013,0.032182,30089216,0,True,,coverage requested but no coverage events were delivered: testify-direct--cover-cpu32-sdk-round-1,/var/tmp/dd-ci-benchmark-20261004.s81k5i3w/runtime-continuation/rows/testify-direct--cover-cpu32-sdk-round-1/input.json
testify-direct--cover,32,mini,-1,True,0.020599828101694584,0.022935,25018368,0,True,,coverage requested but no coverage events were delivered: testify-direct--cover-cpu32-mini-round-1,/var/tmp/dd-ci-benchmark-20261004.s81k5i3w/runtime-continuation/rows/testify-direct--cover-cpu32-mini-round-1/input.json
testify-direct--cover,32,mini-deferred,-1,True,0.020736868027597666,0.022319,26849280,0,True,,coverage requested but no coverage events were delivered: testify-direct--cover-cpu32-mini-deferred-round-1,/var/tmp/dd-ci-benchmark-20261004.s81k5i3w/runtime-continuation/rows/testify-direct--cover-cpu32-mini-deferred-round-1/input.json
testify-direct--cover,32,orchestrion,0,False,0.024969303980469704,0.034234,37863424,0,True,,coverage requested but no coverage events were delivered: testify-direct--cover-cpu32-orchestrion-round0,/var/tmp/dd-ci-benchmark-20261004.s81k5i3w/runtime-continuation/rows/testify-direct--cover-cpu32-orchestrion-round0/input.json
testify-direct--cover,32,sdk,0,False,0.025400003883987665,0.032663,35377152,0,True,,coverage requested but no coverage events were delivered: testify-direct--cover-cpu32-sdk-round0,/var/tmp/dd-ci-benchmark-20261004.s81k5i3w/runtime-continuation/rows/testify-direct--cover-cpu32-sdk-round0/input.json
testify-direct--cover,32,mini,0,False,0.02177931903861463,0.025683,25624576,0,True,,coverage requested but no coverage events were delivered: testify-direct--cover-cpu32-mini-round0,/var/tmp/dd-ci-benchmark-20261004.s81k5i3w/runtime-continuation/rows/testify-direct--cover-cpu32-mini-round0/input.json
testify-direct--cover,32,mini-deferred,0,False,0.022384261013939977,0.02641,28446720,0,True,,coverage requested but no coverage events were delivered: testify-direct--cover-cpu32-mini-deferred-round0,/var/tmp/dd-ci-benchmark-20261004.s81k5i3w/runtime-continuation/rows/testify-direct--cover-cpu32-mini-deferred-round0/input.json
testify-direct--cover,32,native,0,False,0.0032339137978851795,0.003968,15433728,0,True,,,/var/tmp/dd-ci-benchmark-20261004.s81k5i3w/runtime-continuation/rows/testify-direct--cover-cpu32-native-round0/input.json
testify-direct--cover,32,sdk,1,False,0.02485564397647977,0.031879,35479552,0,True,,coverage requested but no coverage events were delivered: testify-direct--cover-cpu32-sdk-round1,/var/tmp/dd-ci-benchmark-20261004.s81k5i3w/runtime-continuation/rows/testify-direct--cover-cpu32-sdk-round1/input.json
testify-direct--cover,32,mini,1,False,0.020611387910321355,0.022576,26521600,0,True,,coverage requested but no coverage events were delivered: testify-direct--cover-cpu32-mini-round1,/var/tmp/dd-ci-benchmark-20261004.s81k5i3w/runtime-continuation/rows/testify-direct--cover-cpu32-mini-round1/input.json
testify-direct--cover,32,mini-deferred,1,False,0.020987778902053833,0.022545,26537984,0,True,,coverage requested but no coverage events were delivered: testify-direct--cover-cpu32-mini-deferred-round1,/var/tmp/dd-ci-benchmark-20261004.s81k5i3w/runtime-continuation/rows/testify-direct--cover-cpu32-mini-deferred-round1/input.json
testify-direct--cover,32,native,1,False,0.00366693502292037,0.004788,15466496,0,True,,,/var/tmp/dd-ci-benchmark-20261004.s81k5i3w/runtime-continuation/rows/testify-direct--cover-cpu32-native-round1/input.json
testify-direct--cover,32,orchestrion,1,False,0.02574104513041675,0.034325,35418112,0,True,,coverage requested but no coverage events were delivered: testify-direct--cover-cpu32-orchestrion-round1,/var/tmp/dd-ci-benchmark-20261004.s81k5i3w/runtime-continuation/rows/testify-direct--cover-cpu32-orchestrion-round1/input.json
testify-direct--cover,32,mini,2,False,0.020402007969096303,0.021788,24502272,0,True,,coverage requested but no coverage events were delivered: testify-direct--cover-cpu32-mini-round2,/var/tmp/dd-ci-benchmark-20261004.s81k5i3w/runtime-continuation/rows/testify-direct--cover-cpu32-mini-round2/input.json
testify-direct--cover,32,mini-deferred,2,False,0.020663877949118614,0.022096,24813568,0,True,,coverage requested but no coverage events were delivered: testify-direct--cover-cpu32-mini-deferred-round2,/var/tmp/dd-ci-benchmark-20261004.s81k5i3w/runtime-continuation/rows/testify-direct--cover-cpu32-mini-deferred-round2/input.json
testify-direct--cover,32,native,2,False,0.003184995148330927,0.00403,15224832,0,True,,,/var/tmp/dd-ci-benchmark-20261004.s81k5i3w/runtime-continuation/rows/testify-direct--cover-cpu32-native-round2/input.json
testify-direct--cover,32,orchestrion,2,False,0.025785065023228526,0.034084,32997376,0,True,,coverage requested but no coverage events were delivered: testify-direct--cover-cpu32-orchestrion-round2,/var/tmp/dd-ci-benchmark-20261004.s81k5i3w/runtime-continuation/rows/testify-direct--cover-cpu32-orchestrion-round2/input.json
testify-direct--cover,32,sdk,2,False,0.026174406055361032,0.038265,37838848,0,True,,coverage requested but no coverage events were delivered: testify-direct--cover-cpu32-sdk-round2,/var/tmp/dd-ci-benchmark-20261004.s81k5i3w/runtime-continuation/rows/testify-direct--cover-cpu32-sdk-round2/input.json
testify-direct--cover,32,mini-deferred,3,False,0.020389057928696275,0.022342,23584768,0,True,,coverage requested but no coverage events were delivered: testify-direct--cover-cpu32-mini-deferred-round3,/var/tmp/dd-ci-benchmark-20261004.s81k5i3w/runtime-continuation/rows/testify-direct--cover-cpu32-mini-deferred-round3/input.json
testify-direct--cover,32,native,3,False,0.0032250548247247934,0.004487,15425536,0,True,,,/var/tmp/dd-ci-benchmark-20261004.s81k5i3w/runtime-continuation/rows/testify-direct--cover-cpu32-native-round3/input.json
testify-direct--cover,32,orchestrion,3,False,0.024757184088230133,0.032325,35225600,0,True,,coverage requested but no coverage events were delivered: testify-direct--cover-cpu32-orchestrion-round3,/var/tmp/dd-ci-benchmark-20261004.s81k5i3w/runtime-continuation/rows/testify-direct--cover-cpu32-orchestrion-round3/input.json
testify-direct--cover,32,sdk,3,False,0.02461401396431029,0.031129,31535104,0,True,,coverage requested but no coverage events were delivered: testify-direct--cover-cpu32-sdk-round3,/var/tmp/dd-ci-benchmark-20261004.s81k5i3w/runtime-continuation/rows/testify-direct--cover-cpu32-sdk-round3/input.json
testify-direct--cover,32,mini,3,False,0.02000409713946283,0.021972,26808320,0,True,,coverage requested but no coverage events were delivered: testify-direct--cover-cpu32-mini-round3,/var/tmp/dd-ci-benchmark-20261004.s81k5i3w/runtime-continuation/rows/testify-direct--cover-cpu32-mini-round3/input.json
testify-direct--cover,32,native,4,False,0.003205724060535431,0.004496,15708160,0,True,,,/var/tmp/dd-ci-benchmark-20261004.s81k5i3w/runtime-continuation/rows/testify-direct--cover-cpu32-native-round4/input.json
testify-direct--cover,32,orchestrion,4,False,0.02531532500870526,0.032411,35905536,0,True,,coverage requested but no coverage events were delivered: testify-direct--cover-cpu32-orchestrion-round4,/var/tmp/dd-ci-benchmark-20261004.s81k5i3w/runtime-continuation/rows/testify-direct--cover-cpu32-orchestrion-round4/input.json
testify-direct--cover,32,sdk,4,False,0.024849823908880353,0.032235,35532800,0,True,,coverage requested but no coverage events were delivered: testify-direct--cover-cpu32-sdk-round4,/var/tmp/dd-ci-benchmark-20261004.s81k5i3w/runtime-continuation/rows/testify-direct--cover-cpu32-sdk-round4/input.json
testify-direct--cover,32,mini,4,False,0.021193988854065537,0.023008,25088000,0,True,,coverage requested but no coverage events were delivered: testify-direct--cover-cpu32-mini-round4,/var/tmp/dd-ci-benchmark-20261004.s81k5i3w/runtime-continuation/rows/testify-direct--cover-cpu32-mini-round4/input.json
testify-direct--cover,32,mini-deferred,4,False,0.021057798992842436,0.023083,27295744,0,True,,coverage requested but no coverage events were delivered: testify-direct--cover-cpu32-mini-deferred-round4,/var/tmp/dd-ci-benchmark-20261004.s81k5i3w/runtime-continuation/rows/testify-direct--cover-cpu32-mini-deferred-round4/input.json
testify-direct--cover-client,4,native,-1,True,0.0028589440044015646,0.003525,13185024,0,True,,,/var/tmp/dd-ci-benchmark-20261004.s81k5i3w/runtime-continuation/rows/testify-direct--cover-client-cpu4-native-round-1/input.json
testify-direct--cover-client,4,orchestrion,-1,True,0.023858122993260622,0.029231,28676096,0,True,,,/var/tmp/dd-ci-benchmark-20261004.s81k5i3w/runtime-continuation/rows/testify-direct--cover-client-cpu4-orchestrion-round-1/input.json
testify-direct--cover-client,4,sdk,-1,True,0.023370811948552728,0.027428,31305728,0,True,,,/var/tmp/dd-ci-benchmark-20261004.s81k5i3w/runtime-continuation/rows/testify-direct--cover-client-cpu4-sdk-round-1/input.json
testify-direct--cover-client,4,mini,-1,True,0.020012537017464638,0.021052,25120768,0,True,,,/var/tmp/dd-ci-benchmark-20261004.s81k5i3w/runtime-continuation/rows/testify-direct--cover-client-cpu4-mini-round-1/input.json
testify-direct--cover-client,4,mini-deferred,-1,True,0.020690319128334522,0.022612,20938752,0,True,,,/var/tmp/dd-ci-benchmark-20261004.s81k5i3w/runtime-continuation/rows/testify-direct--cover-client-cpu4-mini-deferred-round-1/input.json
testify-direct--cover-client,4,orchestrion,0,False,0.02430898300372064,0.028599,28979200,0,True,,,/var/tmp/dd-ci-benchmark-20261004.s81k5i3w/runtime-continuation/rows/testify-direct--cover-client-cpu4-orchestrion-round0/input.json
testify-direct--cover-client,4,sdk,0,False,0.024250672897323966,0.028476,29257728,0,True,,,/var/tmp/dd-ci-benchmark-20261004.s81k5i3w/runtime-continuation/rows/testify-direct--cover-client-cpu4-sdk-round0/input.json
testify-direct--cover-client,4,mini,0,False,0.02002563700079918,0.020653,20348928,0,True,,,/var/tmp/dd-ci-benchmark-20261004.s81k5i3w/runtime-continuation/rows/testify-direct--cover-client-cpu4-mini-round0/input.json
testify-direct--cover-client,4,mini-deferred,0,False,0.020751588977873325,0.021998,21299200,0,True,,,/var/tmp/dd-ci-benchmark-20261004.s81k5i3w/runtime-continuation/rows/testify-direct--cover-client-cpu4-mini-deferred-round0/input.json
testify-direct--cover-client,4,native,0,False,0.003362565068528056,0.004687,15286272,0,True,,,/var/tmp/dd-ci-benchmark-20261004.s81k5i3w/runtime-continuation/rows/testify-direct--cover-client-cpu4-native-round0/input.json
testify-direct--cover-client,4,sdk,1,False,0.023262442788109183,0.027709,28966912,0,True,,,/var/tmp/dd-ci-benchmark-20261004.s81k5i3w/runtime-continuation/rows/testify-direct--cover-client-cpu4-sdk-round1/input.json
testify-direct--cover-client,4,mini,1,False,0.019770427839830518,0.021487,25362432,0,True,,,/var/tmp/dd-ci-benchmark-20261004.s81k5i3w/runtime-continuation/rows/testify-direct--cover-client-cpu4-mini-round1/input.json
testify-direct--cover-client,4,mini-deferred,1,False,0.02108711889013648,0.022511,21102592,0,True,,,/var/tmp/dd-ci-benchmark-20261004.s81k5i3w/runtime-continuation/rows/testify-direct--cover-client-cpu4-mini-deferred-round1/input.json
testify-direct--cover-client,4,native,1,False,0.003004183992743492,0.003684,15278080,0,True,,,/var/tmp/dd-ci-benchmark-20261004.s81k5i3w/runtime-continuation/rows/testify-direct--cover-client-cpu4-native-round1/input.json
testify-direct--cover-client,4,orchestrion,1,False,0.023334142053499818,0.027521,29286400,0,True,,,/var/tmp/dd-ci-benchmark-20261004.s81k5i3w/runtime-continuation/rows/testify-direct--cover-client-cpu4-orchestrion-round1/input.json
testify-direct--cover-client,4,mini,2,False,0.019817886874079704,0.021078,23240704,0,True,,,/var/tmp/dd-ci-benchmark-20261004.s81k5i3w/runtime-continuation/rows/testify-direct--cover-client-cpu4-mini-round2/input.json
testify-direct--cover-client,4,mini-deferred,2,False,0.020993608981370926,0.022568,25145344,0,True,,,/var/tmp/dd-ci-benchmark-20261004.s81k5i3w/runtime-continuation/rows/testify-direct--cover-client-cpu4-mini-deferred-round2/input.json
testify-direct--cover-client,4,native,2,False,0.0030666140373796225,0.003895,13189120,0,True,,,/var/tmp/dd-ci-benchmark-20261004.s81k5i3w/runtime-continuation/rows/testify-direct--cover-client-cpu4-native-round2/input.json
testify-direct--cover-client,4,orchestrion,2,False,0.024031272856518626,0.028643,28790784,0,True,,,/var/tmp/dd-ci-benchmark-20261004.s81k5i3w/runtime-continuation/rows/testify-direct--cover-client-cpu4-orchestrion-round2/input.json
testify-direct--cover-client,4,sdk,2,False,0.022933771833777428,0.027675,29224960,0,True,,,/var/tmp/dd-ci-benchmark-20261004.s81k5i3w/runtime-continuation/rows/testify-direct--cover-client-cpu4-sdk-round2/input.json
testify-direct--cover-client,4,mini-deferred,3,False,0.02020866796374321,0.021534,21463040,0,True,,,/var/tmp/dd-ci-benchmark-20261004.s81k5i3w/runtime-continuation/rows/testify-direct--cover-client-cpu4-mini-deferred-round3/input.json
testify-direct--cover-client,4,native,3,False,0.0029332940466701984,0.003888,15024128,0,True,,,/var/tmp/dd-ci-benchmark-20261004.s81k5i3w/runtime-continuation/rows/testify-direct--cover-client-cpu4-native-round3/input.json
testify-direct--cover-client,4,orchestrion,3,False,0.023243151837959886,0.026913,26980352,0,True,,,/var/tmp/dd-ci-benchmark-20261004.s81k5i3w/runtime-continuation/rows/testify-direct--cover-client-cpu4-orchestrion-round3/input.json
testify-direct--cover-client,4,sdk,3,False,0.022881902055814862,0.026797,29245440,0,True,,,/var/tmp/dd-ci-benchmark-20261004.s81k5i3w/runtime-continuation/rows/testify-direct--cover-client-cpu4-sdk-round3/input.json
testify-direct--cover-client,4,mini,3,False,0.020163218025118113,0.02125,21368832,0,True,,,/var/tmp/dd-ci-benchmark-20261004.s81k5i3w/runtime-continuation/rows/testify-direct--cover-client-cpu4-mini-round3/input.json
testify-direct--cover-client,4,native,4,False,0.003020334057509899,0.004583,14893056,0,True,,,/var/tmp/dd-ci-benchmark-20261004.s81k5i3w/runtime-continuation/rows/testify-direct--cover-client-cpu4-native-round4/input.json
testify-direct--cover-client,4,orchestrion,4,False,0.024021223187446594,0.028469,31350784,0,True,,,/var/tmp/dd-ci-benchmark-20261004.s81k5i3w/runtime-continuation/rows/testify-direct--cover-client-cpu4-orchestrion-round4/input.json
testify-direct--cover-client,4,sdk,4,False,0.02349506295286119,0.028879,29065216,0,True,,,/var/tmp/dd-ci-benchmark-20261004.s81k5i3w/runtime-continuation/rows/testify-direct--cover-client-cpu4-sdk-round4/input.json
testify-direct--cover-client,4,mini,4,False,0.021129939937964082,0.022429,21409792,0,True,,,/var/tmp/dd-ci-benchmark-20261004.s81k5i3w/runtime-continuation/rows/testify-direct--cover-client-cpu4-mini-round4/input.json
testify-direct--cover-client,4,mini-deferred,4,False,0.020783489104360342,0.022624,21721088,0,True,,,/var/tmp/dd-ci-benchmark-20261004.s81k5i3w/runtime-continuation/rows/testify-direct--cover-client-cpu4-mini-deferred-round4/input.json
testify-direct--cover-client,32,native,-1,True,0.003279034048318863,0.004086,14958592,0,True,,,/var/tmp/dd-ci-benchmark-20261004.s81k5i3w/runtime-continuation/rows/testify-direct--cover-client-cpu32-native-round-1/input.json
testify-direct--cover-client,32,orchestrion,-1,True,0.024638604139909148,0.033146,36036608,0,True,,,/var/tmp/dd-ci-benchmark-20261004.s81k5i3w/runtime-continuation/rows/testify-direct--cover-client-cpu32-orchestrion-round-1/input.json
testify-direct--cover-client,32,sdk,-1,True,0.02525666612200439,0.033393,33128448,0,True,,,/var/tmp/dd-ci-benchmark-20261004.s81k5i3w/runtime-continuation/rows/testify-direct--cover-client-cpu32-sdk-round-1/input.json
testify-direct--cover-client,32,mini,-1,True,0.02068002917803824,0.022445,24338432,0,True,,,/var/tmp/dd-ci-benchmark-20261004.s81k5i3w/runtime-continuation/rows/testify-direct--cover-client-cpu32-mini-round-1/input.json
testify-direct--cover-client,32,mini-deferred,-1,True,0.02272783196531236,0.026783,26189824,0,True,,,/var/tmp/dd-ci-benchmark-20261004.s81k5i3w/runtime-continuation/rows/testify-direct--cover-client-cpu32-mini-deferred-round-1/input.json
testify-direct--cover-client,32,orchestrion,0,False,0.026889277156442404,0.03748,33886208,0,True,,,/var/tmp/dd-ci-benchmark-20261004.s81k5i3w/runtime-continuation/rows/testify-direct--cover-client-cpu32-orchestrion-round0/input.json
testify-direct--cover-client,32,sdk,0,False,0.026049257023259997,0.034435,35651584,0,True,,,/var/tmp/dd-ci-benchmark-20261004.s81k5i3w/runtime-continuation/rows/testify-direct--cover-client-cpu32-sdk-round0/input.json
testify-direct--cover-client,32,mini,0,False,0.022356220986694098,0.02722,27303936,0,True,,,/var/tmp/dd-ci-benchmark-20261004.s81k5i3w/runtime-continuation/rows/testify-direct--cover-client-cpu32-mini-round0/input.json
testify-direct--cover-client,32,mini-deferred,0,False,0.024035974172875285,0.028017,25591808,0,True,,,/var/tmp/dd-ci-benchmark-20261004.s81k5i3w/runtime-continuation/rows/testify-direct--cover-client-cpu32-mini-deferred-round0/input.json
testify-direct--cover-client,32,native,0,False,0.003179344115778804,0.00449,15425536,0,True,,,/var/tmp/dd-ci-benchmark-20261004.s81k5i3w/runtime-continuation/rows/testify-direct--cover-client-cpu32-native-round0/input.json
testify-direct--cover-client,32,sdk,1,False,0.026559817837551236,0.034392,36483072,0,True,,,/var/tmp/dd-ci-benchmark-20261004.s81k5i3w/runtime-continuation/rows/testify-direct--cover-client-cpu32-sdk-round1/input.json
testify-direct--cover-client,32,mini,1,False,0.022736032027751207,0.027789,35221504,0,True,,,/var/tmp/dd-ci-benchmark-20261004.s81k5i3w/runtime-continuation/rows/testify-direct--cover-client-cpu32-mini-round1/input.json
testify-direct--cover-client,32,mini-deferred,1,False,0.023005152121186256,0.027248,24416256,0,True,,,/var/tmp/dd-ci-benchmark-20261004.s81k5i3w/runtime-continuation/rows/testify-direct--cover-client-cpu32-mini-deferred-round1/input.json
testify-direct--cover-client,32,native,1,False,0.003059543902054429,0.004158,15482880,0,True,,,/var/tmp/dd-ci-benchmark-20261004.s81k5i3w/runtime-continuation/rows/testify-direct--cover-client-cpu32-native-round1/input.json
testify-direct--cover-client,32,orchestrion,1,False,0.026926637860015035,0.034229,35696640,0,True,,,/var/tmp/dd-ci-benchmark-20261004.s81k5i3w/runtime-continuation/rows/testify-direct--cover-client-cpu32-orchestrion-round1/input.json
testify-direct--cover-client,32,mini,2,False,0.022309301886707544,0.025944,26447872,0,True,,,/var/tmp/dd-ci-benchmark-20261004.s81k5i3w/runtime-continuation/rows/testify-direct--cover-client-cpu32-mini-round2/input.json
testify-direct--cover-client,32,mini-deferred,2,False,0.023392552975565195,0.026899,25808896,0,True,,,/var/tmp/dd-ci-benchmark-20261004.s81k5i3w/runtime-continuation/rows/testify-direct--cover-client-cpu32-mini-deferred-round2/input.json
testify-direct--cover-client,32,native,2,False,0.0031572850421071053,0.004049,15691776,0,True,,,/var/tmp/dd-ci-benchmark-20261004.s81k5i3w/runtime-continuation/rows/testify-direct--cover-client-cpu32-native-round2/input.json
testify-direct--cover-client,32,orchestrion,2,False,0.026260246988385916,0.035103,35729408,0,True,,,/var/tmp/dd-ci-benchmark-20261004.s81k5i3w/runtime-continuation/rows/testify-direct--cover-client-cpu32-orchestrion-round2/input.json
testify-direct--cover-client,32,sdk,2,False,0.02587771601974964,0.035232,35651584,0,True,,,/var/tmp/dd-ci-benchmark-20261004.s81k5i3w/runtime-continuation/rows/testify-direct--cover-client-cpu32-sdk-round2/input.json
testify-direct--cover-client,32,mini-deferred,3,False,0.023954483913257718,0.027927,26013696,0,True,,,/var/tmp/dd-ci-benchmark-20261004.s81k5i3w/runtime-continuation/rows/testify-direct--cover-client-cpu32-mini-deferred-round3/input.json
testify-direct--cover-client,32,native,3,False,0.0031574638560414314,0.004658,15699968,0,True,,,/var/tmp/dd-ci-benchmark-20261004.s81k5i3w/runtime-continuation/rows/testify-direct--cover-client-cpu32-native-round3/input.json
testify-direct--cover-client,32,orchestrion,3,False,0.025888815987855196,0.03428,35000320,0,True,,,/var/tmp/dd-ci-benchmark-20261004.s81k5i3w/runtime-continuation/rows/testify-direct--cover-client-cpu32-orchestrion-round3/input.json
testify-direct--cover-client,32,sdk,3,False,0.025895216036587954,0.034775,33165312,0,True,,,/var/tmp/dd-ci-benchmark-20261004.s81k5i3w/runtime-continuation/rows/testify-direct--cover-client-cpu32-sdk-round3/input.json
testify-direct--cover-client,32,mini,3,False,0.022864911938086152,0.025075,24395776,0,True,,,/var/tmp/dd-ci-benchmark-20261004.s81k5i3w/runtime-continuation/rows/testify-direct--cover-client-cpu32-mini-round3/input.json
testify-direct--cover-client,32,native,4,False,0.003159034065902233,0.004058,15155200,0,True,,,/var/tmp/dd-ci-benchmark-20261004.s81k5i3w/runtime-continuation/rows/testify-direct--cover-client-cpu32-native-round4/input.json
testify-direct--cover-client,32,orchestrion,4,False,0.02579154702834785,0.033526,35926016,0,True,,,/var/tmp/dd-ci-benchmark-20261004.s81k5i3w/runtime-continuation/rows/testify-direct--cover-client-cpu32-orchestrion-round4/input.json
testify-direct--cover-client,32,sdk,4,False,0.025903426809236407,0.033489,32956416,0,True,,,/var/tmp/dd-ci-benchmark-20261004.s81k5i3w/runtime-continuation/rows/testify-direct--cover-client-cpu32-sdk-round4/input.json
testify-direct--cover-client,32,mini,4,False,0.022148180985823274,0.02591,26636288,0,True,,,/var/tmp/dd-ci-benchmark-20261004.s81k5i3w/runtime-continuation/rows/testify-direct--cover-client-cpu32-mini-round4/input.json
testify-direct--cover-client,32,mini-deferred,4,False,0.023147882893681526,0.026797,24895488,0,True,,,/var/tmp/dd-ci-benchmark-20261004.s81k5i3w/runtime-continuation/rows/testify-direct--cover-client-cpu32-mini-deferred-round4/input.json
testify-direct--race-cover-client,4,native,-1,True,1.0090402360074222,0.009959,33525760,0,True,,,/var/tmp/dd-ci-benchmark-20261004.s81k5i3w/runtime-continuation/rows/testify-direct--race-cover-client-cpu4-native-round-1/input.json
testify-direct--race-cover-client,4,orchestrion,-1,True,1.0524096600711346,0.061034,69771264,0,True,,,/var/tmp/dd-ci-benchmark-20261004.s81k5i3w/runtime-continuation/rows/testify-direct--race-cover-client-cpu4-orchestrion-round-1/input.json
testify-direct--race-cover-client,4,sdk,-1,True,1.0521782787982374,0.061092,67710976,0,True,,,/var/tmp/dd-ci-benchmark-20261004.s81k5i3w/runtime-continuation/rows/testify-direct--race-cover-client-cpu4-sdk-round-1/input.json
testify-direct--race-cover-client,4,mini,-1,True,1.0332975329365581,0.035588,46796800,0,True,,,/var/tmp/dd-ci-benchmark-20261004.s81k5i3w/runtime-continuation/rows/testify-direct--race-cover-client-cpu4-mini-round-1/input.json
testify-direct--race-cover-client,4,mini-deferred,-1,True,1.0363930389285088,0.038968,48775168,0,True,,,/var/tmp/dd-ci-benchmark-20261004.s81k5i3w/runtime-continuation/rows/testify-direct--race-cover-client-cpu4-mini-deferred-round-1/input.json
testify-direct--race-cover-client,4,orchestrion,0,False,1.052709364099428,0.0621,69959680,0,True,,,/var/tmp/dd-ci-benchmark-20261004.s81k5i3w/runtime-continuation/rows/testify-direct--race-cover-client-cpu4-orchestrion-round0/input.json
testify-direct--race-cover-client,4,sdk,0,False,1.0514645010698587,0.06024,68128768,0,True,,,/var/tmp/dd-ci-benchmark-20261004.s81k5i3w/runtime-continuation/rows/testify-direct--race-cover-client-cpu4-sdk-round0/input.json
testify-direct--race-cover-client,4,mini,0,False,1.033537239069119,0.035662,46772224,0,True,,,/var/tmp/dd-ci-benchmark-20261004.s81k5i3w/runtime-continuation/rows/testify-direct--race-cover-client-cpu4-mini-round0/input.json
testify-direct--race-cover-client,4,mini-deferred,0,False,1.0360228340141475,0.038665,48906240,0,True,,,/var/tmp/dd-ci-benchmark-20261004.s81k5i3w/runtime-continuation/rows/testify-direct--race-cover-client-cpu4-mini-deferred-round0/input.json
testify-direct--race-cover-client,4,native,0,False,1.0093393169809133,0.010213,36270080,0,True,,,/var/tmp/dd-ci-benchmark-20261004.s81k5i3w/runtime-continuation/rows/testify-direct--race-cover-client-cpu4-native-round0/input.json
testify-direct--race-cover-client,4,sdk,1,False,1.0520151280798018,0.060532,70598656,0,True,,,/var/tmp/dd-ci-benchmark-20261004.s81k5i3w/runtime-continuation/rows/testify-direct--race-cover-client-cpu4-sdk-round1/input.json
testify-direct--race-cover-client,4,mini,1,False,1.0328686009161174,0.035686,47042560,0,True,,,/var/tmp/dd-ci-benchmark-20261004.s81k5i3w/runtime-continuation/rows/testify-direct--race-cover-client-cpu4-mini-round1/input.json
testify-direct--race-cover-client,4,mini-deferred,1,False,1.0366964268032461,0.039599,48812032,0,True,,,/var/tmp/dd-ci-benchmark-20261004.s81k5i3w/runtime-continuation/rows/testify-direct--race-cover-client-cpu4-mini-deferred-round1/input.json
testify-direct--race-cover-client,4,native,1,False,1.0089550488628447,0.010245,34435072,0,True,,,/var/tmp/dd-ci-benchmark-20261004.s81k5i3w/runtime-continuation/rows/testify-direct--race-cover-client-cpu4-native-round1/input.json
testify-direct--race-cover-client,4,orchestrion,1,False,1.0518373020458966,0.061477,69398528,0,True,,,/var/tmp/dd-ci-benchmark-20261004.s81k5i3w/runtime-continuation/rows/testify-direct--race-cover-client-cpu4-orchestrion-round1/input.json
testify-direct--race-cover-client,4,mini,2,False,1.0344366962090135,0.037246,48058368,0,True,,,/var/tmp/dd-ci-benchmark-20261004.s81k5i3w/runtime-continuation/rows/testify-direct--race-cover-client-cpu4-mini-round2/input.json
testify-direct--race-cover-client,4,mini-deferred,2,False,1.0370222330093384,0.039392,48832512,0,True,,,/var/tmp/dd-ci-benchmark-20261004.s81k5i3w/runtime-continuation/rows/testify-direct--race-cover-client-cpu4-mini-deferred-round2/input.json
testify-direct--race-cover-client,4,native,2,False,1.0095704551786184,0.010272,34066432,0,True,,,/var/tmp/dd-ci-benchmark-20261004.s81k5i3w/runtime-continuation/rows/testify-direct--race-cover-client-cpu4-native-round2/input.json
testify-direct--race-cover-client,4,orchestrion,2,False,1.0531665778253227,0.061823,69771264,0,True,,,/var/tmp/dd-ci-benchmark-20261004.s81k5i3w/runtime-continuation/rows/testify-direct--race-cover-client-cpu4-orchestrion-round2/input.json
testify-direct--race-cover-client,4,sdk,2,False,1.0528006569948047,0.061653,70012928,0,True,,,/var/tmp/dd-ci-benchmark-20261004.s81k5i3w/runtime-continuation/rows/testify-direct--race-cover-client-cpu4-sdk-round2/input.json
testify-direct--race-cover-client,4,mini-deferred,3,False,1.0366749968379736,0.039759,48103424,0,True,,,/var/tmp/dd-ci-benchmark-20261004.s81k5i3w/runtime-continuation/rows/testify-direct--race-cover-client-cpu4-mini-deferred-round3/input.json
testify-direct--race-cover-client,4,native,3,False,1.0094088688492775,0.010255,36270080,0,True,,,/var/tmp/dd-ci-benchmark-20261004.s81k5i3w/runtime-continuation/rows/testify-direct--race-cover-client-cpu4-native-round3/input.json
testify-direct--race-cover-client,4,orchestrion,3,False,1.0526069209445268,0.061145,70094848,0,True,,,/var/tmp/dd-ci-benchmark-20261004.s81k5i3w/runtime-continuation/rows/testify-direct--race-cover-client-cpu4-orchestrion-round3/input.json
testify-direct--race-cover-client,4,sdk,3,False,1.0523543530143797,0.061873,69443584,0,True,,,/var/tmp/dd-ci-benchmark-20261004.s81k5i3w/runtime-continuation/rows/testify-direct--race-cover-client-cpu4-sdk-round3/input.json
testify-direct--race-cover-client,4,mini,3,False,1.0338600061368197,0.035441,46493696,0,True,,,/var/tmp/dd-ci-benchmark-20261004.s81k5i3w/runtime-continuation/rows/testify-direct--race-cover-client-cpu4-mini-round3/input.json
testify-direct--race-cover-client,4,native,4,False,1.0091209821403027,0.009956,35622912,0,True,,,/var/tmp/dd-ci-benchmark-20261004.s81k5i3w/runtime-continuation/rows/testify-direct--race-cover-client-cpu4-native-round4/input.json
testify-direct--race-cover-client,4,orchestrion,4,False,1.0526939460542053,0.061688,70352896,0,True,,,/var/tmp/dd-ci-benchmark-20261004.s81k5i3w/runtime-continuation/rows/testify-direct--race-cover-client-cpu4-orchestrion-round4/input.json
testify-direct--race-cover-client,4,sdk,4,False,1.0516422358341515,0.060964,70283264,0,True,,,/var/tmp/dd-ci-benchmark-20261004.s81k5i3w/runtime-continuation/rows/testify-direct--race-cover-client-cpu4-sdk-round4/input.json
testify-direct--race-cover-client,4,mini,4,False,1.0350837321020663,0.038377,48742400,0,True,,,/var/tmp/dd-ci-benchmark-20261004.s81k5i3w/runtime-continuation/rows/testify-direct--race-cover-client-cpu4-mini-round4/input.json
testify-direct--race-cover-client,4,mini-deferred,4,False,1.0368547760881484,0.039177,47869952,0,True,,,/var/tmp/dd-ci-benchmark-20261004.s81k5i3w/runtime-continuation/rows/testify-direct--race-cover-client-cpu4-mini-deferred-round4/input.json
testify-direct--race-cover-client,32,native,-1,True,1.010407568886876,0.011564,37453824,0,True,,,/var/tmp/dd-ci-benchmark-20261004.s81k5i3w/runtime-continuation/rows/testify-direct--race-cover-client-cpu32-native-round-1/input.json
testify-direct--race-cover-client,32,orchestrion,-1,True,1.0563861560076475,0.072345,77107200,0,True,,,/var/tmp/dd-ci-benchmark-20261004.s81k5i3w/runtime-continuation/rows/testify-direct--race-cover-client-cpu32-orchestrion-round-1/input.json
testify-direct--race-cover-client,32,sdk,-1,True,1.0557626478839666,0.071064,76767232,0,True,,,/var/tmp/dd-ci-benchmark-20261004.s81k5i3w/runtime-continuation/rows/testify-direct--race-cover-client-cpu32-sdk-round-1/input.json
testify-direct--race-cover-client,32,mini,-1,True,1.0372238219715655,0.043016,53657600,0,True,,,/var/tmp/dd-ci-benchmark-20261004.s81k5i3w/runtime-continuation/rows/testify-direct--race-cover-client-cpu32-mini-round-1/input.json
testify-direct--race-cover-client,32,mini-deferred,-1,True,1.0405202470719814,0.044881,52019200,0,True,,,/var/tmp/dd-ci-benchmark-20261004.s81k5i3w/runtime-continuation/rows/testify-direct--race-cover-client-cpu32-mini-deferred-round-1/input.json
testify-direct--race-cover-client,32,orchestrion,0,False,1.0610979869961739,0.075623,75595776,0,True,,,/var/tmp/dd-ci-benchmark-20261004.s81k5i3w/runtime-continuation/rows/testify-direct--race-cover-client-cpu32-orchestrion-round0/input.json
testify-direct--race-cover-client,32,sdk,0,False,1.057319720974192,0.072183,76681216,0,True,,,/var/tmp/dd-ci-benchmark-20261004.s81k5i3w/runtime-continuation/rows/testify-direct--race-cover-client-cpu32-sdk-round0/input.json
testify-direct--race-cover-client,32,mini,0,False,1.0376619040034711,0.042803,54497280,0,True,,,/var/tmp/dd-ci-benchmark-20261004.s81k5i3w/runtime-continuation/rows/testify-direct--race-cover-client-cpu32-mini-round0/input.json
testify-direct--race-cover-client,32,mini-deferred,0,False,1.0398503099568188,0.043795,55533568,0,True,,,/var/tmp/dd-ci-benchmark-20261004.s81k5i3w/runtime-continuation/rows/testify-direct--race-cover-client-cpu32-mini-deferred-round0/input.json
testify-direct--race-cover-client,32,native,0,False,1.0096982968971133,0.011192,37486592,0,True,,,/var/tmp/dd-ci-benchmark-20261004.s81k5i3w/runtime-continuation/rows/testify-direct--race-cover-client-cpu32-native-round0/input.json
testify-direct--race-cover-client,32,sdk,1,False,1.0549485611263663,0.069005,75075584,0,True,,,/var/tmp/dd-ci-benchmark-20261004.s81k5i3w/runtime-continuation/rows/testify-direct--race-cover-client-cpu32-sdk-round1/input.json
testify-direct--race-cover-client,32,mini,1,False,1.037175920093432,0.041779,51073024,0,True,,,/var/tmp/dd-ci-benchmark-20261004.s81k5i3w/runtime-continuation/rows/testify-direct--race-cover-client-cpu32-mini-round1/input.json
testify-direct--race-cover-client,32,mini-deferred,1,False,1.0395736619830132,0.043937,54419456,0,True,,,/var/tmp/dd-ci-benchmark-20261004.s81k5i3w/runtime-continuation/rows/testify-direct--race-cover-client-cpu32-mini-deferred-round1/input.json
testify-direct--race-cover-client,32,native,1,False,1.0100496308878064,0.011177,37208064,0,True,,,/var/tmp/dd-ci-benchmark-20261004.s81k5i3w/runtime-continuation/rows/testify-direct--race-cover-client-cpu32-native-round1/input.json
testify-direct--race-cover-client,32,orchestrion,1,False,1.0557454468216747,0.071518,74461184,0,True,,,/var/tmp/dd-ci-benchmark-20261004.s81k5i3w/runtime-continuation/rows/testify-direct--race-cover-client-cpu32-orchestrion-round1/input.json
testify-direct--race-cover-client,32,mini,2,False,1.0380653920583427,0.043597,55054336,0,True,,,/var/tmp/dd-ci-benchmark-20261004.s81k5i3w/runtime-continuation/rows/testify-direct--race-cover-client-cpu32-mini-round2/input.json
testify-direct--race-cover-client,32,mini-deferred,2,False,1.0401653880253434,0.045114,61739008,0,True,,,/var/tmp/dd-ci-benchmark-20261004.s81k5i3w/runtime-continuation/rows/testify-direct--race-cover-client-cpu32-mini-deferred-round2/input.json
testify-direct--race-cover-client,32,native,2,False,1.0098753329366446,0.010694,37715968,0,True,,,/var/tmp/dd-ci-benchmark-20261004.s81k5i3w/runtime-continuation/rows/testify-direct--race-cover-client-cpu32-native-round2/input.json
testify-direct--race-cover-client,32,orchestrion,2,False,1.05719153303653,0.072301,77275136,0,True,,,/var/tmp/dd-ci-benchmark-20261004.s81k5i3w/runtime-continuation/rows/testify-direct--race-cover-client-cpu32-orchestrion-round2/input.json
testify-direct--race-cover-client,32,sdk,2,False,1.0564999650232494,0.071111,76505088,0,True,,,/var/tmp/dd-ci-benchmark-20261004.s81k5i3w/runtime-continuation/rows/testify-direct--race-cover-client-cpu32-sdk-round2/input.json
testify-direct--race-cover-client,32,mini-deferred,3,False,1.0390374888665974,0.044133,54788096,0,True,,,/var/tmp/dd-ci-benchmark-20261004.s81k5i3w/runtime-continuation/rows/testify-direct--race-cover-client-cpu32-mini-deferred-round3/input.json
testify-direct--race-cover-client,32,native,3,False,1.0101237869821489,0.01171,37269504,0,True,,,/var/tmp/dd-ci-benchmark-20261004.s81k5i3w/runtime-continuation/rows/testify-direct--race-cover-client-cpu32-native-round3/input.json
testify-direct--race-cover-client,32,orchestrion,3,False,1.0571515490300953,0.072929,77537280,0,True,,,/var/tmp/dd-ci-benchmark-20261004.s81k5i3w/runtime-continuation/rows/testify-direct--race-cover-client-cpu32-orchestrion-round3/input.json
testify-direct--race-cover-client,32,sdk,3,False,1.0572798079811037,0.07278,76152832,0,True,,,/var/tmp/dd-ci-benchmark-20261004.s81k5i3w/runtime-continuation/rows/testify-direct--race-cover-client-cpu32-sdk-round3/input.json
testify-direct--race-cover-client,32,mini,3,False,1.0384325510822237,0.043411,53186560,0,True,,,/var/tmp/dd-ci-benchmark-20261004.s81k5i3w/runtime-continuation/rows/testify-direct--race-cover-client-cpu32-mini-round3/input.json
testify-direct--race-cover-client,32,native,4,False,1.0096289089415222,0.01063,37490688,0,True,,,/var/tmp/dd-ci-benchmark-20261004.s81k5i3w/runtime-continuation/rows/testify-direct--race-cover-client-cpu32-native-round4/input.json
testify-direct--race-cover-client,32,orchestrion,4,False,1.0563419701065868,0.069887,74854400,0,True,,,/var/tmp/dd-ci-benchmark-20261004.s81k5i3w/runtime-continuation/rows/testify-direct--race-cover-client-cpu32-orchestrion-round4/input.json
testify-direct--race-cover-client,32,sdk,4,False,1.0565250599756837,0.070207,74354688,0,True,,,/var/tmp/dd-ci-benchmark-20261004.s81k5i3w/runtime-continuation/rows/testify-direct--race-cover-client-cpu32-sdk-round4/input.json
testify-direct--race-cover-client,32,mini,4,False,1.0371263658162206,0.042337,54087680,0,True,,,/var/tmp/dd-ci-benchmark-20261004.s81k5i3w/runtime-continuation/rows/testify-direct--race-cover-client-cpu32-mini-round4/input.json
testify-direct--race-cover-client,32,mini-deferred,4,False,1.0402810079976916,0.045195,55054336,0,True,,,/var/tmp/dd-ci-benchmark-20261004.s81k5i3w/runtime-continuation/rows/testify-direct--race-cover-client-cpu32-mini-deferred-round4/input.json
testify-direct--cover-testing,4,native,-1,True,0.0037865759804844856,0.004842,15540224,0,True,,,/var/tmp/dd-ci-benchmark-20261004.s81k5i3w/runtime-continuation/rows/testify-direct--cover-testing-cpu4-native-round-1/input.json
testify-direct--cover-testing,4,orchestrion,-1,True,0.0385250560939312,0.044943,33271808,0,True,,,/var/tmp/dd-ci-benchmark-20261004.s81k5i3w/runtime-continuation/rows/testify-direct--cover-testing-cpu4-orchestrion-round-1/input.json
testify-direct--cover-testing,4,sdk,-1,True,0.03916171798482537,0.045737,29556736,0,True,,,/var/tmp/dd-ci-benchmark-20261004.s81k5i3w/runtime-continuation/rows/testify-direct--cover-testing-cpu4-sdk-round-1/input.json
testify-direct--cover-testing,4,mini,-1,True,0.035796972922980785,0.039328,25268224,0,True,,,/var/tmp/dd-ci-benchmark-20261004.s81k5i3w/runtime-continuation/rows/testify-direct--cover-testing-cpu4-mini-round-1/input.json
testify-direct--cover-testing,4,mini-deferred,-1,True,0.03653751383535564,0.040702,21102592,0,True,,,/var/tmp/dd-ci-benchmark-20261004.s81k5i3w/runtime-continuation/rows/testify-direct--cover-testing-cpu4-mini-deferred-round-1/input.json
testify-direct--cover-testing,4,orchestrion,0,False,0.038846977055072784,0.045745,28278784,0,True,,,/var/tmp/dd-ci-benchmark-20261004.s81k5i3w/runtime-continuation/rows/testify-direct--cover-testing-cpu4-orchestrion-round0/input.json
testify-direct--cover-testing,4,sdk,0,False,0.039363927906379104,0.046302,28971008,0,True,,,/var/tmp/dd-ci-benchmark-20261004.s81k5i3w/runtime-continuation/rows/testify-direct--cover-testing-cpu4-sdk-round0/input.json
testify-direct--cover-testing,4,mini,0,False,0.036278242943808436,0.040568,23302144,0,True,,,/var/tmp/dd-ci-benchmark-20261004.s81k5i3w/runtime-continuation/rows/testify-direct--cover-testing-cpu4-mini-round0/input.json
testify-direct--cover-testing,4,mini-deferred,0,False,0.03637649305164814,0.040753,21762048,0,True,,,/var/tmp/dd-ci-benchmark-20261004.s81k5i3w/runtime-continuation/rows/testify-direct--cover-testing-cpu4-mini-deferred-round0/input.json
testify-direct--cover-testing,4,native,0,False,0.003701945999637246,0.00521,15699968,0,True,,,/var/tmp/dd-ci-benchmark-20261004.s81k5i3w/runtime-continuation/rows/testify-direct--cover-testing-cpu4-native-round0/input.json
testify-direct--cover-testing,4,sdk,1,False,0.039282948011532426,0.046617,30863360,0,True,,,/var/tmp/dd-ci-benchmark-20261004.s81k5i3w/runtime-continuation/rows/testify-direct--cover-testing-cpu4-sdk-round1/input.json
testify-direct--cover-testing,4,mini,1,False,0.03519361210055649,0.039385,23511040,0,True,,,/var/tmp/dd-ci-benchmark-20261004.s81k5i3w/runtime-continuation/rows/testify-direct--cover-testing-cpu4-mini-round1/input.json
testify-direct--cover-testing,4,mini-deferred,1,False,0.03598444303497672,0.03929,23367680,0,True,,,/var/tmp/dd-ci-benchmark-20261004.s81k5i3w/runtime-continuation/rows/testify-direct--cover-testing-cpu4-mini-deferred-round1/input.json
testify-direct--cover-testing,4,native,1,False,0.003634706139564514,0.004515,15540224,0,True,,,/var/tmp/dd-ci-benchmark-20261004.s81k5i3w/runtime-continuation/rows/testify-direct--cover-testing-cpu4-native-round1/input.json
testify-direct--cover-testing,4,orchestrion,1,False,0.03880649711936712,0.046708,29044736,0,True,,,/var/tmp/dd-ci-benchmark-20261004.s81k5i3w/runtime-continuation/rows/testify-direct--cover-testing-cpu4-orchestrion-round1/input.json
testify-direct--cover-testing,4,mini,2,False,0.03481783205643296,0.038721,23220224,0,True,,,/var/tmp/dd-ci-benchmark-20261004.s81k5i3w/runtime-continuation/rows/testify-direct--cover-testing-cpu4-mini-round2/input.json
testify-direct--cover-testing,4,mini-deferred,2,False,0.03602949297055602,0.039648,21975040,0,True,,,/var/tmp/dd-ci-benchmark-20261004.s81k5i3w/runtime-continuation/rows/testify-direct--cover-testing-cpu4-mini-deferred-round2/input.json
testify-direct--cover-testing,4,native,2,False,0.00351410498842597,0.004664,15527936,0,True,,,/var/tmp/dd-ci-benchmark-20261004.s81k5i3w/runtime-continuation/rows/testify-direct--cover-testing-cpu4-native-round2/input.json
testify-direct--cover-testing,4,orchestrion,2,False,0.03823786717839539,0.045779,29335552,0,True,,,/var/tmp/dd-ci-benchmark-20261004.s81k5i3w/runtime-continuation/rows/testify-direct--cover-testing-cpu4-orchestrion-round2/input.json
testify-direct--cover-testing,4,sdk,2,False,0.03942990908399224,0.045748,29339648,0,True,,,/var/tmp/dd-ci-benchmark-20261004.s81k5i3w/runtime-continuation/rows/testify-direct--cover-testing-cpu4-sdk-round2/input.json
testify-direct--cover-testing,4,mini-deferred,3,False,0.03599894302897155,0.039909,25329664,0,True,,,/var/tmp/dd-ci-benchmark-20261004.s81k5i3w/runtime-continuation/rows/testify-direct--cover-testing-cpu4-mini-deferred-round3/input.json
testify-direct--cover-testing,4,native,3,False,0.0035835050512105227,0.004955,15245312,0,True,,,/var/tmp/dd-ci-benchmark-20261004.s81k5i3w/runtime-continuation/rows/testify-direct--cover-testing-cpu4-native-round3/input.json
testify-direct--cover-testing,4,orchestrion,3,False,0.03933425899595022,0.046674,29085696,0,True,,,/var/tmp/dd-ci-benchmark-20261004.s81k5i3w/runtime-continuation/rows/testify-direct--cover-testing-cpu4-orchestrion-round3/input.json
testify-direct--cover-testing,4,sdk,3,False,0.03935856814496219,0.0462,31641600,0,True,,,/var/tmp/dd-ci-benchmark-20261004.s81k5i3w/runtime-continuation/rows/testify-direct--cover-testing-cpu4-sdk-round3/input.json
testify-direct--cover-testing,4,mini,3,False,0.03466416196897626,0.038703,25092096,0,True,,,/var/tmp/dd-ci-benchmark-20261004.s81k5i3w/runtime-continuation/rows/testify-direct--cover-testing-cpu4-mini-round3/input.json
testify-direct--cover-testing,4,native,4,False,0.0035377151798456907,0.004669,15286272,0,True,,,/var/tmp/dd-ci-benchmark-20261004.s81k5i3w/runtime-continuation/rows/testify-direct--cover-testing-cpu4-native-round4/input.json
testify-direct--cover-testing,4,orchestrion,4,False,0.038884177803993225,0.045965,31129600,0,True,,,/var/tmp/dd-ci-benchmark-20261004.s81k5i3w/runtime-continuation/rows/testify-direct--cover-testing-cpu4-orchestrion-round4/input.json
testify-direct--cover-testing,4,sdk,4,False,0.0382576968986541,0.045636,29552640,0,True,,,/var/tmp/dd-ci-benchmark-20261004.s81k5i3w/runtime-continuation/rows/testify-direct--cover-testing-cpu4-sdk-round4/input.json
testify-direct--cover-testing,4,mini,4,False,0.0352261820808053,0.038691,23302144,0,True,,,/var/tmp/dd-ci-benchmark-20261004.s81k5i3w/runtime-continuation/rows/testify-direct--cover-testing-cpu4-mini-round4/input.json
testify-direct--cover-testing,4,mini-deferred,4,False,0.036004333989694715,0.040615,23482368,0,True,,,/var/tmp/dd-ci-benchmark-20261004.s81k5i3w/runtime-continuation/rows/testify-direct--cover-testing-cpu4-mini-deferred-round4/input.json
testify-direct--cover-testing,32,native,-1,True,0.003978986060246825,0.005231,15970304,0,True,,,/var/tmp/dd-ci-benchmark-20261004.s81k5i3w/runtime-continuation/rows/testify-direct--cover-testing-cpu32-native-round-1/input.json
testify-direct--cover-testing,32,orchestrion,-1,True,0.04178950213827193,0.056976,37593088,0,True,,,/var/tmp/dd-ci-benchmark-20261004.s81k5i3w/runtime-continuation/rows/testify-direct--cover-testing-cpu32-orchestrion-round-1/input.json
testify-direct--cover-testing,32,sdk,-1,True,0.04235769319348037,0.055018,37818368,0,True,,,/var/tmp/dd-ci-benchmark-20261004.s81k5i3w/runtime-continuation/rows/testify-direct--cover-testing-cpu32-sdk-round-1/input.json
testify-direct--cover-testing,32,mini,-1,True,0.038336717057973146,0.044697,26742784,0,True,,,/var/tmp/dd-ci-benchmark-20261004.s81k5i3w/runtime-continuation/rows/testify-direct--cover-testing-cpu32-mini-round-1/input.json
testify-direct--cover-testing,32,mini-deferred,-1,True,0.0386763671413064,0.047602,28168192,0,True,,,/var/tmp/dd-ci-benchmark-20261004.s81k5i3w/runtime-continuation/rows/testify-direct--cover-testing-cpu32-mini-deferred-round-1/input.json
testify-direct--cover-testing,32,orchestrion,0,False,0.04261702299118042,0.054658,35631104,0,True,,,/var/tmp/dd-ci-benchmark-20261004.s81k5i3w/runtime-continuation/rows/testify-direct--cover-testing-cpu32-orchestrion-round0/input.json
testify-direct--cover-testing,32,sdk,0,False,0.04184340196661651,0.052645,36196352,0,True,,,/var/tmp/dd-ci-benchmark-20261004.s81k5i3w/runtime-continuation/rows/testify-direct--cover-testing-cpu32-sdk-round0/input.json
testify-direct--cover-testing,32,mini,0,False,0.0378899360075593,0.04457,26869760,0,True,,,/var/tmp/dd-ci-benchmark-20261004.s81k5i3w/runtime-continuation/rows/testify-direct--cover-testing-cpu32-mini-round0/input.json
testify-direct--cover-testing,32,mini-deferred,0,False,0.03933510812930763,0.047538,25452544,0,True,,,/var/tmp/dd-ci-benchmark-20261004.s81k5i3w/runtime-continuation/rows/testify-direct--cover-testing-cpu32-mini-deferred-round0/input.json
testify-direct--cover-testing,32,native,0,False,0.0038166260346770287,0.004514,15532032,0,True,,,/var/tmp/dd-ci-benchmark-20261004.s81k5i3w/runtime-continuation/rows/testify-direct--cover-testing-cpu32-native-round0/input.json
testify-direct--cover-testing,32,sdk,1,False,0.04238513298332691,0.054059,35192832,0,True,,,/var/tmp/dd-ci-benchmark-20261004.s81k5i3w/runtime-continuation/rows/testify-direct--cover-testing-cpu32-sdk-round1/input.json
testify-direct--cover-testing,32,mini,1,False,0.038644748041406274,0.045254,26378240,0,True,,,/var/tmp/dd-ci-benchmark-20261004.s81k5i3w/runtime-continuation/rows/testify-direct--cover-testing-cpu32-mini-round1/input.json
testify-direct--cover-testing,32,mini-deferred,1,False,0.03900328790768981,0.046089,26849280,0,True,,,/var/tmp/dd-ci-benchmark-20261004.s81k5i3w/runtime-continuation/rows/testify-direct--cover-testing-cpu32-mini-deferred-round1/input.json
testify-direct--cover-testing,32,native,1,False,0.003933535888791084,0.005086,17838080,0,True,,,/var/tmp/dd-ci-benchmark-20261004.s81k5i3w/runtime-continuation/rows/testify-direct--cover-testing-cpu32-native-round1/input.json
testify-direct--cover-testing,32,orchestrion,1,False,0.04182768194004893,0.053774,36904960,0,True,,,/var/tmp/dd-ci-benchmark-20261004.s81k5i3w/runtime-continuation/rows/testify-direct--cover-testing-cpu32-orchestrion-round1/input.json
testify-direct--cover-testing,32,mini,2,False,0.03861552802845836,0.045422,27377664,0,True,,,/var/tmp/dd-ci-benchmark-20261004.s81k5i3w/runtime-continuation/rows/testify-direct--cover-testing-cpu32-mini-round2/input.json
testify-direct--cover-testing,32,mini-deferred,2,False,0.03947688918560743,0.046998,26427392,0,True,,,/var/tmp/dd-ci-benchmark-20261004.s81k5i3w/runtime-continuation/rows/testify-direct--cover-testing-cpu32-mini-deferred-round2/input.json
testify-direct--cover-testing,32,native,2,False,0.004127036081627011,0.005023,18427904,0,True,,,/var/tmp/dd-ci-benchmark-20261004.s81k5i3w/runtime-continuation/rows/testify-direct--cover-testing-cpu32-native-round2/input.json
testify-direct--cover-testing,32,orchestrion,2,False,0.03998801996931434,0.050856,37613568,0,True,,,/var/tmp/dd-ci-benchmark-20261004.s81k5i3w/runtime-continuation/rows/testify-direct--cover-testing-cpu32-orchestrion-round2/input.json
testify-direct--cover-testing,32,sdk,2,False,0.04110144102014601,0.052759,34598912,0,True,,,/var/tmp/dd-ci-benchmark-20261004.s81k5i3w/runtime-continuation/rows/testify-direct--cover-testing-cpu32-sdk-round2/input.json
testify-direct--cover-testing,32,mini-deferred,3,False,0.038812738144770265,0.046817,28553216,0,True,,,/var/tmp/dd-ci-benchmark-20261004.s81k5i3w/runtime-continuation/rows/testify-direct--cover-testing-cpu32-mini-deferred-round3/input.json
testify-direct--cover-testing,32,native,3,False,0.003901225980371237,0.00552,15691776,0,True,,,/var/tmp/dd-ci-benchmark-20261004.s81k5i3w/runtime-continuation/rows/testify-direct--cover-testing-cpu32-native-round3/input.json
testify-direct--cover-testing,32,orchestrion,3,False,0.04073853092268109,0.052847,38682624,0,True,,,/var/tmp/dd-ci-benchmark-20261004.s81k5i3w/runtime-continuation/rows/testify-direct--cover-testing-cpu32-orchestrion-round3/input.json
testify-direct--cover-testing,32,sdk,3,False,0.041439232183620334,0.053457,35119104,0,True,,,/var/tmp/dd-ci-benchmark-20261004.s81k5i3w/runtime-continuation/rows/testify-direct--cover-testing-cpu32-sdk-round3/input.json
testify-direct--cover-testing,32,mini,3,False,0.039298519026488066,0.046614,27553792,0,True,,,/var/tmp/dd-ci-benchmark-20261004.s81k5i3w/runtime-continuation/rows/testify-direct--cover-testing-cpu32-mini-round3/input.json
testify-direct--cover-testing,32,native,4,False,0.0037689460441470146,0.00525,14909440,0,True,,,/var/tmp/dd-ci-benchmark-20261004.s81k5i3w/runtime-continuation/rows/testify-direct--cover-testing-cpu32-native-round4/input.json
testify-direct--cover-testing,32,orchestrion,4,False,0.04255822394043207,0.053131,34213888,0,True,,,/var/tmp/dd-ci-benchmark-20261004.s81k5i3w/runtime-continuation/rows/testify-direct--cover-testing-cpu32-orchestrion-round4/input.json
testify-direct--cover-testing,32,sdk,4,False,0.04127531195990741,0.051947,36343808,0,True,,,/var/tmp/dd-ci-benchmark-20261004.s81k5i3w/runtime-continuation/rows/testify-direct--cover-testing-cpu32-sdk-round4/input.json
testify-direct--cover-testing,32,mini,4,False,0.03889680816791952,0.047727,27156480,0,True,,,/var/tmp/dd-ci-benchmark-20261004.s81k5i3w/runtime-continuation/rows/testify-direct--cover-testing-cpu32-mini-round4/input.json
testify-direct--cover-testing,32,mini-deferred,4,False,0.038949338952079415,0.047151,26779648,0,True,,,/var/tmp/dd-ci-benchmark-20261004.s81k5i3w/runtime-continuation/rows/testify-direct--cover-testing-cpu32-mini-deferred-round4/input.json
testify-direct--race-cover-testing,4,native,-1,True,1.0114192680921406,0.012294,37052416,0,True,,,/var/tmp/dd-ci-benchmark-20261004.s81k5i3w/runtime-continuation/rows/testify-direct--race-cover-testing-cpu4-native-round-1/input.json
testify-direct--race-cover-testing,4,orchestrion,-1,True,1.0903492970392108,0.11069,78413824,0,True,,,/var/tmp/dd-ci-benchmark-20261004.s81k5i3w/runtime-continuation/rows/testify-direct--race-cover-testing-cpu4-orchestrion-round-1/input.json
testify-direct--race-cover-testing,4,sdk,-1,True,1.0909968088380992,0.112727,77991936,0,True,,,/var/tmp/dd-ci-benchmark-20261004.s81k5i3w/runtime-continuation/rows/testify-direct--race-cover-testing-cpu4-sdk-round-1/input.json
testify-direct--race-cover-testing,4,mini,-1,True,1.0748536558821797,0.088041,52740096,0,True,,,/var/tmp/dd-ci-benchmark-20261004.s81k5i3w/runtime-continuation/rows/testify-direct--race-cover-testing-cpu4-mini-round-1/input.json
testify-direct--race-cover-testing,4,mini-deferred,-1,True,1.0756890969350934,0.089187,51257344,0,True,,,/var/tmp/dd-ci-benchmark-20261004.s81k5i3w/runtime-continuation/rows/testify-direct--race-cover-testing-cpu4-mini-deferred-round-1/input.json
testify-direct--race-cover-testing,4,orchestrion,0,False,1.0911632410716265,0.110629,78290944,0,True,,,/var/tmp/dd-ci-benchmark-20261004.s81k5i3w/runtime-continuation/rows/testify-direct--race-cover-testing-cpu4-orchestrion-round0/input.json
testify-direct--race-cover-testing,4,sdk,0,False,1.090846081962809,0.110406,79278080,0,True,,,/var/tmp/dd-ci-benchmark-20261004.s81k5i3w/runtime-continuation/rows/testify-direct--race-cover-testing-cpu4-sdk-round0/input.json
testify-direct--race-cover-testing,4,mini,0,False,1.073813967872411,0.086701,51568640,0,True,,,/var/tmp/dd-ci-benchmark-20261004.s81k5i3w/runtime-continuation/rows/testify-direct--race-cover-testing-cpu4-mini-round0/input.json
testify-direct--race-cover-testing,4,mini-deferred,0,False,1.0759601620957255,0.088574,52072448,0,True,,,/var/tmp/dd-ci-benchmark-20261004.s81k5i3w/runtime-continuation/rows/testify-direct--race-cover-testing-cpu4-mini-deferred-round0/input.json
testify-direct--race-cover-testing,4,native,0,False,1.011857203906402,0.012711,37048320,0,True,,,/var/tmp/dd-ci-benchmark-20261004.s81k5i3w/runtime-continuation/rows/testify-direct--race-cover-testing-cpu4-native-round0/input.json
testify-direct--race-cover-testing,4,sdk,1,False,1.0896270230878145,0.109904,78237696,0,True,,,/var/tmp/dd-ci-benchmark-20261004.s81k5i3w/runtime-continuation/rows/testify-direct--race-cover-testing-cpu4-sdk-round1/input.json
testify-direct--race-cover-testing,4,mini,1,False,1.0741373901255429,0.087843,52252672,0,True,,,/var/tmp/dd-ci-benchmark-20261004.s81k5i3w/runtime-continuation/rows/testify-direct--race-cover-testing-cpu4-mini-round1/input.json
testify-direct--race-cover-testing,4,mini-deferred,1,False,1.0756612250115722,0.089466,52502528,0,True,,,/var/tmp/dd-ci-benchmark-20261004.s81k5i3w/runtime-continuation/rows/testify-direct--race-cover-testing-cpu4-mini-deferred-round1/input.json
testify-direct--race-cover-testing,4,native,1,False,1.011577008990571,0.012413,34856960,0,True,,,/var/tmp/dd-ci-benchmark-20261004.s81k5i3w/runtime-continuation/rows/testify-direct--race-cover-testing-cpu4-native-round1/input.json
testify-direct--race-cover-testing,4,orchestrion,1,False,1.0895572958979756,0.11032,77979648,0,True,,,/var/tmp/dd-ci-benchmark-20261004.s81k5i3w/runtime-continuation/rows/testify-direct--race-cover-testing-cpu4-orchestrion-round1/input.json
testify-direct--race-cover-testing,4,mini,2,False,1.074226173805073,0.087202,52830208,0,True,,,/var/tmp/dd-ci-benchmark-20261004.s81k5i3w/runtime-continuation/rows/testify-direct--race-cover-testing-cpu4-mini-round2/input.json
testify-direct--race-cover-testing,4,mini-deferred,2,False,1.075687156058848,0.089493,52346880,0,True,,,/var/tmp/dd-ci-benchmark-20261004.s81k5i3w/runtime-continuation/rows/testify-direct--race-cover-testing-cpu4-mini-deferred-round2/input.json
testify-direct--race-cover-testing,4,native,2,False,1.011822669999674,0.012416,37056512,0,True,,,/var/tmp/dd-ci-benchmark-20261004.s81k5i3w/runtime-continuation/rows/testify-direct--race-cover-testing-cpu4-native-round2/input.json
testify-direct--race-cover-testing,4,orchestrion,2,False,1.0899547599256039,0.10947,78323712,0,True,,,/var/tmp/dd-ci-benchmark-20261004.s81k5i3w/runtime-continuation/rows/testify-direct--race-cover-testing-cpu4-orchestrion-round2/input.json
testify-direct--race-cover-testing,4,sdk,2,False,1.0891197000164539,0.109093,77881344,0,True,,,/var/tmp/dd-ci-benchmark-20261004.s81k5i3w/runtime-continuation/rows/testify-direct--race-cover-testing-cpu4-sdk-round2/input.json
testify-direct--race-cover-testing,4,mini-deferred,3,False,1.0745661968830973,0.089053,52088832,0,True,,,/var/tmp/dd-ci-benchmark-20261004.s81k5i3w/runtime-continuation/rows/testify-direct--race-cover-testing-cpu4-mini-deferred-round3/input.json
testify-direct--race-cover-testing,4,native,3,False,1.0116268929559737,0.012377,37531648,0,True,,,/var/tmp/dd-ci-benchmark-20261004.s81k5i3w/runtime-continuation/rows/testify-direct--race-cover-testing-cpu4-native-round3/input.json
testify-direct--race-cover-testing,4,orchestrion,3,False,1.0890327799133956,0.107942,77168640,0,True,,,/var/tmp/dd-ci-benchmark-20261004.s81k5i3w/runtime-continuation/rows/testify-direct--race-cover-testing-cpu4-orchestrion-round3/input.json
testify-direct--race-cover-testing,4,sdk,3,False,1.0897473329678178,0.109424,77361152,0,True,,,/var/tmp/dd-ci-benchmark-20261004.s81k5i3w/runtime-continuation/rows/testify-direct--race-cover-testing-cpu4-sdk-round3/input.json
testify-direct--race-cover-testing,4,mini,3,False,1.0737663288600743,0.087452,52547584,0,True,,,/var/tmp/dd-ci-benchmark-20261004.s81k5i3w/runtime-continuation/rows/testify-direct--race-cover-testing-cpu4-mini-round3/input.json
testify-direct--race-cover-testing,4,native,4,False,1.0117058060131967,0.012165,37281792,0,True,,,/var/tmp/dd-ci-benchmark-20261004.s81k5i3w/runtime-continuation/rows/testify-direct--race-cover-testing-cpu4-native-round4/input.json
testify-direct--race-cover-testing,4,orchestrion,4,False,1.0888319530058652,0.108471,78045184,0,True,,,/var/tmp/dd-ci-benchmark-20261004.s81k5i3w/runtime-continuation/rows/testify-direct--race-cover-testing-cpu4-orchestrion-round4/input.json
testify-direct--race-cover-testing,4,sdk,4,False,1.0902933340985328,0.111134,79577088,0,True,,,/var/tmp/dd-ci-benchmark-20261004.s81k5i3w/runtime-continuation/rows/testify-direct--race-cover-testing-cpu4-sdk-round4/input.json
testify-direct--race-cover-testing,4,mini,4,False,1.0732946719508618,0.087524,52424704,0,True,,,/var/tmp/dd-ci-benchmark-20261004.s81k5i3w/runtime-continuation/rows/testify-direct--race-cover-testing-cpu4-mini-round4/input.json
testify-direct--race-cover-testing,4,mini-deferred,4,False,1.0748397239949554,0.089427,51564544,0,True,,,/var/tmp/dd-ci-benchmark-20261004.s81k5i3w/runtime-continuation/rows/testify-direct--race-cover-testing-cpu4-mini-deferred-round4/input.json
testify-direct--race-cover-testing,32,native,-1,True,1.0126852998510003,0.01374,38240256,0,True,,,/var/tmp/dd-ci-benchmark-20261004.s81k5i3w/runtime-continuation/rows/testify-direct--race-cover-testing-cpu32-native-round-1/input.json
testify-direct--race-cover-testing,32,orchestrion,-1,True,1.0962210779543966,0.124414,87662592,0,True,,,/var/tmp/dd-ci-benchmark-20261004.s81k5i3w/runtime-continuation/rows/testify-direct--race-cover-testing-cpu32-orchestrion-round-1/input.json
testify-direct--race-cover-testing,32,sdk,-1,True,1.0974489790387452,0.122025,85057536,0,True,,,/var/tmp/dd-ci-benchmark-20261004.s81k5i3w/runtime-continuation/rows/testify-direct--race-cover-testing-cpu32-sdk-round-1/input.json
testify-direct--race-cover-testing,32,mini,-1,True,1.0797677629161626,0.098044,62705664,0,True,,,/var/tmp/dd-ci-benchmark-20261004.s81k5i3w/runtime-continuation/rows/testify-direct--race-cover-testing-cpu32-mini-round-1/input.json
testify-direct--race-cover-testing,32,mini-deferred,-1,True,1.082157667959109,0.10167,61657088,0,True,,,/var/tmp/dd-ci-benchmark-20261004.s81k5i3w/runtime-continuation/rows/testify-direct--race-cover-testing-cpu32-mini-deferred-round-1/input.json
testify-direct--race-cover-testing,32,orchestrion,0,False,1.096545300912112,0.121816,85250048,0,True,,,/var/tmp/dd-ci-benchmark-20261004.s81k5i3w/runtime-continuation/rows/testify-direct--race-cover-testing-cpu32-orchestrion-round0/input.json
testify-direct--race-cover-testing,32,sdk,0,False,1.0973988429177552,0.124694,87863296,0,True,,,/var/tmp/dd-ci-benchmark-20261004.s81k5i3w/runtime-continuation/rows/testify-direct--race-cover-testing-cpu32-sdk-round0/input.json
testify-direct--race-cover-testing,32,mini,0,False,1.0796187471132725,0.099291,61960192,0,True,,,/var/tmp/dd-ci-benchmark-20261004.s81k5i3w/runtime-continuation/rows/testify-direct--race-cover-testing-cpu32-mini-round0/input.json
testify-direct--race-cover-testing,32,mini-deferred,0,False,1.083181092981249,0.104534,59080704,0,True,,,/var/tmp/dd-ci-benchmark-20261004.s81k5i3w/runtime-continuation/rows/testify-direct--race-cover-testing-cpu32-mini-deferred-round0/input.json
testify-direct--race-cover-testing,32,native,0,False,1.0123415440320969,0.013208,38514688,0,True,,,/var/tmp/dd-ci-benchmark-20261004.s81k5i3w/runtime-continuation/rows/testify-direct--race-cover-testing-cpu32-native-round0/input.json
testify-direct--race-cover-testing,32,sdk,1,False,1.0958566339686513,0.119598,85454848,0,True,,,/var/tmp/dd-ci-benchmark-20261004.s81k5i3w/runtime-continuation/rows/testify-direct--race-cover-testing-cpu32-sdk-round1/input.json
testify-direct--race-cover-testing,32,mini,1,False,1.078611905919388,0.095896,57425920,0,True,,,/var/tmp/dd-ci-benchmark-20261004.s81k5i3w/runtime-continuation/rows/testify-direct--race-cover-testing-cpu32-mini-round1/input.json
testify-direct--race-cover-testing,32,mini-deferred,1,False,1.0804016590118408,0.099185,59731968,0,True,,,/var/tmp/dd-ci-benchmark-20261004.s81k5i3w/runtime-continuation/rows/testify-direct--race-cover-testing-cpu32-mini-deferred-round1/input.json
testify-direct--race-cover-testing,32,native,1,False,1.0129604379180819,0.013801,38522880,0,True,,,/var/tmp/dd-ci-benchmark-20261004.s81k5i3w/runtime-continuation/rows/testify-direct--race-cover-testing-cpu32-native-round1/input.json
testify-direct--race-cover-testing,32,orchestrion,1,False,1.0981268889736384,0.129647,87584768,0,True,,,/var/tmp/dd-ci-benchmark-20261004.s81k5i3w/runtime-continuation/rows/testify-direct--race-cover-testing-cpu32-orchestrion-round1/input.json
testify-direct--race-cover-testing,32,mini,2,False,1.0805269421543926,0.099775,60919808,0,True,,,/var/tmp/dd-ci-benchmark-20261004.s81k5i3w/runtime-continuation/rows/testify-direct--race-cover-testing-cpu32-mini-round2/input.json
testify-direct--race-cover-testing,32,mini-deferred,2,False,1.0832031569443643,0.101974,58949632,0,True,,,/var/tmp/dd-ci-benchmark-20261004.s81k5i3w/runtime-continuation/rows/testify-direct--race-cover-testing-cpu32-mini-deferred-round2/input.json
testify-direct--race-cover-testing,32,native,2,False,1.0124622301664203,0.013447,38596608,0,True,,,/var/tmp/dd-ci-benchmark-20261004.s81k5i3w/runtime-continuation/rows/testify-direct--race-cover-testing-cpu32-native-round2/input.json
testify-direct--race-cover-testing,32,orchestrion,2,False,1.0960872189607471,0.121093,84029440,0,True,,,/var/tmp/dd-ci-benchmark-20261004.s81k5i3w/runtime-continuation/rows/testify-direct--race-cover-testing-cpu32-orchestrion-round2/input.json
testify-direct--race-cover-testing,32,sdk,2,False,1.095780628034845,0.125724,87633920,0,True,,,/var/tmp/dd-ci-benchmark-20261004.s81k5i3w/runtime-continuation/rows/testify-direct--race-cover-testing-cpu32-sdk-round2/input.json
testify-direct--race-cover-testing,32,mini-deferred,3,False,1.0808941461145878,0.099757,59211776,0,True,,,/var/tmp/dd-ci-benchmark-20261004.s81k5i3w/runtime-continuation/rows/testify-direct--race-cover-testing-cpu32-mini-deferred-round3/input.json
testify-direct--race-cover-testing,32,native,3,False,1.012772701913491,0.014463,38248448,0,True,,,/var/tmp/dd-ci-benchmark-20261004.s81k5i3w/runtime-continuation/rows/testify-direct--race-cover-testing-cpu32-native-round3/input.json
testify-direct--race-cover-testing,32,orchestrion,3,False,1.0984995728358626,0.126504,87826432,0,True,,,/var/tmp/dd-ci-benchmark-20261004.s81k5i3w/runtime-continuation/rows/testify-direct--race-cover-testing-cpu32-orchestrion-round3/input.json
testify-direct--race-cover-testing,32,sdk,3,False,1.0956006899941713,0.120445,86126592,0,True,,,/var/tmp/dd-ci-benchmark-20261004.s81k5i3w/runtime-continuation/rows/testify-direct--race-cover-testing-cpu32-sdk-round3/input.json
testify-direct--race-cover-testing,32,mini,3,False,1.0808218789752573,0.099575,61890560,0,True,,,/var/tmp/dd-ci-benchmark-20261004.s81k5i3w/runtime-continuation/rows/testify-direct--race-cover-testing-cpu32-mini-round3/input.json
testify-direct--race-cover-testing,32,native,4,False,1.0123192421160638,0.013437,38342656,0,True,,,/var/tmp/dd-ci-benchmark-20261004.s81k5i3w/runtime-continuation/rows/testify-direct--race-cover-testing-cpu32-native-round4/input.json
testify-direct--race-cover-testing,32,orchestrion,4,False,1.0975048739928752,0.127321,90828800,0,True,,,/var/tmp/dd-ci-benchmark-20261004.s81k5i3w/runtime-continuation/rows/testify-direct--race-cover-testing-cpu32-orchestrion-round4/input.json
testify-direct--race-cover-testing,32,sdk,4,False,1.0939712619874626,0.119605,82874368,0,True,,,/var/tmp/dd-ci-benchmark-20261004.s81k5i3w/runtime-continuation/rows/testify-direct--race-cover-testing-cpu32-sdk-round4/input.json
testify-direct--race-cover-testing,32,mini,4,False,1.0782231881748885,0.095976,59461632,0,True,,,/var/tmp/dd-ci-benchmark-20261004.s81k5i3w/runtime-continuation/rows/testify-direct--race-cover-testing-cpu32-mini-round4/input.json
testify-direct--race-cover-testing,32,mini-deferred,4,False,1.081835962133482,0.099462,58994688,0,True,,,/var/tmp/dd-ci-benchmark-20261004.s81k5i3w/runtime-continuation/rows/testify-direct--race-cover-testing-cpu32-mini-deferred-round4/input.json
testify-external--normal,4,native,-1,True,0.0027609148528426886,0.003785,15265792,0,True,,,/var/tmp/dd-ci-benchmark-20261004.s81k5i3w/runtime-continuation/rows/testify-external--normal-cpu4-native-round-1/input.json
testify-external--normal,4,orchestrion,-1,True,0.014118772000074387,0.019444,28520448,0,True,,,/var/tmp/dd-ci-benchmark-20261004.s81k5i3w/runtime-continuation/rows/testify-external--normal-cpu4-orchestrion-round-1/input.json
testify-external--normal,4,sdk,-1,True,0.014025561977177858,0.018285,26038272,0,True,,,/var/tmp/dd-ci-benchmark-20261004.s81k5i3w/runtime-continuation/rows/testify-external--normal-cpu4-sdk-round-1/input.json
testify-external--normal,4,mini,-1,True,0.010543456068262458,0.01238,20156416,0,True,,,/var/tmp/dd-ci-benchmark-20261004.s81k5i3w/runtime-continuation/rows/testify-external--normal-cpu4-mini-round-1/input.json
testify-external--normal,4,mini-deferred,-1,True,0.010470526060089469,0.011591,17829888,0,True,,,/var/tmp/dd-ci-benchmark-20261004.s81k5i3w/runtime-continuation/rows/testify-external--normal-cpu4-mini-deferred-round-1/input.json
testify-external--normal,4,orchestrion,0,False,0.013730530859902501,0.019643,26386432,0,True,,,/var/tmp/dd-ci-benchmark-20261004.s81k5i3w/runtime-continuation/rows/testify-external--normal-cpu4-orchestrion-round0/input.json
testify-external--normal,4,sdk,0,False,0.014306251890957355,0.018628,26066944,0,True,,,/var/tmp/dd-ci-benchmark-20261004.s81k5i3w/runtime-continuation/rows/testify-external--normal-cpu4-sdk-round0/input.json
testify-external--normal,4,mini,0,False,0.009546895045787096,0.010279,18132992,0,True,,,/var/tmp/dd-ci-benchmark-20261004.s81k5i3w/runtime-continuation/rows/testify-external--normal-cpu4-mini-round0/input.json
testify-external--normal,4,mini-deferred,0,False,0.01039452594704926,0.011652,18296832,0,True,,,/var/tmp/dd-ci-benchmark-20261004.s81k5i3w/runtime-continuation/rows/testify-external--normal-cpu4-mini-deferred-round0/input.json
testify-external--normal,4,native,0,False,0.00264969514682889,0.003568,15036416,0,True,,,/var/tmp/dd-ci-benchmark-20261004.s81k5i3w/runtime-continuation/rows/testify-external--normal-cpu4-native-round0/input.json
testify-external--normal,4,sdk,1,False,0.014451842056587338,0.019124,26705920,0,True,,,/var/tmp/dd-ci-benchmark-20261004.s81k5i3w/runtime-continuation/rows/testify-external--normal-cpu4-sdk-round1/input.json
testify-external--normal,4,mini,1,False,0.009906654944643378,0.0108,17862656,0,True,,,/var/tmp/dd-ci-benchmark-20261004.s81k5i3w/runtime-continuation/rows/testify-external--normal-cpu4-mini-round1/input.json
testify-external--normal,4,mini-deferred,1,False,0.009838005062192678,0.010866,18042880,0,True,,,/var/tmp/dd-ci-benchmark-20261004.s81k5i3w/runtime-continuation/rows/testify-external--normal-cpu4-mini-deferred-round1/input.json
testify-external--normal,4,native,1,False,0.0027159240562468767,0.00337,15036416,0,True,,,/var/tmp/dd-ci-benchmark-20261004.s81k5i3w/runtime-continuation/rows/testify-external--normal-cpu4-native-round1/input.json
testify-external--normal,4,orchestrion,1,False,0.01424792199395597,0.019137,28467200,0,True,,,/var/tmp/dd-ci-benchmark-20261004.s81k5i3w/runtime-continuation/rows/testify-external--normal-cpu4-orchestrion-round1/input.json
testify-external--normal,4,mini,2,False,0.009968966012820601,0.010805,17899520,0,True,,,/var/tmp/dd-ci-benchmark-20261004.s81k5i3w/runtime-continuation/rows/testify-external--normal-cpu4-mini-round2/input.json
testify-external--normal,4,mini-deferred,2,False,0.010510596912354231,0.0117,17686528,0,True,,,/var/tmp/dd-ci-benchmark-20261004.s81k5i3w/runtime-continuation/rows/testify-external--normal-cpu4-mini-deferred-round2/input.json
testify-external--normal,4,native,2,False,0.002638914156705141,0.00319,15298560,0,True,,,/var/tmp/dd-ci-benchmark-20261004.s81k5i3w/runtime-continuation/rows/testify-external--normal-cpu4-native-round2/input.json
testify-external--normal,4,orchestrion,2,False,0.014539701864123344,0.019312,28270592,0,True,,,/var/tmp/dd-ci-benchmark-20261004.s81k5i3w/runtime-continuation/rows/testify-external--normal-cpu4-orchestrion-round2/input.json
testify-external--normal,4,sdk,2,False,0.014194822171702981,0.018827,28545024,0,True,,,/var/tmp/dd-ci-benchmark-20261004.s81k5i3w/runtime-continuation/rows/testify-external--normal-cpu4-sdk-round2/input.json
testify-external--normal,4,mini-deferred,3,False,0.009871305897831917,0.011095,18132992,0,True,,,/var/tmp/dd-ci-benchmark-20261004.s81k5i3w/runtime-continuation/rows/testify-external--normal-cpu4-mini-deferred-round3/input.json
testify-external--normal,4,native,3,False,0.0027958438731729984,0.003635,17129472,0,True,,,/var/tmp/dd-ci-benchmark-20261004.s81k5i3w/runtime-continuation/rows/testify-external--normal-cpu4-native-round3/input.json
testify-external--normal,4,orchestrion,3,False,0.01435023290105164,0.020064,30351360,0,True,,,/var/tmp/dd-ci-benchmark-20261004.s81k5i3w/runtime-continuation/rows/testify-external--normal-cpu4-orchestrion-round3/input.json
testify-external--normal,4,sdk,3,False,0.014001572038978338,0.019414,28438528,0,True,,,/var/tmp/dd-ci-benchmark-20261004.s81k5i3w/runtime-continuation/rows/testify-external--normal-cpu4-sdk-round3/input.json
testify-external--normal,4,mini,3,False,0.010299816029146314,0.011104,18137088,0,True,,,/var/tmp/dd-ci-benchmark-20261004.s81k5i3w/runtime-continuation/rows/testify-external--normal-cpu4-mini-round3/input.json
testify-external--normal,4,native,4,False,0.00279215513728559,0.003684,14999552,0,True,,,/var/tmp/dd-ci-benchmark-20261004.s81k5i3w/runtime-continuation/rows/testify-external--normal-cpu4-native-round4/input.json
testify-external--normal,4,orchestrion,4,False,0.014134352095425129,0.019181,28438528,0,True,,,/var/tmp/dd-ci-benchmark-20261004.s81k5i3w/runtime-continuation/rows/testify-external--normal-cpu4-orchestrion-round4/input.json
testify-external--normal,4,sdk,4,False,0.014253401895985007,0.019664,27643904,0,True,,,/var/tmp/dd-ci-benchmark-20261004.s81k5i3w/runtime-continuation/rows/testify-external--normal-cpu4-sdk-round4/input.json
testify-external--normal,4,mini,4,False,0.010222216136753559,0.011556,20467712,0,True,,,/var/tmp/dd-ci-benchmark-20261004.s81k5i3w/runtime-continuation/rows/testify-external--normal-cpu4-mini-round4/input.json
testify-external--normal,4,mini-deferred,4,False,0.010054804850369692,0.010751,18366464,0,True,,,/var/tmp/dd-ci-benchmark-20261004.s81k5i3w/runtime-continuation/rows/testify-external--normal-cpu4-mini-deferred-round4/input.json
testify-external--normal,32,native,-1,True,0.0028477348387241364,0.003822,14913536,0,True,,,/var/tmp/dd-ci-benchmark-20261004.s81k5i3w/runtime-continuation/rows/testify-external--normal-cpu32-native-round-1/input.json
testify-external--normal,32,orchestrion,-1,True,0.01702292589470744,0.028309,35618816,0,True,,,/var/tmp/dd-ci-benchmark-20261004.s81k5i3w/runtime-continuation/rows/testify-external--normal-cpu32-orchestrion-round-1/input.json
testify-external--normal,32,sdk,-1,True,0.015065194107592106,0.022469,32702464,0,True,,,/var/tmp/dd-ci-benchmark-20261004.s81k5i3w/runtime-continuation/rows/testify-external--normal-cpu32-sdk-round-1/input.json
testify-external--normal,32,mini,-1,True,0.011030366877093911,0.012771,21946368,0,True,,,/var/tmp/dd-ci-benchmark-20261004.s81k5i3w/runtime-continuation/rows/testify-external--normal-cpu32-mini-round-1/input.json
testify-external--normal,32,mini-deferred,-1,True,0.01115020690485835,0.012318,18628608,0,True,,,/var/tmp/dd-ci-benchmark-20261004.s81k5i3w/runtime-continuation/rows/testify-external--normal-cpu32-mini-deferred-round-1/input.json
testify-external--normal,32,orchestrion,0,False,0.016443605069071054,0.025005,34705408,0,True,,,/var/tmp/dd-ci-benchmark-20261004.s81k5i3w/runtime-continuation/rows/testify-external--normal-cpu32-orchestrion-round0/input.json
testify-external--normal,32,sdk,0,False,0.01525171403773129,0.024109,30756864,0,True,,,/var/tmp/dd-ci-benchmark-20261004.s81k5i3w/runtime-continuation/rows/testify-external--normal-cpu32-sdk-round0/input.json
testify-external--normal,32,mini,0,False,0.010792196029797196,0.012011,19275776,0,True,,,/var/tmp/dd-ci-benchmark-20261004.s81k5i3w/runtime-continuation/rows/testify-external--normal-cpu32-mini-round0/input.json
testify-external--normal,32,mini-deferred,0,False,0.011294836876913905,0.012314,19677184,0,True,,,/var/tmp/dd-ci-benchmark-20261004.s81k5i3w/runtime-continuation/rows/testify-external--normal-cpu32-mini-deferred-round0/input.json
testify-external--normal,32,native,0,False,0.003122985130175948,0.004025,15183872,0,True,,,/var/tmp/dd-ci-benchmark-20261004.s81k5i3w/runtime-continuation/rows/testify-external--normal-cpu32-native-round0/input.json
testify-external--normal,32,sdk,1,False,0.015564114088192582,0.023414,30523392,0,True,,,/var/tmp/dd-ci-benchmark-20261004.s81k5i3w/runtime-continuation/rows/testify-external--normal-cpu32-sdk-round1/input.json
testify-external--normal,32,mini,1,False,0.011335406918078661,0.012645,19136512,0,True,,,/var/tmp/dd-ci-benchmark-20261004.s81k5i3w/runtime-continuation/rows/testify-external--normal-cpu32-mini-round1/input.json
testify-external--normal,32,mini-deferred,1,False,0.011544117936864495,0.012596,19542016,0,True,,,/var/tmp/dd-ci-benchmark-20261004.s81k5i3w/runtime-continuation/rows/testify-external--normal-cpu32-mini-deferred-round1/input.json
testify-external--normal,32,native,1,False,0.0029397050384432077,0.00371,15441920,0,True,,,/var/tmp/dd-ci-benchmark-20261004.s81k5i3w/runtime-continuation/rows/testify-external--normal-cpu32-native-round1/input.json
testify-external--normal,32,orchestrion,1,False,0.01620306516997516,0.024051,30814208,0,True,,,/var/tmp/dd-ci-benchmark-20261004.s81k5i3w/runtime-continuation/rows/testify-external--normal-cpu32-orchestrion-round1/input.json
testify-external--normal,32,mini,2,False,0.010984957218170166,0.012734,19197952,0,True,,,/var/tmp/dd-ci-benchmark-20261004.s81k5i3w/runtime-continuation/rows/testify-external--normal-cpu32-mini-round2/input.json
testify-external--normal,32,mini-deferred,2,False,0.01158193708397448,0.012783,18989056,0,True,,,/var/tmp/dd-ci-benchmark-20261004.s81k5i3w/runtime-continuation/rows/testify-external--normal-cpu32-mini-deferred-round2/input.json
testify-external--normal,32,native,2,False,0.0029214038513600826,0.003626,14925824,0,True,,,/var/tmp/dd-ci-benchmark-20261004.s81k5i3w/runtime-continuation/rows/testify-external--normal-cpu32-native-round2/input.json
testify-external--normal,32,orchestrion,2,False,0.016213614959269762,0.027202,33890304,0,True,,,/var/tmp/dd-ci-benchmark-20261004.s81k5i3w/runtime-continuation/rows/testify-external--normal-cpu32-orchestrion-round2/input.json
testify-external--normal,32,sdk,2,False,0.015532154124230146,0.022254,30134272,0,True,,,/var/tmp/dd-ci-benchmark-20261004.s81k5i3w/runtime-continuation/rows/testify-external--normal-cpu32-sdk-round2/input.json
testify-external--normal,32,mini-deferred,3,False,0.011705768993124366,0.012796,21704704,0,True,,,/var/tmp/dd-ci-benchmark-20261004.s81k5i3w/runtime-continuation/rows/testify-external--normal-cpu32-mini-deferred-round3/input.json
testify-external--normal,32,native,3,False,0.0029365650843828917,0.004304,15724544,0,True,,,/var/tmp/dd-ci-benchmark-20261004.s81k5i3w/runtime-continuation/rows/testify-external--normal-cpu32-native-round3/input.json
testify-external--normal,32,orchestrion,3,False,0.016514915972948074,0.02572,32890880,0,True,,,/var/tmp/dd-ci-benchmark-20261004.s81k5i3w/runtime-continuation/rows/testify-external--normal-cpu32-orchestrion-round3/input.json
testify-external--normal,32,sdk,3,False,0.015326354186981916,0.021809,32624640,0,True,,,/var/tmp/dd-ci-benchmark-20261004.s81k5i3w/runtime-continuation/rows/testify-external--normal-cpu32-sdk-round3/input.json
testify-external--normal,32,mini,3,False,0.011040386976674199,0.012937,19853312,0,True,,,/var/tmp/dd-ci-benchmark-20261004.s81k5i3w/runtime-continuation/rows/testify-external--normal-cpu32-mini-round3/input.json
testify-external--normal,32,native,4,False,0.0030289851129055023,0.00432,15187968,0,True,,,/var/tmp/dd-ci-benchmark-20261004.s81k5i3w/runtime-continuation/rows/testify-external--normal-cpu32-native-round4/input.json
testify-external--normal,32,orchestrion,4,False,0.016616136068478227,0.027137,37310464,0,True,,,/var/tmp/dd-ci-benchmark-20261004.s81k5i3w/runtime-continuation/rows/testify-external--normal-cpu32-orchestrion-round4/input.json
testify-external--normal,32,sdk,4,False,0.0163708059117198,0.024022,32948224,0,True,,,/var/tmp/dd-ci-benchmark-20261004.s81k5i3w/runtime-continuation/rows/testify-external--normal-cpu32-sdk-round4/input.json
testify-external--normal,32,mini,4,False,0.011341896839439869,0.012402,19091456,0,True,,,/var/tmp/dd-ci-benchmark-20261004.s81k5i3w/runtime-continuation/rows/testify-external--normal-cpu32-mini-round4/input.json
testify-external--normal,32,mini-deferred,4,False,0.011870278045535088,0.012943,20594688,0,True,,,/var/tmp/dd-ci-benchmark-20261004.s81k5i3w/runtime-continuation/rows/testify-external--normal-cpu32-mini-deferred-round4/input.json
testify-external--race,4,native,-1,True,1.0080528880935162,0.008829,35631104,0,True,,,/var/tmp/dd-ci-benchmark-20261004.s81k5i3w/runtime-continuation/rows/testify-external--race-cpu4-native-round-1/input.json
testify-external--race,4,orchestrion,-1,True,1.0423801210708916,0.052391,70717440,0,True,,,/var/tmp/dd-ci-benchmark-20261004.s81k5i3w/runtime-continuation/rows/testify-external--race-cpu4-orchestrion-round-1/input.json
testify-external--race,4,sdk,-1,True,1.0435913149267435,0.056703,73240576,0,True,,,/var/tmp/dd-ci-benchmark-20261004.s81k5i3w/runtime-continuation/rows/testify-external--race-cpu4-sdk-round-1/input.json
testify-external--race,4,mini,-1,True,1.0222132909111679,0.023955,41340928,0,True,,,/var/tmp/dd-ci-benchmark-20261004.s81k5i3w/runtime-continuation/rows/testify-external--race-cpu4-mini-round-1/input.json
testify-external--race,4,mini-deferred,-1,True,1.0236610248684883,0.025951,44576768,0,True,,,/var/tmp/dd-ci-benchmark-20261004.s81k5i3w/runtime-continuation/rows/testify-external--race-cpu4-mini-deferred-round-1/input.json
testify-external--race,4,orchestrion,0,False,1.0424986341968179,0.055906,72179712,0,True,,,/var/tmp/dd-ci-benchmark-20261004.s81k5i3w/runtime-continuation/rows/testify-external--race-cpu4-orchestrion-round0/input.json
testify-external--race,4,sdk,0,False,1.0429710950702429,0.056529,75710464,0,True,,,/var/tmp/dd-ci-benchmark-20261004.s81k5i3w/runtime-continuation/rows/testify-external--race-cpu4-sdk-round0/input.json
testify-external--race,4,mini,0,False,1.0220560629386455,0.02354,43208704,0,True,,,/var/tmp/dd-ci-benchmark-20261004.s81k5i3w/runtime-continuation/rows/testify-external--race-cpu4-mini-round0/input.json
testify-external--race,4,mini-deferred,0,False,1.0230497748125345,0.024326,43196416,0,True,,,/var/tmp/dd-ci-benchmark-20261004.s81k5i3w/runtime-continuation/rows/testify-external--race-cpu4-mini-deferred-round0/input.json
testify-external--race,4,native,0,False,1.0083522421773523,0.009517,35471360,0,True,,,/var/tmp/dd-ci-benchmark-20261004.s81k5i3w/runtime-continuation/rows/testify-external--race-cpu4-native-round0/input.json
testify-external--race,4,sdk,1,False,1.0428046260494739,0.056515,72769536,0,True,,,/var/tmp/dd-ci-benchmark-20261004.s81k5i3w/runtime-continuation/rows/testify-external--race-cpu4-sdk-round1/input.json
testify-external--race,4,mini,1,False,1.0220524030737579,0.023571,43167744,0,True,,,/var/tmp/dd-ci-benchmark-20261004.s81k5i3w/runtime-continuation/rows/testify-external--race-cpu4-mini-round1/input.json
testify-external--race,4,mini-deferred,1,False,1.0235713571310043,0.02473,43462656,0,True,,,/var/tmp/dd-ci-benchmark-20261004.s81k5i3w/runtime-continuation/rows/testify-external--race-cpu4-mini-deferred-round1/input.json
testify-external--race,4,native,1,False,1.008555213920772,0.009679,35471360,0,True,,,/var/tmp/dd-ci-benchmark-20261004.s81k5i3w/runtime-continuation/rows/testify-external--race-cpu4-native-round1/input.json
testify-external--race,4,orchestrion,1,False,1.041847885819152,0.052793,71192576,0,True,,,/var/tmp/dd-ci-benchmark-20261004.s81k5i3w/runtime-continuation/rows/testify-external--race-cpu4-orchestrion-round1/input.json
testify-external--race,4,mini,2,False,1.022331355838105,0.024345,43425792,0,True,,,/var/tmp/dd-ci-benchmark-20261004.s81k5i3w/runtime-continuation/rows/testify-external--race-cpu4-mini-round2/input.json
testify-external--race,4,mini-deferred,2,False,1.023642408195883,0.024812,44265472,0,True,,,/var/tmp/dd-ci-benchmark-20261004.s81k5i3w/runtime-continuation/rows/testify-external--race-cpu4-mini-deferred-round2/input.json
testify-external--race,4,native,2,False,1.0083544650115073,0.009869,38010880,0,True,,,/var/tmp/dd-ci-benchmark-20261004.s81k5i3w/runtime-continuation/rows/testify-external--race-cpu4-native-round2/input.json
testify-external--race,4,orchestrion,2,False,1.0421943489927799,0.052529,70287360,0,True,,,/var/tmp/dd-ci-benchmark-20261004.s81k5i3w/runtime-continuation/rows/testify-external--race-cpu4-orchestrion-round2/input.json
testify-external--race,4,sdk,2,False,1.0426236791536212,0.05525,72609792,0,True,,,/var/tmp/dd-ci-benchmark-20261004.s81k5i3w/runtime-continuation/rows/testify-external--race-cpu4-sdk-round2/input.json
testify-external--race,4,mini-deferred,3,False,1.0226219280157238,0.02361,43728896,0,True,,,/var/tmp/dd-ci-benchmark-20261004.s81k5i3w/runtime-continuation/rows/testify-external--race-cpu4-mini-deferred-round3/input.json
testify-external--race,4,native,3,False,1.0083513960707933,0.009259,35196928,0,True,,,/var/tmp/dd-ci-benchmark-20261004.s81k5i3w/runtime-continuation/rows/testify-external--race-cpu4-native-round3/input.json
testify-external--race,4,orchestrion,3,False,1.0419910899363458,0.055901,72495104,0,True,,,/var/tmp/dd-ci-benchmark-20261004.s81k5i3w/runtime-continuation/rows/testify-external--race-cpu4-orchestrion-round3/input.json
testify-external--race,4,sdk,3,False,1.0422214001882821,0.055495,72839168,0,True,,,/var/tmp/dd-ci-benchmark-20261004.s81k5i3w/runtime-continuation/rows/testify-external--race-cpu4-sdk-round3/input.json
testify-external--race,4,mini,3,False,1.0217157190199941,0.023667,43204608,0,True,,,/var/tmp/dd-ci-benchmark-20261004.s81k5i3w/runtime-continuation/rows/testify-external--race-cpu4-mini-round3/input.json
testify-external--race,4,native,4,False,1.008250747108832,0.00922,38088704,0,True,,,/var/tmp/dd-ci-benchmark-20261004.s81k5i3w/runtime-continuation/rows/testify-external--race-cpu4-native-round4/input.json
testify-external--race,4,orchestrion,4,False,1.041744649875909,0.055411,72503296,0,True,,,/var/tmp/dd-ci-benchmark-20261004.s81k5i3w/runtime-continuation/rows/testify-external--race-cpu4-orchestrion-round4/input.json
testify-external--race,4,sdk,4,False,1.0428024420980364,0.05565,74870784,0,True,,,/var/tmp/dd-ci-benchmark-20261004.s81k5i3w/runtime-continuation/rows/testify-external--race-cpu4-sdk-round4/input.json
testify-external--race,4,mini,4,False,1.0221214599441737,0.023975,43102208,0,True,,,/var/tmp/dd-ci-benchmark-20261004.s81k5i3w/runtime-continuation/rows/testify-external--race-cpu4-mini-round4/input.json
testify-external--race,4,mini-deferred,4,False,1.0227282019332051,0.024267,41111552,0,True,,,/var/tmp/dd-ci-benchmark-20261004.s81k5i3w/runtime-continuation/rows/testify-external--race-cpu4-mini-deferred-round4/input.json
testify-external--race,32,native,-1,True,1.0093652510549873,0.010606,39043072,0,True,,,/var/tmp/dd-ci-benchmark-20261004.s81k5i3w/runtime-continuation/rows/testify-external--race-cpu32-native-round-1/input.json
testify-external--race,32,orchestrion,-1,True,1.0451242269482464,0.067441,79458304,0,True,,,/var/tmp/dd-ci-benchmark-20261004.s81k5i3w/runtime-continuation/rows/testify-external--race-cpu32-orchestrion-round-1/input.json
testify-external--race,32,sdk,-1,True,1.046429640147835,0.065914,79540224,0,True,,,/var/tmp/dd-ci-benchmark-20261004.s81k5i3w/runtime-continuation/rows/testify-external--race-cpu32-sdk-round-1/input.json
testify-external--race,32,mini,-1,True,1.0235574848484248,0.026148,45670400,0,True,,,/var/tmp/dd-ci-benchmark-20261004.s81k5i3w/runtime-continuation/rows/testify-external--race-cpu32-mini-round-1/input.json
testify-external--race,32,mini-deferred,-1,True,1.0242491350509226,0.025796,45477888,0,True,,,/var/tmp/dd-ci-benchmark-20261004.s81k5i3w/runtime-continuation/rows/testify-external--race-cpu32-mini-deferred-round-1/input.json
testify-external--race,32,orchestrion,0,False,1.0468989911023527,0.06617,80199680,0,True,,,/var/tmp/dd-ci-benchmark-20261004.s81k5i3w/runtime-continuation/rows/testify-external--race-cpu32-orchestrion-round0/input.json
testify-external--race,32,sdk,0,False,1.0467791620176286,0.068357,80916480,0,True,,,/var/tmp/dd-ci-benchmark-20261004.s81k5i3w/runtime-continuation/rows/testify-external--race-cpu32-sdk-round0/input.json
testify-external--race,32,mini,0,False,1.0239146559033543,0.025839,45842432,0,True,,,/var/tmp/dd-ci-benchmark-20261004.s81k5i3w/runtime-continuation/rows/testify-external--race-cpu32-mini-round0/input.json
testify-external--race,32,mini-deferred,0,False,1.0258675678633153,0.027913,45309952,0,True,,,/var/tmp/dd-ci-benchmark-20261004.s81k5i3w/runtime-continuation/rows/testify-external--race-cpu32-mini-deferred-round0/input.json
testify-external--race,32,native,0,False,1.0094890038017184,0.010911,38768640,0,True,,,/var/tmp/dd-ci-benchmark-20261004.s81k5i3w/runtime-continuation/rows/testify-external--race-cpu32-native-round0/input.json
testify-external--race,32,sdk,1,False,1.0469565920066088,0.066655,78467072,0,True,,,/var/tmp/dd-ci-benchmark-20261004.s81k5i3w/runtime-continuation/rows/testify-external--race-cpu32-sdk-round1/input.json
testify-external--race,32,mini,1,False,1.024167746072635,0.025689,44773376,0,True,,,/var/tmp/dd-ci-benchmark-20261004.s81k5i3w/runtime-continuation/rows/testify-external--race-cpu32-mini-round1/input.json
testify-external--race,32,mini-deferred,1,False,1.0238070769701153,0.025894,44425216,0,True,,,/var/tmp/dd-ci-benchmark-20261004.s81k5i3w/runtime-continuation/rows/testify-external--race-cpu32-mini-deferred-round1/input.json
testify-external--race,32,native,1,False,1.0090784940402955,0.010511,36667392,0,True,,,/var/tmp/dd-ci-benchmark-20261004.s81k5i3w/runtime-continuation/rows/testify-external--race-cpu32-native-round1/input.json
testify-external--race,32,orchestrion,1,False,1.046241883886978,0.06562,79081472,0,True,,,/var/tmp/dd-ci-benchmark-20261004.s81k5i3w/runtime-continuation/rows/testify-external--race-cpu32-orchestrion-round1/input.json
testify-external--race,32,mini,2,False,1.0239578480832279,0.025511,46211072,0,True,,,/var/tmp/dd-ci-benchmark-20261004.s81k5i3w/runtime-continuation/rows/testify-external--race-cpu32-mini-round2/input.json
testify-external--race,32,mini-deferred,2,False,1.0246067899279296,0.026015,45461504,0,True,,,/var/tmp/dd-ci-benchmark-20261004.s81k5i3w/runtime-continuation/rows/testify-external--race-cpu32-mini-deferred-round2/input.json
testify-external--race,32,native,2,False,1.0091582559980452,0.009989,39038976,0,True,,,/var/tmp/dd-ci-benchmark-20261004.s81k5i3w/runtime-continuation/rows/testify-external--race-cpu32-native-round2/input.json
testify-external--race,32,orchestrion,2,False,1.046144925057888,0.059812,77156352,0,True,,,/var/tmp/dd-ci-benchmark-20261004.s81k5i3w/runtime-continuation/rows/testify-external--race-cpu32-orchestrion-round2/input.json
testify-external--race,32,sdk,2,False,1.0449254920240492,0.063928,79486976,0,True,,,/var/tmp/dd-ci-benchmark-20261004.s81k5i3w/runtime-continuation/rows/testify-external--race-cpu32-sdk-round2/input.json
testify-external--race,32,mini-deferred,3,False,1.0252309220377356,0.026569,45555712,0,True,,,/var/tmp/dd-ci-benchmark-20261004.s81k5i3w/runtime-continuation/rows/testify-external--race-cpu32-mini-deferred-round3/input.json
testify-external--race,32,native,3,False,1.0089490658137947,0.009726,39030784,0,True,,,/var/tmp/dd-ci-benchmark-20261004.s81k5i3w/runtime-continuation/rows/testify-external--race-cpu32-native-round3/input.json
testify-external--race,32,orchestrion,3,False,1.0464257758576423,0.06485,78974976,0,True,,,/var/tmp/dd-ci-benchmark-20261004.s81k5i3w/runtime-continuation/rows/testify-external--race-cpu32-orchestrion-round3/input.json
testify-external--race,32,sdk,3,False,1.0463557860348374,0.067052,79253504,0,True,,,/var/tmp/dd-ci-benchmark-20261004.s81k5i3w/runtime-continuation/rows/testify-external--race-cpu32-sdk-round3/input.json
testify-external--race,32,mini,3,False,1.0238999309949577,0.025787,45711360,0,True,,,/var/tmp/dd-ci-benchmark-20261004.s81k5i3w/runtime-continuation/rows/testify-external--race-cpu32-mini-round3/input.json
testify-external--race,32,native,4,False,1.0090092071332037,0.010453,36663296,0,True,,,/var/tmp/dd-ci-benchmark-20261004.s81k5i3w/runtime-continuation/rows/testify-external--race-cpu32-native-round4/input.json
testify-external--race,32,orchestrion,4,False,1.0459238961338997,0.064259,78532608,0,True,,,/var/tmp/dd-ci-benchmark-20261004.s81k5i3w/runtime-continuation/rows/testify-external--race-cpu32-orchestrion-round4/input.json
testify-external--race,32,sdk,4,False,1.046636746963486,0.059481,75644928,0,True,,,/var/tmp/dd-ci-benchmark-20261004.s81k5i3w/runtime-continuation/rows/testify-external--race-cpu32-sdk-round4/input.json
testify-external--race,32,mini,4,False,1.0233713309280574,0.02559,45891584,0,True,,,/var/tmp/dd-ci-benchmark-20261004.s81k5i3w/runtime-continuation/rows/testify-external--race-cpu32-mini-round4/input.json
testify-external--race,32,mini-deferred,4,False,1.026173786027357,0.031243,51482624,0,True,,,/var/tmp/dd-ci-benchmark-20261004.s81k5i3w/runtime-continuation/rows/testify-external--race-cpu32-mini-deferred-round4/input.json
testify-external--cover,4,native,-1,True,0.002939614001661539,0.004219,15257600,0,True,,,/var/tmp/dd-ci-benchmark-20261004.s81k5i3w/runtime-continuation/rows/testify-external--cover-cpu4-native-round-1/input.json
testify-external--cover,4,orchestrion,-1,True,0.02319274703040719,0.027331,27181056,0,True,,coverage requested but no coverage events were delivered: testify-external--cover-cpu4-orchestrion-round-1,/var/tmp/dd-ci-benchmark-20261004.s81k5i3w/runtime-continuation/rows/testify-external--cover-cpu4-orchestrion-round-1/input.json
testify-external--cover,4,sdk,-1,True,0.022378986002877355,0.02689,29577216,0,True,,coverage requested but no coverage events were delivered: testify-external--cover-cpu4-sdk-round-1,/var/tmp/dd-ci-benchmark-20261004.s81k5i3w/runtime-continuation/rows/testify-external--cover-cpu4-sdk-round-1/input.json
testify-external--cover,4,mini,-1,True,0.019804590847343206,0.020014,22937600,0,True,,coverage requested but no coverage events were delivered: testify-external--cover-cpu4-mini-round-1,/var/tmp/dd-ci-benchmark-20261004.s81k5i3w/runtime-continuation/rows/testify-external--cover-cpu4-mini-round-1/input.json
testify-external--cover,4,mini-deferred,-1,True,0.01958953100256622,0.0212,23203840,0,True,,coverage requested but no coverage events were delivered: testify-external--cover-cpu4-mini-deferred-round-1,/var/tmp/dd-ci-benchmark-20261004.s81k5i3w/runtime-continuation/rows/testify-external--cover-cpu4-mini-deferred-round-1/input.json
testify-external--cover,4,orchestrion,0,False,0.023010105825960636,0.026656,30846976,0,True,,coverage requested but no coverage events were delivered: testify-external--cover-cpu4-orchestrion-round0,/var/tmp/dd-ci-benchmark-20261004.s81k5i3w/runtime-continuation/rows/testify-external--cover-cpu4-orchestrion-round0/input.json
testify-external--cover,4,sdk,0,False,0.023592687211930752,0.027951,31117312,0,True,,coverage requested but no coverage events were delivered: testify-external--cover-cpu4-sdk-round0,/var/tmp/dd-ci-benchmark-20261004.s81k5i3w/runtime-continuation/rows/testify-external--cover-cpu4-sdk-round0/input.json
testify-external--cover,4,mini,0,False,0.018943679984658957,0.020294,23281664,0,True,,coverage requested but no coverage events were delivered: testify-external--cover-cpu4-mini-round0,/var/tmp/dd-ci-benchmark-20261004.s81k5i3w/runtime-continuation/rows/testify-external--cover-cpu4-mini-round0/input.json
testify-external--cover,4,mini-deferred,0,False,0.019148050108924508,0.020089,23502848,0,True,,coverage requested but no coverage events were delivered: testify-external--cover-cpu4-mini-deferred-round0,/var/tmp/dd-ci-benchmark-20261004.s81k5i3w/runtime-continuation/rows/testify-external--cover-cpu4-mini-deferred-round0/input.json
testify-external--cover,4,native,0,False,0.00287964497692883,0.003944,15294464,0,True,,,/var/tmp/dd-ci-benchmark-20261004.s81k5i3w/runtime-continuation/rows/testify-external--cover-cpu4-native-round0/input.json
testify-external--cover,4,sdk,1,False,0.023163806879892945,0.026834,29323264,0,True,,coverage requested but no coverage events were delivered: testify-external--cover-cpu4-sdk-round1,/var/tmp/dd-ci-benchmark-20261004.s81k5i3w/runtime-continuation/rows/testify-external--cover-cpu4-sdk-round1/input.json
testify-external--cover,4,mini,1,False,0.018741480074822903,0.020151,25354240,0,True,,coverage requested but no coverage events were delivered: testify-external--cover-cpu4-mini-round1,/var/tmp/dd-ci-benchmark-20261004.s81k5i3w/runtime-continuation/rows/testify-external--cover-cpu4-mini-round1/input.json
testify-external--cover,4,mini-deferred,1,False,0.019181079929694533,0.020548,21204992,0,True,,coverage requested but no coverage events were delivered: testify-external--cover-cpu4-mini-deferred-round1,/var/tmp/dd-ci-benchmark-20261004.s81k5i3w/runtime-continuation/rows/testify-external--cover-cpu4-mini-deferred-round1/input.json
testify-external--cover,4,native,1,False,0.003032974898815155,0.004026,14925824,0,True,,,/var/tmp/dd-ci-benchmark-20261004.s81k5i3w/runtime-continuation/rows/testify-external--cover-cpu4-native-round1/input.json
testify-external--cover,4,orchestrion,1,False,0.02312793699093163,0.027699,29220864,0,True,,coverage requested but no coverage events were delivered: testify-external--cover-cpu4-orchestrion-round1,/var/tmp/dd-ci-benchmark-20261004.s81k5i3w/runtime-continuation/rows/testify-external--cover-cpu4-orchestrion-round1/input.json
testify-external--cover,4,mini,2,False,0.019892821088433266,0.020988,25395200,0,True,,coverage requested but no coverage events were delivered: testify-external--cover-cpu4-mini-round2,/var/tmp/dd-ci-benchmark-20261004.s81k5i3w/runtime-continuation/rows/testify-external--cover-cpu4-mini-round2/input.json
testify-external--cover,4,mini-deferred,2,False,0.019208281068131328,0.021013,25219072,0,True,,coverage requested but no coverage events were delivered: testify-external--cover-cpu4-mini-deferred-round2,/var/tmp/dd-ci-benchmark-20261004.s81k5i3w/runtime-continuation/rows/testify-external--cover-cpu4-mini-deferred-round2/input.json
testify-external--cover,4,native,2,False,0.002873344114050269,0.003744,14671872,0,True,,,/var/tmp/dd-ci-benchmark-20261004.s81k5i3w/runtime-continuation/rows/testify-external--cover-cpu4-native-round2/input.json
testify-external--cover,4,orchestrion,2,False,0.022500045131891966,0.026454,29003776,0,True,,coverage requested but no coverage events were delivered: testify-external--cover-cpu4-orchestrion-round2,/var/tmp/dd-ci-benchmark-20261004.s81k5i3w/runtime-continuation/rows/testify-external--cover-cpu4-orchestrion-round2/input.json
testify-external--cover,4,sdk,2,False,0.022215664852410555,0.026268,27127808,0,True,,coverage requested but no coverage events were delivered: testify-external--cover-cpu4-sdk-round2,/var/tmp/dd-ci-benchmark-20261004.s81k5i3w/runtime-continuation/rows/testify-external--cover-cpu4-sdk-round2/input.json
testify-external--cover,4,mini-deferred,3,False,0.01941919093951583,0.020826,23314432,0,True,,coverage requested but no coverage events were delivered: testify-external--cover-cpu4-mini-deferred-round3,/var/tmp/dd-ci-benchmark-20261004.s81k5i3w/runtime-continuation/rows/testify-external--cover-cpu4-mini-deferred-round3/input.json
testify-external--cover,4,native,3,False,0.003041494870558381,0.004108,17293312,0,True,,,/var/tmp/dd-ci-benchmark-20261004.s81k5i3w/runtime-continuation/rows/testify-external--cover-cpu4-native-round3/input.json
testify-external--cover,4,orchestrion,3,False,0.02378856693394482,0.027232,33230848,0,True,,coverage requested but no coverage events were delivered: testify-external--cover-cpu4-orchestrion-round3,/var/tmp/dd-ci-benchmark-20261004.s81k5i3w/runtime-continuation/rows/testify-external--cover-cpu4-orchestrion-round3/input.json
testify-external--cover,4,sdk,3,False,0.02356164692901075,0.02747,31408128,0,True,,coverage requested but no coverage events were delivered: testify-external--cover-cpu4-sdk-round3,/var/tmp/dd-ci-benchmark-20261004.s81k5i3w/runtime-continuation/rows/testify-external--cover-cpu4-sdk-round3/input.json
testify-external--cover,4,mini,3,False,0.018987959949299693,0.02073,20942848,0,True,,coverage requested but no coverage events were delivered: testify-external--cover-cpu4-mini-round3,/var/tmp/dd-ci-benchmark-20261004.s81k5i3w/runtime-continuation/rows/testify-external--cover-cpu4-mini-round3/input.json
testify-external--cover,4,native,4,False,0.0028567949775606394,0.003864,14671872,0,True,,,/var/tmp/dd-ci-benchmark-20261004.s81k5i3w/runtime-continuation/rows/testify-external--cover-cpu4-native-round4/input.json
testify-external--cover,4,orchestrion,4,False,0.022903776029124856,0.027322,31154176,0,True,,coverage requested but no coverage events were delivered: testify-external--cover-cpu4-orchestrion-round4,/var/tmp/dd-ci-benchmark-20261004.s81k5i3w/runtime-continuation/rows/testify-external--cover-cpu4-orchestrion-round4/input.json
testify-external--cover,4,sdk,4,False,0.023589867865666747,0.028148,31424512,0,True,,coverage requested but no coverage events were delivered: testify-external--cover-cpu4-sdk-round4,/var/tmp/dd-ci-benchmark-20261004.s81k5i3w/runtime-continuation/rows/testify-external--cover-cpu4-sdk-round4/input.json
testify-external--cover,4,mini,4,False,0.018956350162625313,0.020004,21209088,0,True,,coverage requested but no coverage events were delivered: testify-external--cover-cpu4-mini-round4,/var/tmp/dd-ci-benchmark-20261004.s81k5i3w/runtime-continuation/rows/testify-external--cover-cpu4-mini-round4/input.json
testify-external--cover,4,mini-deferred,4,False,0.019581781001761556,0.020609,25030656,0,True,,coverage requested but no coverage events were delivered: testify-external--cover-cpu4-mini-deferred-round4,/var/tmp/dd-ci-benchmark-20261004.s81k5i3w/runtime-continuation/rows/testify-external--cover-cpu4-mini-deferred-round4/input.json
testify-external--cover,32,native,-1,True,0.0033800150267779827,0.00458,15433728,0,True,,,/var/tmp/dd-ci-benchmark-20261004.s81k5i3w/runtime-continuation/rows/testify-external--cover-cpu32-native-round-1/input.json
testify-external--cover,32,orchestrion,-1,True,0.02529387013055384,0.033069,33988608,0,True,,coverage requested but no coverage events were delivered: testify-external--cover-cpu32-orchestrion-round-1,/var/tmp/dd-ci-benchmark-20261004.s81k5i3w/runtime-continuation/rows/testify-external--cover-cpu32-orchestrion-round-1/input.json
testify-external--cover,32,sdk,-1,True,0.02466048882342875,0.031602,33980416,0,True,,coverage requested but no coverage events were delivered: testify-external--cover-cpu32-sdk-round-1,/var/tmp/dd-ci-benchmark-20261004.s81k5i3w/runtime-continuation/rows/testify-external--cover-cpu32-sdk-round-1/input.json
testify-external--cover,32,mini,-1,True,0.01992409094236791,0.022668,27721728,0,True,,coverage requested but no coverage events were delivered: testify-external--cover-cpu32-mini-round-1,/var/tmp/dd-ci-benchmark-20261004.s81k5i3w/runtime-continuation/rows/testify-external--cover-cpu32-mini-round-1/input.json
testify-external--cover,32,mini-deferred,-1,True,0.020745893009006977,0.022758,27418624,0,True,,coverage requested but no coverage events were delivered: testify-external--cover-cpu32-mini-deferred-round-1,/var/tmp/dd-ci-benchmark-20261004.s81k5i3w/runtime-continuation/rows/testify-external--cover-cpu32-mini-deferred-round-1/input.json
testify-external--cover,32,orchestrion,0,False,0.02591152093373239,0.032581,36114432,0,True,,coverage requested but no coverage events were delivered: testify-external--cover-cpu32-orchestrion-round0,/var/tmp/dd-ci-benchmark-20261004.s81k5i3w/runtime-continuation/rows/testify-external--cover-cpu32-orchestrion-round0/input.json
testify-external--cover,32,sdk,0,False,0.024676549015566707,0.031887,34177024,0,True,,coverage requested but no coverage events were delivered: testify-external--cover-cpu32-sdk-round0,/var/tmp/dd-ci-benchmark-20261004.s81k5i3w/runtime-continuation/rows/testify-external--cover-cpu32-sdk-round0/input.json
testify-external--cover,32,mini,0,False,0.0210127430036664,0.022934,27037696,0,True,,coverage requested but no coverage events were delivered: testify-external--cover-cpu32-mini-round0,/var/tmp/dd-ci-benchmark-20261004.s81k5i3w/runtime-continuation/rows/testify-external--cover-cpu32-mini-round0/input.json
testify-external--cover,32,mini-deferred,0,False,0.02128019300289452,0.022855,26902528,0,True,,coverage requested but no coverage events were delivered: testify-external--cover-cpu32-mini-deferred-round0,/var/tmp/dd-ci-benchmark-20261004.s81k5i3w/runtime-continuation/rows/testify-external--cover-cpu32-mini-deferred-round0/input.json
testify-external--cover,32,native,0,False,0.00302178505808115,0.003863,16269312,0,True,,,/var/tmp/dd-ci-benchmark-20261004.s81k5i3w/runtime-continuation/rows/testify-external--cover-cpu32-native-round0/input.json
testify-external--cover,32,sdk,1,False,0.025173010071739554,0.034346,38699008,0,True,,coverage requested but no coverage events were delivered: testify-external--cover-cpu32-sdk-round1,/var/tmp/dd-ci-benchmark-20261004.s81k5i3w/runtime-continuation/rows/testify-external--cover-cpu32-sdk-round1/input.json
testify-external--cover,32,mini,1,False,0.020540002966299653,0.022815,26456064,0,True,,coverage requested but no coverage events were delivered: testify-external--cover-cpu32-mini-round1,/var/tmp/dd-ci-benchmark-20261004.s81k5i3w/runtime-continuation/rows/testify-external--cover-cpu32-mini-round1/input.json
testify-external--cover,32,mini-deferred,1,False,0.021321484120562673,0.022833,26804224,0,True,,coverage requested but no coverage events were delivered: testify-external--cover-cpu32-mini-deferred-round1,/var/tmp/dd-ci-benchmark-20261004.s81k5i3w/runtime-continuation/rows/testify-external--cover-cpu32-mini-deferred-round1/input.json
testify-external--cover,32,native,1,False,0.003031264990568161,0.004108,15175680,0,True,,,/var/tmp/dd-ci-benchmark-20261004.s81k5i3w/runtime-continuation/rows/testify-external--cover-cpu32-native-round1/input.json
testify-external--cover,32,orchestrion,1,False,0.02529669995419681,0.03203,35024896,0,True,,coverage requested but no coverage events were delivered: testify-external--cover-cpu32-orchestrion-round1,/var/tmp/dd-ci-benchmark-20261004.s81k5i3w/runtime-continuation/rows/testify-external--cover-cpu32-orchestrion-round1/input.json
testify-external--cover,32,mini,2,False,0.020979122957214713,0.02271,27467776,0,True,,coverage requested but no coverage events were delivered: testify-external--cover-cpu32-mini-round2,/var/tmp/dd-ci-benchmark-20261004.s81k5i3w/runtime-continuation/rows/testify-external--cover-cpu32-mini-round2/input.json
testify-external--cover,32,mini-deferred,2,False,0.02012829203158617,0.021795,26148864,0,True,,coverage requested but no coverage events were delivered: testify-external--cover-cpu32-mini-deferred-round2,/var/tmp/dd-ci-benchmark-20261004.s81k5i3w/runtime-continuation/rows/testify-external--cover-cpu32-mini-deferred-round2/input.json
testify-external--cover,32,native,2,False,0.0031455049756914377,0.00407,15454208,0,True,,,/var/tmp/dd-ci-benchmark-20261004.s81k5i3w/runtime-continuation/rows/testify-external--cover-cpu32-native-round2/input.json
testify-external--cover,32,orchestrion,2,False,0.025142868980765343,0.032932,36737024,0,True,,coverage requested but no coverage events were delivered: testify-external--cover-cpu32-orchestrion-round2,/var/tmp/dd-ci-benchmark-20261004.s81k5i3w/runtime-continuation/rows/testify-external--cover-cpu32-orchestrion-round2/input.json
testify-external--cover,32,sdk,2,False,0.026050161803141236,0.033095,33861632,0,True,,coverage requested but no coverage events were delivered: testify-external--cover-cpu32-sdk-round2,/var/tmp/dd-ci-benchmark-20261004.s81k5i3w/runtime-continuation/rows/testify-external--cover-cpu32-sdk-round2/input.json
testify-external--cover,32,mini-deferred,3,False,0.020099251996725798,0.021744,22044672,0,True,,coverage requested but no coverage events were delivered: testify-external--cover-cpu32-mini-deferred-round3,/var/tmp/dd-ci-benchmark-20261004.s81k5i3w/runtime-continuation/rows/testify-external--cover-cpu32-mini-deferred-round3/input.json
testify-external--cover,32,native,3,False,0.0029617350082844496,0.004082,15753216,0,True,,,/var/tmp/dd-ci-benchmark-20261004.s81k5i3w/runtime-continuation/rows/testify-external--cover-cpu32-native-round3/input.json
testify-external--cover,32,orchestrion,3,False,0.025954200886189938,0.036099,36073472,0,True,,coverage requested but no coverage events were delivered: testify-external--cover-cpu32-orchestrion-round3,/var/tmp/dd-ci-benchmark-20261004.s81k5i3w/runtime-continuation/rows/testify-external--cover-cpu32-orchestrion-round3/input.json
testify-external--cover,32,sdk,3,False,0.02456236886791885,0.032191,33460224,0,True,,coverage requested but no coverage events were delivered: testify-external--cover-cpu32-sdk-round3,/var/tmp/dd-ci-benchmark-20261004.s81k5i3w/runtime-continuation/rows/testify-external--cover-cpu32-sdk-round3/input.json
testify-external--cover,32,mini,3,False,0.02003512205556035,0.022552,25952256,0,True,,coverage requested but no coverage events were delivered: testify-external--cover-cpu32-mini-round3,/var/tmp/dd-ci-benchmark-20261004.s81k5i3w/runtime-continuation/rows/testify-external--cover-cpu32-mini-round3/input.json
testify-external--cover,32,native,4,False,0.003418145002797246,0.005046,15970304,0,True,,,/var/tmp/dd-ci-benchmark-20261004.s81k5i3w/runtime-continuation/rows/testify-external--cover-cpu32-native-round4/input.json
testify-external--cover,32,orchestrion,4,False,0.025533030973747373,0.034841,35282944,0,True,,coverage requested but no coverage events were delivered: testify-external--cover-cpu32-orchestrion-round4,/var/tmp/dd-ci-benchmark-20261004.s81k5i3w/runtime-continuation/rows/testify-external--cover-cpu32-orchestrion-round4/input.json
testify-external--cover,32,sdk,4,False,0.02569581987336278,0.032541,33075200,0,True,,coverage requested but no coverage events were delivered: testify-external--cover-cpu32-sdk-round4,/var/tmp/dd-ci-benchmark-20261004.s81k5i3w/runtime-continuation/rows/testify-external--cover-cpu32-sdk-round4/input.json
testify-external--cover,32,mini,4,False,0.020205341977998614,0.022795,23846912,0,True,,coverage requested but no coverage events were delivered: testify-external--cover-cpu32-mini-round4,/var/tmp/dd-ci-benchmark-20261004.s81k5i3w/runtime-continuation/rows/testify-external--cover-cpu32-mini-round4/input.json
testify-external--cover,32,mini-deferred,4,False,0.021436644019559026,0.023557,26267648,0,True,,coverage requested but no coverage events were delivered: testify-external--cover-cpu32-mini-deferred-round4,/var/tmp/dd-ci-benchmark-20261004.s81k5i3w/runtime-continuation/rows/testify-external--cover-cpu32-mini-deferred-round4/input.json
testify-external--cover-client,4,native,-1,True,0.0030333641916513443,0.004153,15302656,0,True,,,/var/tmp/dd-ci-benchmark-20261004.s81k5i3w/runtime-continuation/rows/testify-external--cover-client-cpu4-native-round-1/input.json
testify-external--cover-client,4,orchestrion,-1,True,0.024059187853708863,0.028018,31166464,0,True,,,/var/tmp/dd-ci-benchmark-20261004.s81k5i3w/runtime-continuation/rows/testify-external--cover-client-cpu4-orchestrion-round-1/input.json
testify-external--cover-client,4,sdk,-1,True,0.023796308087185025,0.027994,31289344,0,True,,,/var/tmp/dd-ci-benchmark-20261004.s81k5i3w/runtime-continuation/rows/testify-external--cover-client-cpu4-sdk-round-1/input.json
testify-external--cover-client,4,mini,-1,True,0.02004976198077202,0.021275,25665536,0,True,,,/var/tmp/dd-ci-benchmark-20261004.s81k5i3w/runtime-continuation/rows/testify-external--cover-client-cpu4-mini-round-1/input.json
testify-external--cover-client,4,mini-deferred,-1,True,0.021452943794429302,0.023335,21225472,0,True,,,/var/tmp/dd-ci-benchmark-20261004.s81k5i3w/runtime-continuation/rows/testify-external--cover-client-cpu4-mini-deferred-round-1/input.json
testify-external--cover-client,4,orchestrion,0,False,0.02338622696697712,0.027525,31412224,0,True,,,/var/tmp/dd-ci-benchmark-20261004.s81k5i3w/runtime-continuation/rows/testify-external--cover-client-cpu4-orchestrion-round0/input.json
testify-external--cover-client,4,sdk,0,False,0.02471447899006307,0.029645,28971008,0,True,,,/var/tmp/dd-ci-benchmark-20261004.s81k5i3w/runtime-continuation/rows/testify-external--cover-client-cpu4-sdk-round0/input.json
testify-external--cover-client,4,mini,0,False,0.02019316190853715,0.021305,21192704,0,True,,,/var/tmp/dd-ci-benchmark-20261004.s81k5i3w/runtime-continuation/rows/testify-external--cover-client-cpu4-mini-round0/input.json
testify-external--cover-client,4,mini-deferred,0,False,0.020745343063026667,0.02261,23617536,0,True,,,/var/tmp/dd-ci-benchmark-20261004.s81k5i3w/runtime-continuation/rows/testify-external--cover-client-cpu4-mini-deferred-round0/input.json
testify-external--cover-client,4,native,0,False,0.003059654962271452,0.004318,15269888,0,True,,,/var/tmp/dd-ci-benchmark-20261004.s81k5i3w/runtime-continuation/rows/testify-external--cover-client-cpu4-native-round0/input.json
testify-external--cover-client,4,sdk,1,False,0.02367156813852489,0.028529,29224960,0,True,,,/var/tmp/dd-ci-benchmark-20261004.s81k5i3w/runtime-continuation/rows/testify-external--cover-client-cpu4-sdk-round1/input.json
testify-external--cover-client,4,mini,1,False,0.020103891845792532,0.0219,21491712,0,True,,,/var/tmp/dd-ci-benchmark-20261004.s81k5i3w/runtime-continuation/rows/testify-external--cover-client-cpu4-mini-round1/input.json
testify-external--cover-client,4,mini-deferred,1,False,0.02087168302386999,0.023075,21229568,0,True,,,/var/tmp/dd-ci-benchmark-20261004.s81k5i3w/runtime-continuation/rows/testify-external--cover-client-cpu4-mini-deferred-round1/input.json
testify-external--cover-client,4,native,1,False,0.0031573050655424595,0.004461,13189120,0,True,,,/var/tmp/dd-ci-benchmark-20261004.s81k5i3w/runtime-continuation/rows/testify-external--cover-client-cpu4-native-round1/input.json
testify-external--cover-client,4,orchestrion,1,False,0.02228048606775701,0.0268,28766208,0,True,,,/var/tmp/dd-ci-benchmark-20261004.s81k5i3w/runtime-continuation/rows/testify-external--cover-client-cpu4-orchestrion-round1/input.json
testify-external--cover-client,4,mini,2,False,0.02022427204065025,0.020959,21737472,0,True,,,/var/tmp/dd-ci-benchmark-20261004.s81k5i3w/runtime-continuation/rows/testify-external--cover-client-cpu4-mini-round2/input.json
testify-external--cover-client,4,mini-deferred,2,False,0.020718532847240567,0.022091,23326720,0,True,,,/var/tmp/dd-ci-benchmark-20261004.s81k5i3w/runtime-continuation/rows/testify-external--cover-client-cpu4-mini-deferred-round2/input.json
testify-external--cover-client,4,native,2,False,0.0030779149383306503,0.003691,15024128,0,True,,,/var/tmp/dd-ci-benchmark-20261004.s81k5i3w/runtime-continuation/rows/testify-external--cover-client-cpu4-native-round2/input.json
testify-external--cover-client,4,orchestrion,2,False,0.024013008922338486,0.028201,29528064,0,True,,,/var/tmp/dd-ci-benchmark-20261004.s81k5i3w/runtime-continuation/rows/testify-external--cover-client-cpu4-orchestrion-round2/input.json
testify-external--cover-client,4,sdk,2,False,0.02771765412762761,0.032955,31129600,0,True,,,/var/tmp/dd-ci-benchmark-20261004.s81k5i3w/runtime-continuation/rows/testify-external--cover-client-cpu4-sdk-round2/input.json
testify-external--cover-client,4,mini-deferred,3,False,0.024693239014595747,0.025845,20992000,0,True,,,/var/tmp/dd-ci-benchmark-20261004.s81k5i3w/runtime-continuation/rows/testify-external--cover-client-cpu4-mini-deferred-round3/input.json
testify-external--cover-client,4,native,3,False,0.003355584805831313,0.004833,11554816,0,True,,,/var/tmp/dd-ci-benchmark-20261004.s81k5i3w/runtime-continuation/rows/testify-external--cover-client-cpu4-native-round3/input.json
testify-external--cover-client,4,orchestrion,3,False,0.023756707087159157,0.027816,34045952,0,True,,,/var/tmp/dd-ci-benchmark-20261004.s81k5i3w/runtime-continuation/rows/testify-external--cover-client-cpu4-orchestrion-round3/input.json
testify-external--cover-client,4,sdk,3,False,0.024086968041956425,0.028304,29548544,0,True,,,/var/tmp/dd-ci-benchmark-20261004.s81k5i3w/runtime-continuation/rows/testify-external--cover-client-cpu4-sdk-round3/input.json
testify-external--cover-client,4,mini,3,False,0.02017637202516198,0.021657,21139456,0,True,,,/var/tmp/dd-ci-benchmark-20261004.s81k5i3w/runtime-continuation/rows/testify-external--cover-client-cpu4-mini-round3/input.json
testify-external--cover-client,4,native,4,False,0.003076735185459256,0.003791,15269888,0,True,,,/var/tmp/dd-ci-benchmark-20261004.s81k5i3w/runtime-continuation/rows/testify-external--cover-client-cpu4-native-round4/input.json
testify-external--cover-client,4,orchestrion,4,False,0.02328285714611411,0.027246,29294592,0,True,,,/var/tmp/dd-ci-benchmark-20261004.s81k5i3w/runtime-continuation/rows/testify-external--cover-client-cpu4-orchestrion-round4/input.json
testify-external--cover-client,4,sdk,4,False,0.025191360153257847,0.030013,28487680,0,True,,,/var/tmp/dd-ci-benchmark-20261004.s81k5i3w/runtime-continuation/rows/testify-external--cover-client-cpu4-sdk-round4/input.json
testify-external--cover-client,4,mini,4,False,0.019610590999945998,0.020856,21655552,0,True,,,/var/tmp/dd-ci-benchmark-20261004.s81k5i3w/runtime-continuation/rows/testify-external--cover-client-cpu4-mini-round4/input.json
testify-external--cover-client,4,mini-deferred,4,False,0.02101578307338059,0.022251,23031808,0,True,,,/var/tmp/dd-ci-benchmark-20261004.s81k5i3w/runtime-continuation/rows/testify-external--cover-client-cpu4-mini-deferred-round4/input.json
testify-external--cover-client,32,native,-1,True,0.0033836448565125465,0.004329,18358272,0,True,,,/var/tmp/dd-ci-benchmark-20261004.s81k5i3w/runtime-continuation/rows/testify-external--cover-client-cpu32-native-round-1/input.json
testify-external--cover-client,32,orchestrion,-1,True,0.026382541982457042,0.03542,36065280,0,True,,,/var/tmp/dd-ci-benchmark-20261004.s81k5i3w/runtime-continuation/rows/testify-external--cover-client-cpu32-orchestrion-round-1/input.json
testify-external--cover-client,32,sdk,-1,True,0.026218620827421546,0.033612,35598336,0,True,,,/var/tmp/dd-ci-benchmark-20261004.s81k5i3w/runtime-continuation/rows/testify-external--cover-client-cpu32-sdk-round-1/input.json
testify-external--cover-client,32,mini,-1,True,0.022619714960455894,0.02669,27586560,0,True,,,/var/tmp/dd-ci-benchmark-20261004.s81k5i3w/runtime-continuation/rows/testify-external--cover-client-cpu32-mini-round-1/input.json
testify-external--cover-client,32,mini-deferred,-1,True,0.024287148844450712,0.027838,27279360,0,True,,,/var/tmp/dd-ci-benchmark-20261004.s81k5i3w/runtime-continuation/rows/testify-external--cover-client-cpu32-mini-deferred-round-1/input.json
testify-external--cover-client,32,orchestrion,0,False,0.025764261139556766,0.033784,35577856,0,True,,,/var/tmp/dd-ci-benchmark-20261004.s81k5i3w/runtime-continuation/rows/testify-external--cover-client-cpu32-orchestrion-round0/input.json
testify-external--cover-client,32,sdk,0,False,0.02638857183046639,0.035364,39370752,0,True,,,/var/tmp/dd-ci-benchmark-20261004.s81k5i3w/runtime-continuation/rows/testify-external--cover-client-cpu32-sdk-round0/input.json
testify-external--cover-client,32,mini,0,False,0.024024527985602617,0.028184,24293376,0,True,,,/var/tmp/dd-ci-benchmark-20261004.s81k5i3w/runtime-continuation/rows/testify-external--cover-client-cpu32-mini-round0/input.json
testify-external--cover-client,32,mini-deferred,0,False,0.02289136592298746,0.026807,26226688,0,True,,,/var/tmp/dd-ci-benchmark-20261004.s81k5i3w/runtime-continuation/rows/testify-external--cover-client-cpu32-mini-deferred-round0/input.json
testify-external--cover-client,32,native,0,False,0.003307175124064088,0.004624,15740928,0,True,,,/var/tmp/dd-ci-benchmark-20261004.s81k5i3w/runtime-continuation/rows/testify-external--cover-client-cpu32-native-round0/input.json
testify-external--cover-client,32,sdk,1,False,0.025837091030552983,0.034266,35700736,0,True,,,/var/tmp/dd-ci-benchmark-20261004.s81k5i3w/runtime-continuation/rows/testify-external--cover-client-cpu32-sdk-round1/input.json
testify-external--cover-client,32,mini,1,False,0.022821506019681692,0.028251,25247744,0,True,,,/var/tmp/dd-ci-benchmark-20261004.s81k5i3w/runtime-continuation/rows/testify-external--cover-client-cpu32-mini-round1/input.json
testify-external--cover-client,32,mini-deferred,1,False,0.023189865984022617,0.027864,24993792,0,True,,,/var/tmp/dd-ci-benchmark-20261004.s81k5i3w/runtime-continuation/rows/testify-external--cover-client-cpu32-mini-deferred-round1/input.json
testify-external--cover-client,32,native,1,False,0.0031239448580890894,0.004335,15978496,0,True,,,/var/tmp/dd-ci-benchmark-20261004.s81k5i3w/runtime-continuation/rows/testify-external--cover-client-cpu32-native-round1/input.json
testify-external--cover-client,32,orchestrion,1,False,0.025280850008130074,0.03251,36044800,0,True,,,/var/tmp/dd-ci-benchmark-20261004.s81k5i3w/runtime-continuation/rows/testify-external--cover-client-cpu32-orchestrion-round1/input.json
testify-external--cover-client,32,mini,2,False,0.02260039607062936,0.027106,25137152,0,True,,,/var/tmp/dd-ci-benchmark-20261004.s81k5i3w/runtime-continuation/rows/testify-external--cover-client-cpu32-mini-round2/input.json
testify-external--cover-client,32,mini-deferred,2,False,0.02293225610628724,0.026469,26124288,0,True,,,/var/tmp/dd-ci-benchmark-20261004.s81k5i3w/runtime-continuation/rows/testify-external--cover-client-cpu32-mini-deferred-round2/input.json
testify-external--cover-client,32,native,2,False,0.003221915103495121,0.004774,15441920,0,True,,,/var/tmp/dd-ci-benchmark-20261004.s81k5i3w/runtime-continuation/rows/testify-external--cover-client-cpu32-native-round2/input.json
testify-external--cover-client,32,orchestrion,2,False,0.026668132049962878,0.036109,38117376,0,True,,,/var/tmp/dd-ci-benchmark-20261004.s81k5i3w/runtime-continuation/rows/testify-external--cover-client-cpu32-orchestrion-round2/input.json
testify-external--cover-client,32,sdk,2,False,0.025629090145230293,0.03369,37621760,0,True,,,/var/tmp/dd-ci-benchmark-20261004.s81k5i3w/runtime-continuation/rows/testify-external--cover-client-cpu32-sdk-round2/input.json
testify-external--cover-client,32,mini-deferred,3,False,0.02281538606621325,0.026943,26230784,0,True,,,/var/tmp/dd-ci-benchmark-20261004.s81k5i3w/runtime-continuation/rows/testify-external--cover-client-cpu32-mini-deferred-round3/input.json
testify-external--cover-client,32,native,3,False,0.0033592560794204473,0.004256,17801216,0,True,,,/var/tmp/dd-ci-benchmark-20261004.s81k5i3w/runtime-continuation/rows/testify-external--cover-client-cpu32-native-round3/input.json
testify-external--cover-client,32,orchestrion,3,False,0.02566305990330875,0.033521,37490688,0,True,,,/var/tmp/dd-ci-benchmark-20261004.s81k5i3w/runtime-continuation/rows/testify-external--cover-client-cpu32-orchestrion-round3/input.json
testify-external--cover-client,32,sdk,3,False,0.026536802062764764,0.034896,33157120,0,True,,,/var/tmp/dd-ci-benchmark-20261004.s81k5i3w/runtime-continuation/rows/testify-external--cover-client-cpu32-sdk-round3/input.json
testify-external--cover-client,32,mini,3,False,0.02188329491764307,0.025863,27074560,0,True,,,/var/tmp/dd-ci-benchmark-20261004.s81k5i3w/runtime-continuation/rows/testify-external--cover-client-cpu32-mini-round3/input.json
testify-external--cover-client,32,native,4,False,0.00346225593239069,0.004985,15462400,0,True,,,/var/tmp/dd-ci-benchmark-20261004.s81k5i3w/runtime-continuation/rows/testify-external--cover-client-cpu32-native-round4/input.json
testify-external--cover-client,32,orchestrion,4,False,0.025596689898520708,0.032376,35930112,0,True,,,/var/tmp/dd-ci-benchmark-20261004.s81k5i3w/runtime-continuation/rows/testify-external--cover-client-cpu32-orchestrion-round4/input.json
testify-external--cover-client,32,sdk,4,False,0.025958911050111055,0.034478,34091008,0,True,,,/var/tmp/dd-ci-benchmark-20261004.s81k5i3w/runtime-continuation/rows/testify-external--cover-client-cpu32-sdk-round4/input.json
testify-external--cover-client,32,mini,4,False,0.022700615925714374,0.026801,26955776,0,True,,,/var/tmp/dd-ci-benchmark-20261004.s81k5i3w/runtime-continuation/rows/testify-external--cover-client-cpu32-mini-round4/input.json
testify-external--cover-client,32,mini-deferred,4,False,0.023800098104402423,0.0286,26304512,0,True,,,/var/tmp/dd-ci-benchmark-20261004.s81k5i3w/runtime-continuation/rows/testify-external--cover-client-cpu32-mini-deferred-round4/input.json
testify-external--race-cover-client,4,native,-1,True,1.009398465976119,0.009839,33542144,0,True,,,/var/tmp/dd-ci-benchmark-20261004.s81k5i3w/runtime-continuation/rows/testify-external--race-cover-client-cpu4-native-round-1/input.json
testify-external--race-cover-client,4,orchestrion,-1,True,1.0540050759445876,0.063125,69771264,0,True,,,/var/tmp/dd-ci-benchmark-20261004.s81k5i3w/runtime-continuation/rows/testify-external--race-cover-client-cpu4-orchestrion-round-1/input.json
testify-external--race-cover-client,4,sdk,-1,True,1.0528475041501224,0.062314,70352896,0,True,,,/var/tmp/dd-ci-benchmark-20261004.s81k5i3w/runtime-continuation/rows/testify-external--race-cover-client-cpu4-sdk-round-1/input.json
testify-external--race-cover-client,4,mini,-1,True,1.0337049539666623,0.0354,47575040,0,True,,,/var/tmp/dd-ci-benchmark-20261004.s81k5i3w/runtime-continuation/rows/testify-external--race-cover-client-cpu4-mini-round-1/input.json
testify-external--race-cover-client,4,mini-deferred,-1,True,1.036544708069414,0.039479,48508928,0,True,,,/var/tmp/dd-ci-benchmark-20261004.s81k5i3w/runtime-continuation/rows/testify-external--race-cover-client-cpu4-mini-deferred-round-1/input.json
testify-external--race-cover-client,4,orchestrion,0,False,1.0542802470736206,0.062706,69193728,0,True,,,/var/tmp/dd-ci-benchmark-20261004.s81k5i3w/runtime-continuation/rows/testify-external--race-cover-client-cpu4-orchestrion-round0/input.json
testify-external--race-cover-client,4,sdk,0,False,1.0531570450402796,0.061978,70262784,0,True,,,/var/tmp/dd-ci-benchmark-20261004.s81k5i3w/runtime-continuation/rows/testify-external--race-cover-client-cpu4-sdk-round0/input.json
testify-external--race-cover-client,4,mini,0,False,1.0344714671373367,0.0371,47562752,0,True,,,/var/tmp/dd-ci-benchmark-20261004.s81k5i3w/runtime-continuation/rows/testify-external--race-cover-client-cpu4-mini-round0/input.json
testify-external--race-cover-client,4,mini-deferred,0,False,1.0353913290891796,0.038649,49422336,0,True,,,/var/tmp/dd-ci-benchmark-20261004.s81k5i3w/runtime-continuation/rows/testify-external--race-cover-client-cpu4-mini-deferred-round0/input.json
testify-external--race-cover-client,4,native,0,False,1.0093219468835741,0.010397,36532224,0,True,,,/var/tmp/dd-ci-benchmark-20261004.s81k5i3w/runtime-continuation/rows/testify-external--race-cover-client-cpu4-native-round0/input.json
testify-external--race-cover-client,4,sdk,1,False,1.0536953769624233,0.062476,69427200,0,True,,,/var/tmp/dd-ci-benchmark-20261004.s81k5i3w/runtime-continuation/rows/testify-external--race-cover-client-cpu4-sdk-round1/input.json
testify-external--race-cover-client,4,mini,1,False,1.0339200058951974,0.035542,47271936,0,True,,,/var/tmp/dd-ci-benchmark-20261004.s81k5i3w/runtime-continuation/rows/testify-external--race-cover-client-cpu4-mini-round1/input.json
testify-external--race-cover-client,4,mini-deferred,1,False,1.0375354320276529,0.040302,48877568,0,True,,,/var/tmp/dd-ci-benchmark-20261004.s81k5i3w/runtime-continuation/rows/testify-external--race-cover-client-cpu4-mini-deferred-round1/input.json
testify-external--race-cover-client,4,native,1,False,1.0089890849776566,0.010478,34390016,0,True,,,/var/tmp/dd-ci-benchmark-20261004.s81k5i3w/runtime-continuation/rows/testify-external--race-cover-client-cpu4-native-round1/input.json
testify-external--race-cover-client,4,orchestrion,1,False,1.0536534069105983,0.063887,70483968,0,True,,,/var/tmp/dd-ci-benchmark-20261004.s81k5i3w/runtime-continuation/rows/testify-external--race-cover-client-cpu4-orchestrion-round1/input.json
testify-external--race-cover-client,4,mini,2,False,1.0333792851306498,0.035011,48422912,0,True,,,/var/tmp/dd-ci-benchmark-20261004.s81k5i3w/runtime-continuation/rows/testify-external--race-cover-client-cpu4-mini-round2/input.json
testify-external--race-cover-client,4,mini-deferred,2,False,1.0357419501524419,0.03896,49160192,0,True,,,/var/tmp/dd-ci-benchmark-20261004.s81k5i3w/runtime-continuation/rows/testify-external--race-cover-client-cpu4-mini-deferred-round2/input.json
testify-external--race-cover-client,4,native,2,False,1.0091416670475155,0.009589,33841152,0,True,,,/var/tmp/dd-ci-benchmark-20261004.s81k5i3w/runtime-continuation/rows/testify-external--race-cover-client-cpu4-native-round2/input.json
testify-external--race-cover-client,4,orchestrion,2,False,1.052705436013639,0.061121,70373376,0,True,,,/var/tmp/dd-ci-benchmark-20261004.s81k5i3w/runtime-continuation/rows/testify-external--race-cover-client-cpu4-orchestrion-round2/input.json
testify-external--race-cover-client,4,sdk,2,False,1.0531974779441953,0.062587,70799360,0,True,,,/var/tmp/dd-ci-benchmark-20261004.s81k5i3w/runtime-continuation/rows/testify-external--race-cover-client-cpu4-sdk-round2/input.json
testify-external--race-cover-client,4,mini-deferred,3,False,1.0361646709498018,0.038431,49184768,0,True,,,/var/tmp/dd-ci-benchmark-20261004.s81k5i3w/runtime-continuation/rows/testify-external--race-cover-client-cpu4-mini-deferred-round3/input.json
testify-external--race-cover-client,4,native,3,False,1.009474417893216,0.009963,34172928,0,True,,,/var/tmp/dd-ci-benchmark-20261004.s81k5i3w/runtime-continuation/rows/testify-external--race-cover-client-cpu4-native-round3/input.json
testify-external--race-cover-client,4,orchestrion,3,False,1.0532274891156703,0.061959,69849088,0,True,,,/var/tmp/dd-ci-benchmark-20261004.s81k5i3w/runtime-continuation/rows/testify-external--race-cover-client-cpu4-orchestrion-round3/input.json
testify-external--race-cover-client,4,sdk,3,False,1.0539862511213869,0.063141,70041600,0,True,,,/var/tmp/dd-ci-benchmark-20261004.s81k5i3w/runtime-continuation/rows/testify-external--race-cover-client-cpu4-sdk-round3/input.json
testify-external--race-cover-client,4,mini,3,False,1.034273069119081,0.036562,47898624,0,True,,,/var/tmp/dd-ci-benchmark-20261004.s81k5i3w/runtime-continuation/rows/testify-external--race-cover-client-cpu4-mini-round3/input.json
testify-external--race-cover-client,4,native,4,False,1.0094529900234193,0.010672,35647488,0,True,,,/var/tmp/dd-ci-benchmark-20261004.s81k5i3w/runtime-continuation/rows/testify-external--race-cover-client-cpu4-native-round4/input.json
testify-external--race-cover-client,4,orchestrion,4,False,1.0527909500524402,0.06175,70356992,0,True,,,/var/tmp/dd-ci-benchmark-20261004.s81k5i3w/runtime-continuation/rows/testify-external--race-cover-client-cpu4-orchestrion-round4/input.json
testify-external--race-cover-client,4,sdk,4,False,1.0522571168839931,0.060722,70328320,0,True,,,/var/tmp/dd-ci-benchmark-20261004.s81k5i3w/runtime-continuation/rows/testify-external--race-cover-client-cpu4-sdk-round4/input.json
testify-external--race-cover-client,4,mini,4,False,1.0334491881076247,0.035651,48201728,0,True,,,/var/tmp/dd-ci-benchmark-20261004.s81k5i3w/runtime-continuation/rows/testify-external--race-cover-client-cpu4-mini-round4/input.json
testify-external--race-cover-client,4,mini-deferred,4,False,1.0367337330244482,0.039207,49274880,0,True,,,/var/tmp/dd-ci-benchmark-20261004.s81k5i3w/runtime-continuation/rows/testify-external--race-cover-client-cpu4-mini-deferred-round4/input.json
testify-external--race-cover-client,32,native,-1,True,1.0100647411309183,0.01117,38100992,0,True,,,/var/tmp/dd-ci-benchmark-20261004.s81k5i3w/runtime-continuation/rows/testify-external--race-cover-client-cpu32-native-round-1/input.json
testify-external--race-cover-client,32,orchestrion,-1,True,1.0580079660285264,0.074034,79536128,0,True,,,/var/tmp/dd-ci-benchmark-20261004.s81k5i3w/runtime-continuation/rows/testify-external--race-cover-client-cpu32-orchestrion-round-1/input.json
testify-external--race-cover-client,32,sdk,-1,True,1.0570679970551282,0.071995,77729792,0,True,,,/var/tmp/dd-ci-benchmark-20261004.s81k5i3w/runtime-continuation/rows/testify-external--race-cover-client-cpu32-sdk-round-1/input.json
testify-external--race-cover-client,32,mini,-1,True,1.038045564899221,0.043314,53805056,0,True,,,/var/tmp/dd-ci-benchmark-20261004.s81k5i3w/runtime-continuation/rows/testify-external--race-cover-client-cpu32-mini-round-1/input.json
testify-external--race-cover-client,32,mini-deferred,-1,True,1.040931641124189,0.045311,55115776,0,True,,,/var/tmp/dd-ci-benchmark-20261004.s81k5i3w/runtime-continuation/rows/testify-external--race-cover-client-cpu32-mini-deferred-round-1/input.json
testify-external--race-cover-client,32,orchestrion,0,False,1.0574325460474938,0.072888,77033472,0,True,,,/var/tmp/dd-ci-benchmark-20261004.s81k5i3w/runtime-continuation/rows/testify-external--race-cover-client-cpu32-orchestrion-round0/input.json
testify-external--race-cover-client,32,sdk,0,False,1.0562824350781739,0.070632,75333632,0,True,,,/var/tmp/dd-ci-benchmark-20261004.s81k5i3w/runtime-continuation/rows/testify-external--race-cover-client-cpu32-sdk-round0/input.json
testify-external--race-cover-client,32,mini,0,False,1.0384039939381182,0.044097,57143296,0,True,,,/var/tmp/dd-ci-benchmark-20261004.s81k5i3w/runtime-continuation/rows/testify-external--race-cover-client-cpu32-mini-round0/input.json
testify-external--race-cover-client,32,mini-deferred,0,False,1.0400379879865795,0.045415,53215232,0,True,,,/var/tmp/dd-ci-benchmark-20261004.s81k5i3w/runtime-continuation/rows/testify-external--race-cover-client-cpu32-mini-deferred-round0/input.json
testify-external--race-cover-client,32,native,0,False,1.0097514679655433,0.011494,37834752,0,True,,,/var/tmp/dd-ci-benchmark-20261004.s81k5i3w/runtime-continuation/rows/testify-external--race-cover-client-cpu32-native-round0/input.json
testify-external--race-cover-client,32,sdk,1,False,1.0578357339836657,0.071439,74932224,0,True,,,/var/tmp/dd-ci-benchmark-20261004.s81k5i3w/runtime-continuation/rows/testify-external--race-cover-client-cpu32-sdk-round1/input.json
testify-external--race-cover-client,32,mini,1,False,1.0384046242106706,0.043804,55836672,0,True,,,/var/tmp/dd-ci-benchmark-20261004.s81k5i3w/runtime-completion/rows/testify-external--race-cover-client-cpu32-mini-round1/input.json
testify-external--race-cover-client,32,mini-deferred,1,False,1.0390921358484775,0.04453,57241600,0,True,,,/var/tmp/dd-ci-benchmark-20261004.s81k5i3w/runtime-completion/rows/testify-external--race-cover-client-cpu32-mini-deferred-round1/input.json
testify-external--race-cover-client,32,native,1,False,1.0102207611780614,0.01098,38404096,0,True,,,/var/tmp/dd-ci-benchmark-20261004.s81k5i3w/runtime-completion/rows/testify-external--race-cover-client-cpu32-native-round1/input.json
testify-external--race-cover-client,32,orchestrion,1,False,1.0591431639622897,0.073031,76775424,0,True,,,/var/tmp/dd-ci-benchmark-20261004.s81k5i3w/runtime-completion/rows/testify-external--race-cover-client-cpu32-orchestrion-round1/input.json
testify-external--race-cover-client,32,mini,2,False,1.037713972153142,0.043914,55107584,0,True,,,/var/tmp/dd-ci-benchmark-20261004.s81k5i3w/runtime-completion/rows/testify-external--race-cover-client-cpu32-mini-round2/input.json
testify-external--race-cover-client,32,mini-deferred,2,False,1.0399514669552445,0.045213,54480896,0,True,,,/var/tmp/dd-ci-benchmark-20261004.s81k5i3w/runtime-completion/rows/testify-external--race-cover-client-cpu32-mini-deferred-round2/input.json
testify-external--race-cover-client,32,native,2,False,1.0102043480146676,0.010864,37232640,0,True,,,/var/tmp/dd-ci-benchmark-20261004.s81k5i3w/runtime-completion/rows/testify-external--race-cover-client-cpu32-native-round2/input.json
testify-external--race-cover-client,32,orchestrion,2,False,1.0583169918972999,0.071699,75603968,0,True,,,/var/tmp/dd-ci-benchmark-20261004.s81k5i3w/runtime-completion/rows/testify-external--race-cover-client-cpu32-orchestrion-round2/input.json
testify-external--race-cover-client,32,sdk,2,False,1.0578996720723808,0.072006,76152832,0,True,,,/var/tmp/dd-ci-benchmark-20261004.s81k5i3w/runtime-completion/rows/testify-external--race-cover-client-cpu32-sdk-round2/input.json
testify-external--race-cover-client,32,mini-deferred,3,False,1.0387433830183,0.043637,53354496,0,True,,,/var/tmp/dd-ci-benchmark-20261004.s81k5i3w/runtime-completion/rows/testify-external--race-cover-client-cpu32-mini-deferred-round3/input.json
testify-external--race-cover-client,32,native,3,False,1.0098094090353698,0.010604,36200448,0,True,,,/var/tmp/dd-ci-benchmark-20261004.s81k5i3w/runtime-completion/rows/testify-external--race-cover-client-cpu32-native-round3/input.json
testify-external--race-cover-client,32,orchestrion,3,False,1.0582012119702995,0.073076,76472320,0,True,,,/var/tmp/dd-ci-benchmark-20261004.s81k5i3w/runtime-completion/rows/testify-external--race-cover-client-cpu32-orchestrion-round3/input.json
testify-external--race-cover-client,32,sdk,3,False,1.0566132380627096,0.071299,74682368,0,True,,,/var/tmp/dd-ci-benchmark-20261004.s81k5i3w/runtime-completion/rows/testify-external--race-cover-client-cpu32-sdk-round3/input.json
testify-external--race-cover-client,32,mini,3,False,1.0389803750440478,0.044703,54984704,0,True,,,/var/tmp/dd-ci-benchmark-20261004.s81k5i3w/runtime-completion/rows/testify-external--race-cover-client-cpu32-mini-round3/input.json
testify-external--race-cover-client,32,native,4,False,1.0094385480042547,0.011073,36978688,0,True,,,/var/tmp/dd-ci-benchmark-20261004.s81k5i3w/runtime-completion/rows/testify-external--race-cover-client-cpu32-native-round4/input.json
testify-external--race-cover-client,32,orchestrion,4,False,1.05650665005669,0.072178,76623872,0,True,,,/var/tmp/dd-ci-benchmark-20261004.s81k5i3w/runtime-completion/rows/testify-external--race-cover-client-cpu32-orchestrion-round4/input.json
testify-external--race-cover-client,32,sdk,4,False,1.0576831810176373,0.072087,78086144,0,True,,,/var/tmp/dd-ci-benchmark-20261004.s81k5i3w/runtime-completion/rows/testify-external--race-cover-client-cpu32-sdk-round4/input.json
testify-external--race-cover-client,32,mini,4,False,1.037157699931413,0.040001,50061312,0,True,,,/var/tmp/dd-ci-benchmark-20261004.s81k5i3w/runtime-completion/rows/testify-external--race-cover-client-cpu32-mini-round4/input.json
testify-external--race-cover-client,32,mini-deferred,4,False,1.040405596839264,0.045867,53878784,0,True,,,/var/tmp/dd-ci-benchmark-20261004.s81k5i3w/runtime-completion/rows/testify-external--race-cover-client-cpu32-mini-deferred-round4/input.json
testify-external--cover-testing,4,native,-1,True,0.0037543971557170153,0.005244,15466496,0,True,,,/var/tmp/dd-ci-benchmark-20261004.s81k5i3w/runtime-completion/rows/testify-external--cover-testing-cpu4-native-round-1/input.json
testify-external--cover-testing,4,orchestrion,-1,True,0.03942091600038111,0.046333,31473664,0,True,,,/var/tmp/dd-ci-benchmark-20261004.s81k5i3w/runtime-completion/rows/testify-external--cover-testing-cpu4-orchestrion-round-1/input.json
testify-external--cover-testing,4,sdk,-1,True,0.038453873014077544,0.045824,31703040,0,True,,,/var/tmp/dd-ci-benchmark-20261004.s81k5i3w/runtime-completion/rows/testify-external--cover-testing-cpu4-sdk-round-1/input.json
testify-external--cover-testing,4,mini,-1,True,0.03515852801501751,0.039416,25137152,0,True,,,/var/tmp/dd-ci-benchmark-20261004.s81k5i3w/runtime-completion/rows/testify-external--cover-testing-cpu4-mini-round-1/input.json
testify-external--cover-testing,4,mini-deferred,-1,True,0.03722086106427014,0.042311,23621632,0,True,,,/var/tmp/dd-ci-benchmark-20261004.s81k5i3w/runtime-completion/rows/testify-external--cover-testing-cpu4-mini-deferred-round-1/input.json
testify-external--cover-testing,4,orchestrion,0,False,0.03905368479900062,0.045327,29073408,0,True,,,/var/tmp/dd-ci-benchmark-20261004.s81k5i3w/runtime-completion/rows/testify-external--cover-testing-cpu4-orchestrion-round0/input.json
testify-external--cover-testing,4,sdk,0,False,0.03934550588019192,0.046257,30920704,0,True,,,/var/tmp/dd-ci-benchmark-20261004.s81k5i3w/runtime-completion/rows/testify-external--cover-testing-cpu4-sdk-round0/input.json
testify-external--cover-testing,4,mini,0,False,0.03570319898426533,0.039474,23257088,0,True,,,/var/tmp/dd-ci-benchmark-20261004.s81k5i3w/runtime-completion/rows/testify-external--cover-testing-cpu4-mini-round0/input.json
testify-external--cover-testing,4,mini-deferred,0,False,0.03660803101956844,0.040283,23068672,0,True,,,/var/tmp/dd-ci-benchmark-20261004.s81k5i3w/runtime-completion/rows/testify-external--cover-testing-cpu4-mini-deferred-round0/input.json
testify-external--cover-testing,4,native,0,False,0.0035979070235043764,0.004541,14966784,0,True,,,/var/tmp/dd-ci-benchmark-20261004.s81k5i3w/runtime-completion/rows/testify-external--cover-testing-cpu4-native-round0/input.json
testify-external--cover-testing,4,sdk,1,False,0.0387541342061013,0.045572,30810112,0,True,,,/var/tmp/dd-ci-benchmark-20261004.s81k5i3w/runtime-completion/rows/testify-external--cover-testing-cpu4-sdk-round1/input.json
testify-external--cover-testing,4,mini,1,False,0.035856849048286676,0.040024,25071616,0,True,,,/var/tmp/dd-ci-benchmark-20261004.s81k5i3w/runtime-completion/rows/testify-external--cover-testing-cpu4-mini-round1/input.json
testify-external--cover-testing,4,mini-deferred,1,False,0.03594590909779072,0.039594,23621632,0,True,,,/var/tmp/dd-ci-benchmark-20261004.s81k5i3w/runtime-completion/rows/testify-external--cover-testing-cpu4-mini-deferred-round1/input.json
testify-external--cover-testing,4,native,1,False,0.003747337032109499,0.004493,15314944,0,True,,,/var/tmp/dd-ci-benchmark-20261004.s81k5i3w/runtime-completion/rows/testify-external--cover-testing-cpu4-native-round1/input.json
testify-external--cover-testing,4,orchestrion,1,False,0.037583231925964355,0.044291,29368320,0,True,,,/var/tmp/dd-ci-benchmark-20261004.s81k5i3w/runtime-completion/rows/testify-external--cover-testing-cpu4-orchestrion-round1/input.json
testify-external--cover-testing,4,mini,2,False,0.035105476854369044,0.039142,22237184,0,True,,,/var/tmp/dd-ci-benchmark-20261004.s81k5i3w/runtime-completion/rows/testify-external--cover-testing-cpu4-mini-round2/input.json
testify-external--cover-testing,4,mini-deferred,2,False,0.036042939871549606,0.039788,23302144,0,True,,,/var/tmp/dd-ci-benchmark-20261004.s81k5i3w/runtime-completion/rows/testify-external--cover-testing-cpu4-mini-deferred-round2/input.json
testify-external--cover-testing,4,native,2,False,0.0037017371505498886,0.004641,17637376,0,True,,,/var/tmp/dd-ci-benchmark-20261004.s81k5i3w/runtime-completion/rows/testify-external--cover-testing-cpu4-native-round2/input.json
testify-external--cover-testing,4,orchestrion,2,False,0.03933816496282816,0.045974,30941184,0,True,,,/var/tmp/dd-ci-benchmark-20261004.s81k5i3w/runtime-completion/rows/testify-external--cover-testing-cpu4-orchestrion-round2/input.json
testify-external--cover-testing,4,sdk,2,False,0.03962138597853482,0.045473,30425088,0,True,,,/var/tmp/dd-ci-benchmark-20261004.s81k5i3w/runtime-completion/rows/testify-external--cover-testing-cpu4-sdk-round2/input.json
testify-external--cover-testing,4,mini-deferred,3,False,0.0364943400491029,0.039987,23252992,0,True,,,/var/tmp/dd-ci-benchmark-20261004.s81k5i3w/runtime-completion/rows/testify-external--cover-testing-cpu4-mini-deferred-round3/input.json
testify-external--cover-testing,4,native,3,False,0.0037489570677280426,0.004415,15052800,0,True,,,/var/tmp/dd-ci-benchmark-20261004.s81k5i3w/runtime-completion/rows/testify-external--cover-testing-cpu4-native-round3/input.json
testify-external--cover-testing,4,orchestrion,3,False,0.03934225509874523,0.046453,30932992,0,True,,,/var/tmp/dd-ci-benchmark-20261004.s81k5i3w/runtime-completion/rows/testify-external--cover-testing-cpu4-orchestrion-round3/input.json
testify-external--cover-testing,4,sdk,3,False,0.03898616484366357,0.045408,29569024,0,True,,,/var/tmp/dd-ci-benchmark-20261004.s81k5i3w/runtime-completion/rows/testify-external--cover-testing-cpu4-sdk-round3/input.json
testify-external--cover-testing,4,mini,3,False,0.035823208978399634,0.039354,25350144,0,True,,,/var/tmp/dd-ci-benchmark-20261004.s81k5i3w/runtime-completion/rows/testify-external--cover-testing-cpu4-mini-round3/input.json
testify-external--cover-testing,4,native,4,False,0.00367717701010406,0.00447,15302656,0,True,,,/var/tmp/dd-ci-benchmark-20261004.s81k5i3w/runtime-completion/rows/testify-external--cover-testing-cpu4-native-round4/input.json
testify-external--cover-testing,4,orchestrion,4,False,0.03928807517513633,0.046488,29007872,0,True,,,/var/tmp/dd-ci-benchmark-20261004.s81k5i3w/runtime-completion/rows/testify-external--cover-testing-cpu4-orchestrion-round4/input.json
testify-external--cover-testing,4,sdk,4,False,0.038883944042027,0.045566,29011968,0,True,,,/var/tmp/dd-ci-benchmark-20261004.s81k5i3w/runtime-completion/rows/testify-external--cover-testing-cpu4-sdk-round4/input.json
testify-external--cover-testing,4,mini,4,False,0.03512938809581101,0.039363,23891968,0,True,,,/var/tmp/dd-ci-benchmark-20261004.s81k5i3w/runtime-completion/rows/testify-external--cover-testing-cpu4-mini-round4/input.json
testify-external--cover-testing,4,mini-deferred,4,False,0.03644373989664018,0.040814,21987328,0,True,,,/var/tmp/dd-ci-benchmark-20261004.s81k5i3w/runtime-completion/rows/testify-external--cover-testing-cpu4-mini-deferred-round4/input.json
testify-external--cover-testing,32,native,-1,True,0.003918867092579603,0.005012,17588224,0,True,,,/var/tmp/dd-ci-benchmark-20261004.s81k5i3w/runtime-completion/rows/testify-external--cover-testing-cpu32-native-round-1/input.json
testify-external--cover-testing,32,orchestrion,-1,True,0.042658820981159806,0.054207,36474880,0,True,,,/var/tmp/dd-ci-benchmark-20261004.s81k5i3w/runtime-completion/rows/testify-external--cover-testing-cpu32-orchestrion-round-1/input.json
testify-external--cover-testing,32,sdk,-1,True,0.04218074004165828,0.052591,33746944,0,True,,,/var/tmp/dd-ci-benchmark-20261004.s81k5i3w/runtime-completion/rows/testify-external--cover-testing-cpu32-sdk-round-1/input.json
testify-external--cover-testing,32,mini,-1,True,0.03878428414463997,0.045557,25989120,0,True,,,/var/tmp/dd-ci-benchmark-20261004.s81k5i3w/runtime-completion/rows/testify-external--cover-testing-cpu32-mini-round-1/input.json
testify-external--cover-testing,32,mini-deferred,-1,True,0.03830320294946432,0.04604,26820608,0,True,,,/var/tmp/dd-ci-benchmark-20261004.s81k5i3w/runtime-completion/rows/testify-external--cover-testing-cpu32-mini-deferred-round-1/input.json
testify-external--cover-testing,32,orchestrion,0,False,0.04155529011040926,0.058183,36159488,0,True,,,/var/tmp/dd-ci-benchmark-20261004.s81k5i3w/runtime-completion/rows/testify-external--cover-testing-cpu32-orchestrion-round0/input.json
testify-external--cover-testing,32,sdk,0,False,0.041518728947266936,0.053764,35983360,0,True,,,/var/tmp/dd-ci-benchmark-20261004.s81k5i3w/runtime-completion/rows/testify-external--cover-testing-cpu32-sdk-round0/input.json
testify-external--cover-testing,32,mini,0,False,0.03895062510855496,0.046304,26554368,0,True,,,/var/tmp/dd-ci-benchmark-20261004.s81k5i3w/runtime-completion/rows/testify-external--cover-testing-cpu32-mini-round0/input.json
testify-external--cover-testing,32,mini-deferred,0,False,0.03882000409066677,0.045901,26566656,0,True,,,/var/tmp/dd-ci-benchmark-20261004.s81k5i3w/runtime-completion/rows/testify-external--cover-testing-cpu32-mini-deferred-round0/input.json
testify-external--cover-testing,32,native,0,False,0.003766327165067196,0.005014,15466496,0,True,,,/var/tmp/dd-ci-benchmark-20261004.s81k5i3w/runtime-completion/rows/testify-external--cover-testing-cpu32-native-round0/input.json
testify-external--cover-testing,32,sdk,1,False,0.043212722055613995,0.056972,37466112,0,True,,,/var/tmp/dd-ci-benchmark-20261004.s81k5i3w/runtime-completion/rows/testify-external--cover-testing-cpu32-sdk-round1/input.json
testify-external--cover-testing,32,mini,1,False,0.03819448291324079,0.045243,27443200,0,True,,,/var/tmp/dd-ci-benchmark-20261004.s81k5i3w/runtime-completion/rows/testify-external--cover-testing-cpu32-mini-round1/input.json
testify-external--cover-testing,32,mini-deferred,1,False,0.0398092670366168,0.048355,26288128,0,True,,,/var/tmp/dd-ci-benchmark-20261004.s81k5i3w/runtime-completion/rows/testify-external--cover-testing-cpu32-mini-deferred-round1/input.json
testify-external--cover-testing,32,native,1,False,0.004048497881740332,0.005185,15974400,0,True,,,/var/tmp/dd-ci-benchmark-20261004.s81k5i3w/runtime-completion/rows/testify-external--cover-testing-cpu32-native-round1/input.json
testify-external--cover-testing,32,orchestrion,1,False,0.041791221126914024,0.054566,37400576,0,True,,,/var/tmp/dd-ci-benchmark-20261004.s81k5i3w/runtime-completion/rows/testify-external--cover-testing-cpu32-orchestrion-round1/input.json
testify-external--cover-testing,32,mini,2,False,0.03890411485917866,0.045757,26247168,0,True,,,/var/tmp/dd-ci-benchmark-20261004.s81k5i3w/runtime-completion/rows/testify-external--cover-testing-cpu32-mini-round2/input.json
testify-external--cover-testing,32,mini-deferred,2,False,0.03915090509690344,0.048624,28192768,0,True,,,/var/tmp/dd-ci-benchmark-20261004.s81k5i3w/runtime-completion/rows/testify-external--cover-testing-cpu32-mini-deferred-round2/input.json
testify-external--cover-testing,32,native,2,False,0.004002016969025135,0.004914,18087936,0,True,,,/var/tmp/dd-ci-benchmark-20261004.s81k5i3w/runtime-completion/rows/testify-external--cover-testing-cpu32-native-round2/input.json
testify-external--cover-testing,32,orchestrion,2,False,0.042874922044575214,0.056458,36540416,0,True,,,/var/tmp/dd-ci-benchmark-20261004.s81k5i3w/runtime-completion/rows/testify-external--cover-testing-cpu32-orchestrion-round2/input.json
testify-external--cover-testing,32,sdk,2,False,0.04230330092832446,0.055006,36130816,0,True,,,/var/tmp/dd-ci-benchmark-20261004.s81k5i3w/runtime-completion/rows/testify-external--cover-testing-cpu32-sdk-round2/input.json
testify-external--cover-testing,32,mini-deferred,3,False,0.04063741792924702,0.04874,27103232,0,True,,,/var/tmp/dd-ci-benchmark-20261004.s81k5i3w/runtime-completion/rows/testify-external--cover-testing-cpu32-mini-deferred-round3/input.json
testify-external--cover-testing,32,native,3,False,0.004046707879751921,0.00476,17563648,0,True,,,/var/tmp/dd-ci-benchmark-20261004.s81k5i3w/runtime-completion/rows/testify-external--cover-testing-cpu32-native-round3/input.json
testify-external--cover-testing,32,orchestrion,3,False,0.042733432026579976,0.054678,35241984,0,True,,,/var/tmp/dd-ci-benchmark-20261004.s81k5i3w/runtime-completion/rows/testify-external--cover-testing-cpu32-orchestrion-round3/input.json
testify-external--cover-testing,32,sdk,3,False,0.04132018913514912,0.054406,36745216,0,True,,,/var/tmp/dd-ci-benchmark-20261004.s81k5i3w/runtime-completion/rows/testify-external--cover-testing-cpu32-sdk-round3/input.json
testify-external--cover-testing,32,mini,3,False,0.03865379514172673,0.046113,27070464,0,True,,,/var/tmp/dd-ci-benchmark-20261004.s81k5i3w/runtime-completion/rows/testify-external--cover-testing-cpu32-mini-round3/input.json
testify-external--cover-testing,32,native,4,False,0.0039915768429636955,0.005011,17580032,0,True,,,/var/tmp/dd-ci-benchmark-20261004.s81k5i3w/runtime-completion/rows/testify-external--cover-testing-cpu32-native-round4/input.json
testify-external--cover-testing,32,orchestrion,4,False,0.042200790951028466,0.054885,35086336,0,True,,,/var/tmp/dd-ci-benchmark-20261004.s81k5i3w/runtime-completion/rows/testify-external--cover-testing-cpu32-orchestrion-round4/input.json
testify-external--cover-testing,32,sdk,4,False,0.04260396212339401,0.05847,36528128,0,True,,,/var/tmp/dd-ci-benchmark-20261004.s81k5i3w/runtime-completion/rows/testify-external--cover-testing-cpu32-sdk-round4/input.json
testify-external--cover-testing,32,mini,4,False,0.03662286000326276,0.043445,26779648,0,True,,,/var/tmp/dd-ci-benchmark-20261004.s81k5i3w/runtime-completion/rows/testify-external--cover-testing-cpu32-mini-round4/input.json
testify-external--cover-testing,32,mini-deferred,4,False,0.03898788499645889,0.047189,29413376,0,True,,,/var/tmp/dd-ci-benchmark-20261004.s81k5i3w/runtime-completion/rows/testify-external--cover-testing-cpu32-mini-deferred-round4/input.json
testify-external--race-cover-testing,4,native,-1,True,1.0116955388803035,0.012531,36814848,0,True,,,/var/tmp/dd-ci-benchmark-20261004.s81k5i3w/runtime-completion/rows/testify-external--race-cover-testing-cpu4-native-round-1/input.json
testify-external--race-cover-testing,4,orchestrion,-1,True,1.0895035199355334,0.110021,78266368,0,True,,,/var/tmp/dd-ci-benchmark-20261004.s81k5i3w/runtime-completion/rows/testify-external--race-cover-testing-cpu4-orchestrion-round-1/input.json
testify-external--race-cover-testing,4,sdk,-1,True,1.0906047229655087,0.111149,77737984,0,True,,,/var/tmp/dd-ci-benchmark-20261004.s81k5i3w/runtime-completion/rows/testify-external--race-cover-testing-cpu4-sdk-round-1/input.json
testify-external--race-cover-testing,4,mini,-1,True,1.073262669146061,0.086547,51752960,0,True,,,/var/tmp/dd-ci-benchmark-20261004.s81k5i3w/runtime-completion/rows/testify-external--race-cover-testing-cpu4-mini-round-1/input.json
testify-external--race-cover-testing,4,mini-deferred,-1,True,1.0760747748427093,0.090314,52350976,0,True,,,/var/tmp/dd-ci-benchmark-20261004.s81k5i3w/runtime-completion/rows/testify-external--race-cover-testing-cpu4-mini-deferred-round-1/input.json
testify-external--race-cover-testing,4,orchestrion,0,False,1.088727347785607,0.106921,77389824,0,True,,,/var/tmp/dd-ci-benchmark-20261004.s81k5i3w/runtime-completion/rows/testify-external--race-cover-testing-cpu4-orchestrion-round0/input.json
testify-external--race-cover-testing,4,sdk,0,False,1.090301892021671,0.11058,79294464,0,True,,,/var/tmp/dd-ci-benchmark-20261004.s81k5i3w/runtime-completion/rows/testify-external--race-cover-testing-cpu4-sdk-round0/input.json
testify-external--race-cover-testing,4,mini,0,False,1.0760286240838468,0.089002,51826688,0,True,,,/var/tmp/dd-ci-benchmark-20261004.s81k5i3w/runtime-completion/rows/testify-external--race-cover-testing-cpu4-mini-round0/input.json
testify-external--race-cover-testing,4,mini-deferred,0,False,1.0764924639370292,0.090969,52396032,0,True,,,/var/tmp/dd-ci-benchmark-20261004.s81k5i3w/runtime-completion/rows/testify-external--race-cover-testing-cpu4-mini-deferred-round0/input.json
testify-external--race-cover-testing,4,native,0,False,1.0115854190662503,0.012302,35147776,0,True,,,/var/tmp/dd-ci-benchmark-20261004.s81k5i3w/runtime-completion/rows/testify-external--race-cover-testing-cpu4-native-round0/input.json
testify-external--race-cover-testing,4,sdk,1,False,1.0918288729153574,0.11261,77430784,0,True,,,/var/tmp/dd-ci-benchmark-20261004.s81k5i3w/runtime-completion/rows/testify-external--race-cover-testing-cpu4-sdk-round1/input.json
testify-external--race-cover-testing,4,mini,1,False,1.0733053379226476,0.087022,52219904,0,True,,,/var/tmp/dd-ci-benchmark-20261004.s81k5i3w/runtime-completion/rows/testify-external--race-cover-testing-cpu4-mini-round1/input.json
testify-external--race-cover-testing,4,mini-deferred,1,False,1.0757663638796657,0.089279,51937280,0,True,,,/var/tmp/dd-ci-benchmark-20261004.s81k5i3w/runtime-completion/rows/testify-external--race-cover-testing-cpu4-mini-deferred-round1/input.json
testify-external--race-cover-testing,4,native,1,False,1.0122114189434797,0.013474,36990976,0,True,,,/var/tmp/dd-ci-benchmark-20261004.s81k5i3w/runtime-completion/rows/testify-external--race-cover-testing-cpu4-native-round1/input.json
testify-external--race-cover-testing,4,orchestrion,1,False,1.0907341099809855,0.110854,78757888,0,True,,,/var/tmp/dd-ci-benchmark-20261004.s81k5i3w/runtime-completion/rows/testify-external--race-cover-testing-cpu4-orchestrion-round1/input.json
testify-external--race-cover-testing,4,mini,2,False,1.0733554190956056,0.088045,51896320,0,True,,,/var/tmp/dd-ci-benchmark-20261004.s81k5i3w/runtime-completion/rows/testify-external--race-cover-testing-cpu4-mini-round2/input.json
testify-external--race-cover-testing,4,mini-deferred,2,False,1.0763411151710898,0.090496,52383744,0,True,,,/var/tmp/dd-ci-benchmark-20261004.s81k5i3w/runtime-completion/rows/testify-external--race-cover-testing-cpu4-mini-deferred-round2/input.json
testify-external--race-cover-testing,4,native,2,False,1.0121655820403248,0.01296,37523456,0,True,,,/var/tmp/dd-ci-benchmark-20261004.s81k5i3w/runtime-completion/rows/testify-external--race-cover-testing-cpu4-native-round2/input.json
testify-external--race-cover-testing,4,orchestrion,2,False,1.090318740112707,0.111453,77922304,0,True,,,/var/tmp/dd-ci-benchmark-20261004.s81k5i3w/runtime-completion/rows/testify-external--race-cover-testing-cpu4-orchestrion-round2/input.json
testify-external--race-cover-testing,4,sdk,2,False,1.0921914749778807,0.112783,78589952,0,True,,,/var/tmp/dd-ci-benchmark-20261004.s81k5i3w/runtime-completion/rows/testify-external--race-cover-testing-cpu4-sdk-round2/input.json
testify-external--race-cover-testing,4,mini-deferred,3,False,1.0765120561700314,0.090053,51367936,0,True,,,/var/tmp/dd-ci-benchmark-20261004.s81k5i3w/runtime-completion/rows/testify-external--race-cover-testing-cpu4-mini-deferred-round3/input.json
testify-external--race-cover-testing,4,native,3,False,1.0120681100524962,0.012466,37031936,0,True,,,/var/tmp/dd-ci-benchmark-20261004.s81k5i3w/runtime-completion/rows/testify-external--race-cover-testing-cpu4-native-round3/input.json
testify-external--race-cover-testing,4,orchestrion,3,False,1.0913539538159966,0.111627,78675968,0,True,,,/var/tmp/dd-ci-benchmark-20261004.s81k5i3w/runtime-completion/rows/testify-external--race-cover-testing-cpu4-orchestrion-round3/input.json
testify-external--race-cover-testing,4,sdk,3,False,1.0903652410488576,0.111766,77922304,0,True,,,/var/tmp/dd-ci-benchmark-20261004.s81k5i3w/runtime-completion/rows/testify-external--race-cover-testing-cpu4-sdk-round3/input.json
testify-external--race-cover-testing,4,mini,3,False,1.073893278837204,0.086689,52137984,0,True,,,/var/tmp/dd-ci-benchmark-20261004.s81k5i3w/runtime-completion/rows/testify-external--race-cover-testing-cpu4-mini-round3/input.json
testify-external--race-cover-testing,4,native,4,False,1.0118412508163601,0.012663,36773888,0,True,,,/var/tmp/dd-ci-benchmark-20261004.s81k5i3w/runtime-completion/rows/testify-external--race-cover-testing-cpu4-native-round4/input.json
testify-external--race-cover-testing,4,orchestrion,4,False,1.089181937975809,0.107501,77606912,0,True,,,/var/tmp/dd-ci-benchmark-20261004.s81k5i3w/runtime-completion/rows/testify-external--race-cover-testing-cpu4-orchestrion-round4/input.json
testify-external--race-cover-testing,4,sdk,4,False,1.0922177731990814,0.11317,78213120,0,True,,,/var/tmp/dd-ci-benchmark-20261004.s81k5i3w/runtime-completion/rows/testify-external--race-cover-testing-cpu4-sdk-round4/input.json
testify-external--race-cover-testing,4,mini,4,False,1.0737671200186014,0.088172,52305920,0,True,,,/var/tmp/dd-ci-benchmark-20261004.s81k5i3w/runtime-completion/rows/testify-external--race-cover-testing-cpu4-mini-round4/input.json
testify-external--race-cover-testing,4,mini-deferred,4,False,1.075587292900309,0.089602,52023296,0,True,,,/var/tmp/dd-ci-benchmark-20261004.s81k5i3w/runtime-completion/rows/testify-external--race-cover-testing-cpu4-mini-deferred-round4/input.json
testify-external--race-cover-testing,32,native,-1,True,1.012943342095241,0.01371,38535168,0,True,,,/var/tmp/dd-ci-benchmark-20261004.s81k5i3w/runtime-completion/rows/testify-external--race-cover-testing-cpu32-native-round-1/input.json
testify-external--race-cover-testing,32,orchestrion,-1,True,1.0961434908676893,0.123902,85520384,0,True,,,/var/tmp/dd-ci-benchmark-20261004.s81k5i3w/runtime-completion/rows/testify-external--race-cover-testing-cpu32-orchestrion-round-1/input.json
testify-external--race-cover-testing,32,sdk,-1,True,1.0999705388676375,0.129795,88842240,0,True,,,/var/tmp/dd-ci-benchmark-20261004.s81k5i3w/runtime-completion/rows/testify-external--race-cover-testing-cpu32-sdk-round-1/input.json
testify-external--race-cover-testing,32,mini,-1,True,1.0789723191410303,0.096581,59064320,0,True,,,/var/tmp/dd-ci-benchmark-20261004.s81k5i3w/runtime-completion/rows/testify-external--race-cover-testing-cpu32-mini-round-1/input.json
testify-external--race-cover-testing,32,mini-deferred,-1,True,1.0841180381830782,0.104185,59228160,0,True,,,/var/tmp/dd-ci-benchmark-20261004.s81k5i3w/runtime-completion/rows/testify-external--race-cover-testing-cpu32-mini-deferred-round-1/input.json
testify-external--race-cover-testing,32,orchestrion,0,False,1.0980014849919826,0.127099,82952192,0,True,,,/var/tmp/dd-ci-benchmark-20261004.s81k5i3w/runtime-completion/rows/testify-external--race-cover-testing-cpu32-orchestrion-round0/input.json
testify-external--race-cover-testing,32,sdk,0,False,1.0979424049146473,0.125092,82620416,0,True,,,/var/tmp/dd-ci-benchmark-20261004.s81k5i3w/runtime-completion/rows/testify-external--race-cover-testing-cpu32-sdk-round0/input.json
testify-external--race-cover-testing,32,mini,0,False,1.0843290099874139,0.10371,53698560,0,True,,,/var/tmp/dd-ci-benchmark-20261004.s81k5i3w/runtime-completion/rows/testify-external--race-cover-testing-cpu32-mini-round0/input.json
testify-external--race-cover-testing,32,mini-deferred,0,False,1.083400848088786,0.103183,57851904,0,True,,,/var/tmp/dd-ci-benchmark-20261004.s81k5i3w/runtime-completion/rows/testify-external--race-cover-testing-cpu32-mini-deferred-round0/input.json
testify-external--race-cover-testing,32,native,0,False,1.0127034119796008,0.01354,38326272,0,True,,,/var/tmp/dd-ci-benchmark-20261004.s81k5i3w/runtime-completion/rows/testify-external--race-cover-testing-cpu32-native-round0/input.json
testify-external--race-cover-testing,32,sdk,1,False,1.0959615109022707,0.120933,85692416,0,True,,,/var/tmp/dd-ci-benchmark-20261004.s81k5i3w/runtime-completion/rows/testify-external--race-cover-testing-cpu32-sdk-round1/input.json
testify-external--race-cover-testing,32,mini,1,False,1.0795479209627956,0.097527,60600320,0,True,,,/var/tmp/dd-ci-benchmark-20261004.s81k5i3w/runtime-completion/rows/testify-external--race-cover-testing-cpu32-mini-round1/input.json
testify-external--race-cover-testing,32,mini-deferred,1,False,1.0837307879701257,0.10275,57397248,0,True,,,/var/tmp/dd-ci-benchmark-20261004.s81k5i3w/runtime-completion/rows/testify-external--race-cover-testing-cpu32-mini-deferred-round1/input.json
testify-external--race-cover-testing,32,native,1,False,1.0139070940203965,0.014729,37490688,0,True,,,/var/tmp/dd-ci-benchmark-20261004.s81k5i3w/runtime-completion/rows/testify-external--race-cover-testing-cpu32-native-round1/input.json
testify-external--race-cover-testing,32,orchestrion,1,False,1.0987609659787267,0.126615,73330688,0,True,,,/var/tmp/dd-ci-benchmark-20261004.s81k5i3w/runtime-completion/rows/testify-external--race-cover-testing-cpu32-orchestrion-round1/input.json
testify-external--race-cover-testing,32,mini,2,False,1.0780791770666838,0.095656,61075456,0,True,,,/var/tmp/dd-ci-benchmark-20261004.s81k5i3w/runtime-completion/rows/testify-external--race-cover-testing-cpu32-mini-round2/input.json
testify-external--race-cover-testing,32,mini-deferred,2,False,1.0806486220099032,0.099379,59838464,0,True,,,/var/tmp/dd-ci-benchmark-20261004.s81k5i3w/runtime-completion/rows/testify-external--race-cover-testing-cpu32-mini-deferred-round2/input.json
testify-external--race-cover-testing,32,native,2,False,1.0125727320555598,0.01331,38035456,0,True,,,/var/tmp/dd-ci-benchmark-20261004.s81k5i3w/runtime-completion/rows/testify-external--race-cover-testing-cpu32-native-round2/input.json
testify-external--race-cover-testing,32,orchestrion,2,False,1.0990986679680645,0.124246,76578816,0,True,,,/var/tmp/dd-ci-benchmark-20261004.s81k5i3w/runtime-completion/rows/testify-external--race-cover-testing-cpu32-orchestrion-round2/input.json
testify-external--race-cover-testing,32,sdk,2,False,1.0979632940143347,0.127117,81231872,0,True,,,/var/tmp/dd-ci-benchmark-20261004.s81k5i3w/runtime-completion/rows/testify-external--race-cover-testing-cpu32-sdk-round2/input.json
testify-external--race-cover-testing,32,mini-deferred,3,False,1.085247480077669,0.105951,56012800,0,True,,,/var/tmp/dd-ci-benchmark-20261004.s81k5i3w/runtime-completion/rows/testify-external--race-cover-testing-cpu32-mini-deferred-round3/input.json
testify-external--race-cover-testing,32,native,3,False,1.0136657829862088,0.014656,31477760,0,True,,,/var/tmp/dd-ci-benchmark-20261004.s81k5i3w/runtime-completion/rows/testify-external--race-cover-testing-cpu32-native-round3/input.json
testify-external--race-cover-testing,32,orchestrion,3,False,1.102928034029901,0.132333,74379264,0,True,,,/var/tmp/dd-ci-benchmark-20261004.s81k5i3w/runtime-completion/rows/testify-external--race-cover-testing-cpu32-orchestrion-round3/input.json
testify-external--race-cover-testing,32,sdk,3,False,1.1011838908307254,0.126941,71839744,0,True,,,/var/tmp/dd-ci-benchmark-20261004.s81k5i3w/runtime-completion/rows/testify-external--race-cover-testing-cpu32-sdk-round3/input.json
testify-external--race-cover-testing,32,mini,3,False,1.0801955012138933,0.098318,54505472,0,True,,,/var/tmp/dd-ci-benchmark-20261004.s81k5i3w/runtime-completion/rows/testify-external--race-cover-testing-cpu32-mini-round3/input.json
testify-external--race-cover-testing,32,native,4,False,1.012989382026717,0.01379,38592512,0,True,,,/var/tmp/dd-ci-benchmark-20261004.s81k5i3w/runtime-completion/rows/testify-external--race-cover-testing-cpu32-native-round4/input.json
testify-external--race-cover-testing,32,orchestrion,4,False,1.0961271210107952,0.125069,88076288,0,True,,,/var/tmp/dd-ci-benchmark-20261004.s81k5i3w/runtime-completion/rows/testify-external--race-cover-testing-cpu32-orchestrion-round4/input.json
testify-external--race-cover-testing,32,sdk,4,False,1.0974457240663469,0.128809,88981504,0,True,,,/var/tmp/dd-ci-benchmark-20261004.s81k5i3w/runtime-completion/rows/testify-external--race-cover-testing-cpu32-sdk-round4/input.json
testify-external--race-cover-testing,32,mini,4,False,1.0797028900124133,0.09731,58789888,0,True,,,/var/tmp/dd-ci-benchmark-20261004.s81k5i3w/runtime-completion/rows/testify-external--race-cover-testing-cpu32-mini-round4/input.json
testify-external--race-cover-testing,32,mini-deferred,4,False,1.083276875084266,0.103186,61235200,0,True,,,/var/tmp/dd-ci-benchmark-20261004.s81k5i3w/runtime-completion/rows/testify-external--race-cover-testing-cpu32-mini-deferred-round4/input.json
chi--race,4,native,-1,True,27.21604574797675,44.11185,3114975232,0,True,,,/var/tmp/dd-ci-benchmark-20261004.s81k5i3w/runtime-completion/rows/chi--race-cpu4-native-round-1/input.json
chi--race,4,orchestrion,-1,True,27.306098931934685,45.459936,3047751680,0,True,,,/var/tmp/dd-ci-benchmark-20261004.s81k5i3w/runtime-completion/rows/chi--race-cpu4-orchestrion-round-1/input.json
chi--race,4,sdk,-1,True,27.297517514089122,45.136876,3072299008,0,True,,,/var/tmp/dd-ci-benchmark-20261004.s81k5i3w/runtime-completion/rows/chi--race-cpu4-sdk-round-1/input.json
chi--race,4,mini,-1,True,27.303424620069563,45.087385,3164348416,0,True,,,/var/tmp/dd-ci-benchmark-20261004.s81k5i3w/runtime-completion/rows/chi--race-cpu4-mini-round-1/input.json
chi--race,4,mini-deferred,-1,True,27.32535957894288,44.621535,3163500544,0,True,,,/var/tmp/dd-ci-benchmark-20261004.s81k5i3w/runtime-completion/rows/chi--race-cpu4-mini-deferred-round-1/input.json
chi--race,4,orchestrion,0,False,27.322207431076095,45.87118,3120807936,0,True,,,/var/tmp/dd-ci-benchmark-20261004.s81k5i3w/runtime-completion/rows/chi--race-cpu4-orchestrion-round0/input.json
chi--race,4,sdk,0,False,27.322944115148857,45.642388,3159502848,0,True,,,/var/tmp/dd-ci-benchmark-20261004.s81k5i3w/runtime-completion/rows/chi--race-cpu4-sdk-round0/input.json
chi--race,4,mini,0,False,27.294923236826435,44.402495,3170426880,0,True,,,/var/tmp/dd-ci-benchmark-20261004.s81k5i3w/runtime-completion/rows/chi--race-cpu4-mini-round0/input.json
chi--race,4,mini-deferred,0,False,27.333220930071548,44.647534,3177529344,0,True,,,/var/tmp/dd-ci-benchmark-20261004.s81k5i3w/runtime-completion/rows/chi--race-cpu4-mini-deferred-round0/input.json
chi--race,4,native,0,False,27.214190234197304,44.823804,3114467328,0,True,,,/var/tmp/dd-ci-benchmark-20261004.s81k5i3w/runtime-completion/rows/chi--race-cpu4-native-round0/input.json
chi--race,4,sdk,1,False,27.328893904108554,45.94962,3070824448,0,True,,,/var/tmp/dd-ci-benchmark-20261004.s81k5i3w/runtime-completion/rows/chi--race-cpu4-sdk-round1/input.json
chi--race,4,mini,1,False,27.320301946951076,44.728428,3166855168,0,True,,,/var/tmp/dd-ci-benchmark-20261004.s81k5i3w/runtime-completion/rows/chi--race-cpu4-mini-round1/input.json
chi--race,4,mini-deferred,1,False,27.30616722605191,44.578702,3141427200,0,True,,,/var/tmp/dd-ci-benchmark-20261004.s81k5i3w/runtime-completion/rows/chi--race-cpu4-mini-deferred-round1/input.json
chi--race,4,native,1,False,27.216558646177873,44.603395,3102474240,0,True,,,/var/tmp/dd-ci-benchmark-20261004.s81k5i3w/runtime-completion/rows/chi--race-cpu4-native-round1/input.json
chi--race,4,orchestrion,1,False,27.32568738493137,46.247963,3191685120,0,True,,,/var/tmp/dd-ci-benchmark-20261004.s81k5i3w/runtime-completion/rows/chi--race-cpu4-orchestrion-round1/input.json
chi--race,4,mini,2,False,27.310952038038522,44.50038,3159207936,0,True,,,/var/tmp/dd-ci-benchmark-20261004.s81k5i3w/runtime-completion/rows/chi--race-cpu4-mini-round2/input.json
chi--race,4,mini-deferred,2,False,27.335710966959596,44.536189,3150749696,0,True,,,/var/tmp/dd-ci-benchmark-20261004.s81k5i3w/runtime-completion/rows/chi--race-cpu4-mini-deferred-round2/input.json
chi--race,4,native,2,False,27.2096897570882,44.789768,3146801152,0,True,,,/var/tmp/dd-ci-benchmark-20261004.s81k5i3w/runtime-completion/rows/chi--race-cpu4-native-round2/input.json
chi--race,4,orchestrion,2,False,27.323288993909955,46.467888,3223363584,0,True,,,/var/tmp/dd-ci-benchmark-20261004.s81k5i3w/runtime-completion/rows/chi--race-cpu4-orchestrion-round2/input.json
chi--race,4,sdk,2,False,27.303556228987873,45.395924,3087912960,0,True,,,/var/tmp/dd-ci-benchmark-20261004.s81k5i3w/runtime-completion/rows/chi--race-cpu4-sdk-round2/input.json
chi--race,4,mini-deferred,3,False,27.332373006036505,44.685208,3137208320,0,True,,,/var/tmp/dd-ci-benchmark-20261004.s81k5i3w/runtime-completion/rows/chi--race-cpu4-mini-deferred-round3/input.json
chi--race,4,native,3,False,27.216216165106744,44.707255,3098140672,0,True,,,/var/tmp/dd-ci-benchmark-20261004.s81k5i3w/runtime-completion/rows/chi--race-cpu4-native-round3/input.json
chi--race,4,orchestrion,3,False,27.308319665957242,46.083466,3100762112,0,True,,,/var/tmp/dd-ci-benchmark-20261004.s81k5i3w/runtime-completion/rows/chi--race-cpu4-orchestrion-round3/input.json
chi--race,4,sdk,3,False,27.30415106890723,45.404279,3197739008,0,True,,,/var/tmp/dd-ci-benchmark-20261004.s81k5i3w/runtime-completion/rows/chi--race-cpu4-sdk-round3/input.json
chi--race,4,mini,3,False,27.30221607303247,44.555409,3157708800,0,True,,,/var/tmp/dd-ci-benchmark-20261004.s81k5i3w/runtime-completion/rows/chi--race-cpu4-mini-round3/input.json
chi--race,4,native,4,False,27.210891755996272,44.51913,3101790208,0,True,,,/var/tmp/dd-ci-benchmark-20261004.s81k5i3w/runtime-completion/rows/chi--race-cpu4-native-round4/input.json
chi--race,4,orchestrion,4,False,27.308936109999195,45.55962,3124076544,0,True,,,/var/tmp/dd-ci-benchmark-20261004.s81k5i3w/runtime-completion/rows/chi--race-cpu4-orchestrion-round4/input.json
chi--race,4,sdk,4,False,27.30465236795135,45.377325,3084521472,0,True,,,/var/tmp/dd-ci-benchmark-20261004.s81k5i3w/runtime-completion/rows/chi--race-cpu4-sdk-round4/input.json
chi--race,4,mini,4,False,27.289656441891566,44.715222,3168829440,0,True,,,/var/tmp/dd-ci-benchmark-20261004.s81k5i3w/runtime-completion/rows/chi--race-cpu4-mini-round4/input.json
chi--race,4,mini-deferred,4,False,27.340591869084165,44.361007,3162193920,0,True,,,/var/tmp/dd-ci-benchmark-20261004.s81k5i3w/runtime-completion/rows/chi--race-cpu4-mini-deferred-round4/input.json
chi--race,32,native,-1,True,27.221420841058716,223.825973,3213983744,0,True,,,/var/tmp/dd-ci-benchmark-20261004.s81k5i3w/runtime-completion/rows/chi--race-cpu32-native-round-1/input.json
chi--race,32,orchestrion,-1,True,27.321593543048948,145.870091,3255697408,0,True,,,/var/tmp/dd-ci-benchmark-20261004.s81k5i3w/runtime-completion/rows/chi--race-cpu32-orchestrion-round-1/input.json
chi--race,32,sdk,-1,True,27.32212968613021,141.869412,3250257920,0,True,,,/var/tmp/dd-ci-benchmark-20261004.s81k5i3w/runtime-completion/rows/chi--race-cpu32-sdk-round-1/input.json
chi--race,32,mini,-1,True,27.28217684291303,226.926015,3228000256,0,True,,,/var/tmp/dd-ci-benchmark-20261004.s81k5i3w/runtime-completion/rows/chi--race-cpu32-mini-round-1/input.json
chi--race,32,mini-deferred,-1,True,27.317027830984443,226.608624,3231506432,0,True,,,/var/tmp/dd-ci-benchmark-20261004.s81k5i3w/runtime-completion/rows/chi--race-cpu32-mini-deferred-round-1/input.json
chi--race,32,orchestrion,0,False,27.324464057106525,147.245017,3258056704,0,True,,,/var/tmp/dd-ci-benchmark-20261004.s81k5i3w/runtime-completion/rows/chi--race-cpu32-orchestrion-round0/input.json
chi--race,32,sdk,0,False,27.318418028997257,144.311469,3229446144,0,True,,,/var/tmp/dd-ci-benchmark-20261004.s81k5i3w/runtime-completion/rows/chi--race-cpu32-sdk-round0/input.json
chi--race,32,mini,0,False,27.31263938685879,227.140372,3229900800,0,True,,,/var/tmp/dd-ci-benchmark-20261004.s81k5i3w/runtime-completion/rows/chi--race-cpu32-mini-round0/input.json
chi--race,32,mini-deferred,0,False,27.31454891501926,225.363813,3231916032,0,True,,,/var/tmp/dd-ci-benchmark-20261004.s81k5i3w/runtime-completion/rows/chi--race-cpu32-mini-deferred-round0/input.json
chi--race,32,native,0,False,27.220010575139895,224.184257,3221913600,0,True,,,/var/tmp/dd-ci-benchmark-20261004.s81k5i3w/runtime-completion/rows/chi--race-cpu32-native-round0/input.json
chi--race,32,sdk,1,False,27.319972325116396,143.988923,3360145408,0,True,,,/var/tmp/dd-ci-benchmark-20261004.s81k5i3w/runtime-completion/rows/chi--race-cpu32-sdk-round1/input.json
chi--race,32,mini,1,False,27.30506622698158,226.46907,3236159488,0,True,,,/var/tmp/dd-ci-benchmark-20261004.s81k5i3w/runtime-completion/rows/chi--race-cpu32-mini-round1/input.json
chi--race,32,mini-deferred,1,False,27.316273221978918,226.272951,3214671872,0,True,,,/var/tmp/dd-ci-benchmark-20261004.s81k5i3w/runtime-completion/rows/chi--race-cpu32-mini-deferred-round1/input.json
chi--race,32,native,1,False,27.217934709973633,225.081637,3217874944,0,True,,,/var/tmp/dd-ci-benchmark-20261004.s81k5i3w/runtime-completion/rows/chi--race-cpu32-native-round1/input.json
chi--race,32,orchestrion,1,False,27.32920673303306,146.4241,3263569920,0,True,,,/var/tmp/dd-ci-benchmark-20261004.s81k5i3w/runtime-completion/rows/chi--race-cpu32-orchestrion-round1/input.json
chi--race,32,mini,2,False,27.287863629171625,227.730811,3238297600,0,True,,,/var/tmp/dd-ci-benchmark-20261004.s81k5i3w/runtime-completion/rows/chi--race-cpu32-mini-round2/input.json
chi--race,32,mini-deferred,2,False,27.34879308892414,227.9608,3216035840,0,True,,,/var/tmp/dd-ci-benchmark-20261004.s81k5i3w/runtime-completion/rows/chi--race-cpu32-mini-deferred-round2/input.json
chi--race,32,native,2,False,27.214791930979118,225.164169,3208146944,0,True,,,/var/tmp/dd-ci-benchmark-20261004.s81k5i3w/runtime-completion/rows/chi--race-cpu32-native-round2/input.json
chi--race,32,orchestrion,2,False,27.302994863130152,147.024159,3359539200,0,True,,,/var/tmp/dd-ci-benchmark-20261004.s81k5i3w/runtime-completion/rows/chi--race-cpu32-orchestrion-round2/input.json
chi--race,32,sdk,2,False,27.322214558022097,142.738428,3244199936,0,True,,,/var/tmp/dd-ci-benchmark-20261004.s81k5i3w/runtime-completion/rows/chi--race-cpu32-sdk-round2/input.json
chi--race,32,mini-deferred,3,False,27.34671540488489,228.229583,3234541568,0,True,,,/var/tmp/dd-ci-benchmark-20261004.s81k5i3w/runtime-completion/rows/chi--race-cpu32-mini-deferred-round3/input.json
chi--race,32,native,3,False,27.225713391089812,225.535863,3219955712,0,True,,,/var/tmp/dd-ci-benchmark-20261004.s81k5i3w/runtime-completion/rows/chi--race-cpu32-native-round3/input.json
chi--race,32,orchestrion,3,False,27.320352819981053,147.048678,3267391488,0,True,,,/var/tmp/dd-ci-benchmark-20261004.s81k5i3w/runtime-completion/rows/chi--race-cpu32-orchestrion-round3/input.json
chi--race,32,sdk,3,False,27.315659225918353,143.743666,3230818304,0,True,,,/var/tmp/dd-ci-benchmark-20261004.s81k5i3w/runtime-completion/rows/chi--race-cpu32-sdk-round3/input.json
chi--race,32,mini,3,False,27.305109085980803,227.026848,3227688960,0,True,,,/var/tmp/dd-ci-benchmark-20261004.s81k5i3w/runtime-completion/rows/chi--race-cpu32-mini-round3/input.json
chi--race,32,native,4,False,27.21803891705349,225.509754,3210571776,0,True,,,/var/tmp/dd-ci-benchmark-20261004.s81k5i3w/runtime-completion/rows/chi--race-cpu32-native-round4/input.json
chi--race,32,orchestrion,4,False,27.324007022893056,147.573393,3225636864,0,True,,,/var/tmp/dd-ci-benchmark-20261004.s81k5i3w/runtime-completion/rows/chi--race-cpu32-orchestrion-round4/input.json
chi--race,32,sdk,4,False,27.29952704999596,143.322044,3235426304,0,True,,,/var/tmp/dd-ci-benchmark-20261004.s81k5i3w/runtime-completion/rows/chi--race-cpu32-sdk-round4/input.json
chi--race,32,mini,4,False,27.306947867851704,228.731247,3234451456,0,True,,,/var/tmp/dd-ci-benchmark-20261004.s81k5i3w/runtime-completion/rows/chi--race-cpu32-mini-round4/input.json
chi--race,32,mini-deferred,4,False,27.318876517005265,227.704097,3231178752,0,True,,,/var/tmp/dd-ci-benchmark-20261004.s81k5i3w/runtime-completion/rows/chi--race-cpu32-mini-deferred-round4/input.json
chi--cover,4,native,-1,True,26.147987014148384,3.012499,61304832,0,True,,,/var/tmp/dd-ci-benchmark-20261004.s81k5i3w/runtime-completion/rows/chi--cover-cpu4-native-round-1/input.json
chi--cover,4,orchestrion,-1,True,26.231401295168325,2.986508,78065664,0,True,,coverage requested but no coverage events were delivered: chi--cover-cpu4-orchestrion-round-1,/var/tmp/dd-ci-benchmark-20261004.s81k5i3w/runtime-completion/rows/chi--cover-cpu4-orchestrion-round-1/input.json
chi--cover,4,sdk,-1,True,26.234814926981926,2.989496,90771456,0,True,,coverage requested but no coverage events were delivered: chi--cover-cpu4-sdk-round-1,/var/tmp/dd-ci-benchmark-20261004.s81k5i3w/runtime-completion/rows/chi--cover-cpu4-sdk-round-1/input.json
chi--cover,4,mini,-1,True,26.230415276950225,3.51639,59789312,0,True,,coverage requested but no coverage events were delivered: chi--cover-cpu4-mini-round-1,/var/tmp/dd-ci-benchmark-20261004.s81k5i3w/runtime-completion/rows/chi--cover-cpu4-mini-round-1/input.json
chi--cover,4,mini-deferred,-1,True,26.24873715103604,3.506211,63393792,0,True,,coverage requested but no coverage events were delivered: chi--cover-cpu4-mini-deferred-round-1,/var/tmp/dd-ci-benchmark-20261004.s81k5i3w/runtime-completion/rows/chi--cover-cpu4-mini-deferred-round-1/input.json
chi--cover,4,orchestrion,0,False,26.22429336188361,3.008069,85934080,0,True,,coverage requested but no coverage events were delivered: chi--cover-cpu4-orchestrion-round0,/var/tmp/dd-ci-benchmark-20261004.s81k5i3w/runtime-completion/rows/chi--cover-cpu4-orchestrion-round0/input.json
chi--cover,4,sdk,0,False,26.23291832418181,2.975509,81367040,0,True,,coverage requested but no coverage events were delivered: chi--cover-cpu4-sdk-round0,/var/tmp/dd-ci-benchmark-20261004.s81k5i3w/runtime-completion/rows/chi--cover-cpu4-sdk-round0/input.json
chi--cover,4,mini,0,False,26.238728233845904,3.560741,61116416,0,True,,coverage requested but no coverage events were delivered: chi--cover-cpu4-mini-round0,/var/tmp/dd-ci-benchmark-20261004.s81k5i3w/runtime-completion/rows/chi--cover-cpu4-mini-round0/input.json
chi--cover,4,mini-deferred,0,False,26.239405079977587,3.532782,60997632,0,True,,coverage requested but no coverage events were delivered: chi--cover-cpu4-mini-deferred-round0,/var/tmp/dd-ci-benchmark-20261004.s81k5i3w/runtime-completion/rows/chi--cover-cpu4-mini-deferred-round0/input.json
chi--cover,4,native,0,False,26.134604470804334,3.026159,50532352,0,True,,,/var/tmp/dd-ci-benchmark-20261004.s81k5i3w/runtime-completion/rows/chi--cover-cpu4-native-round0/input.json
chi--cover,4,sdk,1,False,26.22819893900305,2.955504,84676608,0,True,,coverage requested but no coverage events were delivered: chi--cover-cpu4-sdk-round1,/var/tmp/dd-ci-benchmark-20261004.s81k5i3w/runtime-completion/rows/chi--cover-cpu4-sdk-round1/input.json
chi--cover,4,mini,1,False,26.226600892143324,3.558394,64176128,0,True,,coverage requested but no coverage events were delivered: chi--cover-cpu4-mini-round1,/var/tmp/dd-ci-benchmark-20261004.s81k5i3w/runtime-completion/rows/chi--cover-cpu4-mini-round1/input.json
chi--cover,4,mini-deferred,1,False,26.243630917044356,3.558554,65916928,0,True,,coverage requested but no coverage events were delivered: chi--cover-cpu4-mini-deferred-round1,/var/tmp/dd-ci-benchmark-20261004.s81k5i3w/runtime-completion/rows/chi--cover-cpu4-mini-deferred-round1/input.json
chi--cover,4,native,1,False,26.13562333700247,2.994286,44417024,0,True,,,/var/tmp/dd-ci-benchmark-20261004.s81k5i3w/runtime-completion/rows/chi--cover-cpu4-native-round1/input.json
chi--cover,4,orchestrion,1,False,26.236508277943358,3.020666,90460160,0,True,,coverage requested but no coverage events were delivered: chi--cover-cpu4-orchestrion-round1,/var/tmp/dd-ci-benchmark-20261004.s81k5i3w/runtime-completion/rows/chi--cover-cpu4-orchestrion-round1/input.json
chi--cover,4,mini,2,False,26.225923819933087,3.516163,55459840,0,True,,coverage requested but no coverage events were delivered: chi--cover-cpu4-mini-round2,/var/tmp/dd-ci-benchmark-20261004.s81k5i3w/runtime-completion/rows/chi--cover-cpu4-mini-round2/input.json
chi--cover,4,mini-deferred,2,False,26.2348366510123,3.523465,62234624,0,True,,coverage requested but no coverage events were delivered: chi--cover-cpu4-mini-deferred-round2,/var/tmp/dd-ci-benchmark-20261004.s81k5i3w/runtime-completion/rows/chi--cover-cpu4-mini-deferred-round2/input.json
chi--cover,4,native,2,False,26.140277398051694,2.966301,45613056,0,True,,,/var/tmp/dd-ci-benchmark-20261004.s81k5i3w/runtime-completion/rows/chi--cover-cpu4-native-round2/input.json
chi--cover,4,orchestrion,2,False,26.229098436888307,2.988494,82817024,0,True,,coverage requested but no coverage events were delivered: chi--cover-cpu4-orchestrion-round2,/var/tmp/dd-ci-benchmark-20261004.s81k5i3w/runtime-completion/rows/chi--cover-cpu4-orchestrion-round2/input.json
chi--cover,4,sdk,2,False,26.231160474009812,2.959473,82563072,0,True,,coverage requested but no coverage events were delivered: chi--cover-cpu4-sdk-round2,/var/tmp/dd-ci-benchmark-20261004.s81k5i3w/runtime-completion/rows/chi--cover-cpu4-sdk-round2/input.json
chi--cover,4,mini-deferred,3,False,26.245354863116518,3.50193,60186624,0,True,,coverage requested but no coverage events were delivered: chi--cover-cpu4-mini-deferred-round3,/var/tmp/dd-ci-benchmark-20261004.s81k5i3w/runtime-completion/rows/chi--cover-cpu4-mini-deferred-round3/input.json
chi--cover,4,native,3,False,26.136956761823967,3.004046,44318720,0,True,,,/var/tmp/dd-ci-benchmark-20261004.s81k5i3w/runtime-completion/rows/chi--cover-cpu4-native-round3/input.json
chi--cover,4,orchestrion,3,False,26.227465221192688,2.983702,95346688,0,True,,coverage requested but no coverage events were delivered: chi--cover-cpu4-orchestrion-round3,/var/tmp/dd-ci-benchmark-20261004.s81k5i3w/runtime-completion/rows/chi--cover-cpu4-orchestrion-round3/input.json
chi--cover,4,sdk,3,False,26.224956640042365,2.94444,81502208,0,True,,coverage requested but no coverage events were delivered: chi--cover-cpu4-sdk-round3,/var/tmp/dd-ci-benchmark-20261004.s81k5i3w/runtime-completion/rows/chi--cover-cpu4-sdk-round3/input.json
chi--cover,4,mini,3,False,26.23042469797656,3.51949,61554688,0,True,,coverage requested but no coverage events were delivered: chi--cover-cpu4-mini-round3,/var/tmp/dd-ci-benchmark-20261004.s81k5i3w/runtime-completion/rows/chi--cover-cpu4-mini-round3/input.json
chi--cover,4,native,4,False,26.137467190856114,3.018773,45088768,0,True,,,/var/tmp/dd-ci-benchmark-20261004.s81k5i3w/runtime-completion/rows/chi--cover-cpu4-native-round4/input.json
chi--cover,4,orchestrion,4,False,26.234608094906434,3.014536,89088000,0,True,,coverage requested but no coverage events were delivered: chi--cover-cpu4-orchestrion-round4,/var/tmp/dd-ci-benchmark-20261004.s81k5i3w/runtime-completion/rows/chi--cover-cpu4-orchestrion-round4/input.json
chi--cover,4,sdk,4,False,26.253542291000485,3.250295,99053568,0,True,,coverage requested but no coverage events were delivered: chi--cover-cpu4-sdk-round4,/var/tmp/dd-ci-benchmark-20261004.s81k5i3w/runtime-completion/rows/chi--cover-cpu4-sdk-round4/input.json
chi--cover,4,mini,4,False,26.229943744139746,3.507669,57593856,0,True,,coverage requested but no coverage events were delivered: chi--cover-cpu4-mini-round4,/var/tmp/dd-ci-benchmark-20261004.s81k5i3w/runtime-completion/rows/chi--cover-cpu4-mini-round4/input.json
chi--cover,4,mini-deferred,4,False,26.24324674392119,3.542009,58683392,0,True,,coverage requested but no coverage events were delivered: chi--cover-cpu4-mini-deferred-round4,/var/tmp/dd-ci-benchmark-20261004.s81k5i3w/runtime-completion/rows/chi--cover-cpu4-mini-deferred-round4/input.json
chi--cover,32,native,-1,True,26.143407084979117,8.601417,87564288,0,True,,,/var/tmp/dd-ci-benchmark-20261004.s81k5i3w/runtime-completion/rows/chi--cover-cpu32-native-round-1/input.json
chi--cover,32,orchestrion,-1,True,26.240178026957437,8.773857,139403264,0,True,,coverage requested but no coverage events were delivered: chi--cover-cpu32-orchestrion-round-1,/var/tmp/dd-ci-benchmark-20261004.s81k5i3w/runtime-completion/rows/chi--cover-cpu32-orchestrion-round-1/input.json
chi--cover,32,sdk,-1,True,26.23042300110683,9.000566,150401024,0,True,,coverage requested but no coverage events were delivered: chi--cover-cpu32-sdk-round-1,/var/tmp/dd-ci-benchmark-20261004.s81k5i3w/runtime-completion/rows/chi--cover-cpu32-sdk-round-1/input.json
chi--cover,32,mini,-1,True,26.241223839111626,10.377313,104828928,0,True,,coverage requested but no coverage events were delivered: chi--cover-cpu32-mini-round-1,/var/tmp/dd-ci-benchmark-20261004.s81k5i3w/runtime-completion/rows/chi--cover-cpu32-mini-round-1/input.json
chi--cover,32,mini-deferred,-1,True,26.231841497821733,10.516133,99340288,0,True,,coverage requested but no coverage events were delivered: chi--cover-cpu32-mini-deferred-round-1,/var/tmp/dd-ci-benchmark-20261004.s81k5i3w/runtime-completion/rows/chi--cover-cpu32-mini-deferred-round-1/input.json
chi--cover,32,orchestrion,0,False,26.23076033894904,8.677196,159625216,0,True,,coverage requested but no coverage events were delivered: chi--cover-cpu32-orchestrion-round0,/var/tmp/dd-ci-benchmark-20261004.s81k5i3w/runtime-completion/rows/chi--cover-cpu32-orchestrion-round0/input.json
chi--cover,32,sdk,0,False,26.2362933519762,8.822866,157470720,0,True,,coverage requested but no coverage events were delivered: chi--cover-cpu32-sdk-round0,/var/tmp/dd-ci-benchmark-20261004.s81k5i3w/runtime-completion/rows/chi--cover-cpu32-sdk-round0/input.json
chi--cover,32,mini,0,False,26.231441653100774,10.476382,92790784,0,True,,coverage requested but no coverage events were delivered: chi--cover-cpu32-mini-round0,/var/tmp/dd-ci-benchmark-20261004.s81k5i3w/runtime-completion/rows/chi--cover-cpu32-mini-round0/input.json
chi--cover,32,mini-deferred,0,False,26.24346596095711,10.570202,98607104,0,True,,coverage requested but no coverage events were delivered: chi--cover-cpu32-mini-deferred-round0,/var/tmp/dd-ci-benchmark-20261004.s81k5i3w/runtime-completion/rows/chi--cover-cpu32-mini-deferred-round0/input.json
chi--cover,32,native,0,False,26.140309589914978,8.761943,78962688,0,True,,,/var/tmp/dd-ci-benchmark-20261004.s81k5i3w/runtime-completion/rows/chi--cover-cpu32-native-round0/input.json
chi--cover,32,sdk,1,False,26.238085011951625,8.947799,154595328,0,True,,coverage requested but no coverage events were delivered: chi--cover-cpu32-sdk-round1,/var/tmp/dd-ci-benchmark-20261004.s81k5i3w/runtime-completion/rows/chi--cover-cpu32-sdk-round1/input.json
chi--cover,32,mini,1,False,26.238987162010744,10.344181,97026048,0,True,,coverage requested but no coverage events were delivered: chi--cover-cpu32-mini-round1,/var/tmp/dd-ci-benchmark-20261004.s81k5i3w/runtime-completion/rows/chi--cover-cpu32-mini-round1/input.json
chi--cover,32,mini-deferred,1,False,26.244633595924824,10.533591,100626432,0,True,,coverage requested but no coverage events were delivered: chi--cover-cpu32-mini-deferred-round1,/var/tmp/dd-ci-benchmark-20261004.s81k5i3w/runtime-completion/rows/chi--cover-cpu32-mini-deferred-round1/input.json
chi--cover,32,native,1,False,26.138273203978315,8.681347,85946368,0,True,,,/var/tmp/dd-ci-benchmark-20261004.s81k5i3w/runtime-completion/rows/chi--cover-cpu32-native-round1/input.json
chi--cover,32,orchestrion,1,False,26.234864099882543,8.816616,156368896,0,True,,coverage requested but no coverage events were delivered: chi--cover-cpu32-orchestrion-round1,/var/tmp/dd-ci-benchmark-20261004.s81k5i3w/runtime-completion/rows/chi--cover-cpu32-orchestrion-round1/input.json
chi--cover,32,mini,2,False,26.229742628056556,10.52351,100466688,0,True,,coverage requested but no coverage events were delivered: chi--cover-cpu32-mini-round2,/var/tmp/dd-ci-benchmark-20261004.s81k5i3w/runtime-completion/rows/chi--cover-cpu32-mini-round2/input.json
chi--cover,32,mini-deferred,2,False,26.24295096215792,10.485787,105521152,0,True,,coverage requested but no coverage events were delivered: chi--cover-cpu32-mini-deferred-round2,/var/tmp/dd-ci-benchmark-20261004.s81k5i3w/runtime-completion/rows/chi--cover-cpu32-mini-deferred-round2/input.json
chi--cover,32,native,2,False,26.14441945287399,8.25769,111575040,0,True,,,/var/tmp/dd-ci-benchmark-20261004.s81k5i3w/runtime-completion/rows/chi--cover-cpu32-native-round2/input.json
chi--cover,32,orchestrion,2,False,26.233959787990898,8.829408,147030016,0,True,,coverage requested but no coverage events were delivered: chi--cover-cpu32-orchestrion-round2,/var/tmp/dd-ci-benchmark-20261004.s81k5i3w/runtime-completion/rows/chi--cover-cpu32-orchestrion-round2/input.json
chi--cover,32,sdk,2,False,26.231836603023112,8.783247,142417920,0,True,,coverage requested but no coverage events were delivered: chi--cover-cpu32-sdk-round2,/var/tmp/dd-ci-benchmark-20261004.s81k5i3w/runtime-completion/rows/chi--cover-cpu32-sdk-round2/input.json
chi--cover,32,mini-deferred,3,False,26.235743212979287,10.413972,102993920,0,True,,coverage requested but no coverage events were delivered: chi--cover-cpu32-mini-deferred-round3,/var/tmp/dd-ci-benchmark-20261004.s81k5i3w/runtime-completion/rows/chi--cover-cpu32-mini-deferred-round3/input.json
chi--cover,32,native,3,False,26.140128867002204,8.704006,92950528,0,True,,,/var/tmp/dd-ci-benchmark-20261004.s81k5i3w/runtime-completion/rows/chi--cover-cpu32-native-round3/input.json
chi--cover,32,orchestrion,3,False,26.228725381894037,8.804965,161206272,0,True,,coverage requested but no coverage events were delivered: chi--cover-cpu32-orchestrion-round3,/var/tmp/dd-ci-benchmark-20261004.s81k5i3w/runtime-completion/rows/chi--cover-cpu32-orchestrion-round3/input.json
chi--cover,32,sdk,3,False,26.236495552118868,8.867446,157655040,0,True,,coverage requested but no coverage events were delivered: chi--cover-cpu32-sdk-round3,/var/tmp/dd-ci-benchmark-20261004.s81k5i3w/runtime-completion/rows/chi--cover-cpu32-sdk-round3/input.json
chi--cover,32,mini,3,False,26.230837990064174,10.783316,100839424,0,True,,coverage requested but no coverage events were delivered: chi--cover-cpu32-mini-round3,/var/tmp/dd-ci-benchmark-20261004.s81k5i3w/runtime-completion/rows/chi--cover-cpu32-mini-round3/input.json
chi--cover,32,native,4,False,26.138643527869135,8.707141,107130880,0,True,,,/var/tmp/dd-ci-benchmark-20261004.s81k5i3w/runtime-completion/rows/chi--cover-cpu32-native-round4/input.json
chi--cover,32,orchestrion,4,False,26.238063622033224,8.769757,140349440,0,True,,coverage requested but no coverage events were delivered: chi--cover-cpu32-orchestrion-round4,/var/tmp/dd-ci-benchmark-20261004.s81k5i3w/runtime-completion/rows/chi--cover-cpu32-orchestrion-round4/input.json
chi--cover,32,sdk,4,False,26.232314651831985,8.881501,155082752,0,True,,coverage requested but no coverage events were delivered: chi--cover-cpu32-sdk-round4,/var/tmp/dd-ci-benchmark-20261004.s81k5i3w/runtime-completion/rows/chi--cover-cpu32-sdk-round4/input.json
chi--cover,32,mini,4,False,26.235221695853397,10.436001,100728832,0,True,,coverage requested but no coverage events were delivered: chi--cover-cpu32-mini-round4,/var/tmp/dd-ci-benchmark-20261004.s81k5i3w/runtime-completion/rows/chi--cover-cpu32-mini-round4/input.json
chi--cover,32,mini-deferred,4,False,26.24647965305485,10.42491,100360192,0,True,,coverage requested but no coverage events were delivered: chi--cover-cpu32-mini-deferred-round4,/var/tmp/dd-ci-benchmark-20261004.s81k5i3w/runtime-completion/rows/chi--cover-cpu32-mini-deferred-round4/input.json
chi--cover-client,4,native,-1,True,26.135173739865422,3.239385,54038528,0,True,,,/var/tmp/dd-ci-benchmark-20261004.s81k5i3w/runtime-completion/rows/chi--cover-client-cpu4-native-round-1/input.json
chi--cover-client,4,orchestrion,-1,True,26.795468593016267,4.27727,106405888,0,True,,,/var/tmp/dd-ci-benchmark-20261004.s81k5i3w/runtime-completion/rows/chi--cover-client-cpu4-orchestrion-round-1/input.json
chi--cover-client,4,sdk,-1,True,26.80005015200004,4.283505,113516544,0,True,,,/var/tmp/dd-ci-benchmark-20261004.s81k5i3w/runtime-completion/rows/chi--cover-client-cpu4-sdk-round-1/input.json
chi--cover-client,4,mini,-1,True,26.795256356941536,4.834549,70311936,0,True,,,/var/tmp/dd-ci-benchmark-20261004.s81k5i3w/runtime-completion/rows/chi--cover-client-cpu4-mini-round-1/input.json
chi--cover-client,4,mini-deferred,-1,True,26.857199992984533,4.887029,69615616,0,True,,,/var/tmp/dd-ci-benchmark-20261004.s81k5i3w/runtime-completion/rows/chi--cover-client-cpu4-mini-deferred-round-1/input.json
chi--cover-client,4,orchestrion,0,False,26.78857111814432,4.300277,112365568,0,True,,,/var/tmp/dd-ci-benchmark-20261004.s81k5i3w/runtime-completion/rows/chi--cover-client-cpu4-orchestrion-round0/input.json
chi--cover-client,4,sdk,0,False,26.804015822010115,4.244463,102961152,0,True,,,/var/tmp/dd-ci-benchmark-20261004.s81k5i3w/runtime-completion/rows/chi--cover-client-cpu4-sdk-round0/input.json
chi--cover-client,4,mini,0,False,26.789945914875716,4.864864,67514368,0,True,,,/var/tmp/dd-ci-benchmark-20261004.s81k5i3w/runtime-completion/rows/chi--cover-client-cpu4-mini-round0/input.json
chi--cover-client,4,mini-deferred,0,False,26.870144620072097,4.90343,63401984,0,True,,,/var/tmp/dd-ci-benchmark-20261004.s81k5i3w/runtime-completion/rows/chi--cover-client-cpu4-mini-deferred-round0/input.json
chi--cover-client,4,native,0,False,26.143370519857854,3.274561,52527104,0,True,,,/var/tmp/dd-ci-benchmark-20261004.s81k5i3w/runtime-completion/rows/chi--cover-client-cpu4-native-round0/input.json
chi--cover-client,4,sdk,1,False,26.790914627024904,4.232992,93446144,0,True,,,/var/tmp/dd-ci-benchmark-20261004.s81k5i3w/runtime-completion/rows/chi--cover-client-cpu4-sdk-round1/input.json
chi--cover-client,4,mini,1,False,26.79768546205014,4.843845,60772352,0,True,,,/var/tmp/dd-ci-benchmark-20261004.s81k5i3w/runtime-completion/rows/chi--cover-client-cpu4-mini-round1/input.json
chi--cover-client,4,mini-deferred,1,False,26.862812792882323,4.878566,60456960,0,True,,,/var/tmp/dd-ci-benchmark-20261004.s81k5i3w/runtime-completion/rows/chi--cover-client-cpu4-mini-deferred-round1/input.json
chi--cover-client,4,native,1,False,26.139478261116892,3.24365,47316992,0,True,,,/var/tmp/dd-ci-benchmark-20261004.s81k5i3w/runtime-completion/rows/chi--cover-client-cpu4-native-round1/input.json
chi--cover-client,4,orchestrion,1,False,26.783171315910295,4.280577,98414592,0,True,,,/var/tmp/dd-ci-benchmark-20261004.s81k5i3w/runtime-completion/rows/chi--cover-client-cpu4-orchestrion-round1/input.json
chi--cover-client,4,mini,2,False,26.794575250940397,4.845265,64651264,0,True,,,/var/tmp/dd-ci-benchmark-20261004.s81k5i3w/runtime-completion/rows/chi--cover-client-cpu4-mini-round2/input.json
chi--cover-client,4,mini-deferred,2,False,26.868349807104096,4.866131,72933376,0,True,,,/var/tmp/dd-ci-benchmark-20261004.s81k5i3w/runtime-completion/rows/chi--cover-client-cpu4-mini-deferred-round2/input.json
chi--cover-client,4,native,2,False,26.13907668599859,3.260012,50159616,0,True,,,/var/tmp/dd-ci-benchmark-20261004.s81k5i3w/runtime-completion/rows/chi--cover-client-cpu4-native-round2/input.json
chi--cover-client,4,orchestrion,2,False,26.79563381196931,4.329182,99631104,0,True,,,/var/tmp/dd-ci-benchmark-20261004.s81k5i3w/runtime-completion/rows/chi--cover-client-cpu4-orchestrion-round2/input.json
chi--cover-client,4,sdk,2,False,26.798816045979038,4.265433,110485504,0,True,,,/var/tmp/dd-ci-benchmark-20261004.s81k5i3w/runtime-completion/rows/chi--cover-client-cpu4-sdk-round2/input.json
chi--cover-client,4,mini-deferred,3,False,26.867297548102215,4.86651,62046208,0,True,,,/var/tmp/dd-ci-benchmark-20261004.s81k5i3w/runtime-completion/rows/chi--cover-client-cpu4-mini-deferred-round3/input.json
chi--cover-client,4,native,3,False,26.138678217073902,3.273207,47190016,0,True,,,/var/tmp/dd-ci-benchmark-20261004.s81k5i3w/runtime-completion/rows/chi--cover-client-cpu4-native-round3/input.json
chi--cover-client,4,orchestrion,3,False,26.786666418192908,4.276051,107761664,0,True,,,/var/tmp/dd-ci-benchmark-20261004.s81k5i3w/runtime-completion/rows/chi--cover-client-cpu4-orchestrion-round3/input.json
chi--cover-client,4,sdk,3,False,26.7950463979505,4.250981,105582592,0,True,,,/var/tmp/dd-ci-benchmark-20261004.s81k5i3w/runtime-completion/rows/chi--cover-client-cpu4-sdk-round3/input.json
chi--cover-client,4,mini,3,False,26.796429976122454,4.823051,59322368,0,True,,,/var/tmp/dd-ci-benchmark-20261004.s81k5i3w/runtime-completion/rows/chi--cover-client-cpu4-mini-round3/input.json
chi--cover-client,4,native,4,False,26.138725021854043,3.279876,46530560,0,True,,,/var/tmp/dd-ci-benchmark-20261004.s81k5i3w/runtime-completion/rows/chi--cover-client-cpu4-native-round4/input.json
chi--cover-client,4,orchestrion,4,False,26.806839926168323,4.292763,103604224,0,True,,,/var/tmp/dd-ci-benchmark-20261004.s81k5i3w/runtime-completion/rows/chi--cover-client-cpu4-orchestrion-round4/input.json
chi--cover-client,4,sdk,4,False,26.791663656942546,4.274705,104357888,0,True,,,/var/tmp/dd-ci-benchmark-20261004.s81k5i3w/runtime-completion/rows/chi--cover-client-cpu4-sdk-round4/input.json
chi--cover-client,4,mini,4,False,26.799152485094965,4.853376,63537152,0,True,,,/var/tmp/dd-ci-benchmark-20261004.s81k5i3w/runtime-completion/rows/chi--cover-client-cpu4-mini-round4/input.json
chi--cover-client,4,mini-deferred,4,False,26.870602449867874,4.893112,63225856,0,True,,,/var/tmp/dd-ci-benchmark-20261004.s81k5i3w/runtime-completion/rows/chi--cover-client-cpu4-mini-deferred-round4/input.json
chi--cover-client,32,native,-1,True,26.142157096182927,12.482375,82784256,0,True,,,/var/tmp/dd-ci-benchmark-20261004.s81k5i3w/runtime-completion/rows/chi--cover-client-cpu32-native-round-1/input.json
chi--cover-client,32,orchestrion,-1,True,26.83553862501867,12.472347,152580096,0,True,,,/var/tmp/dd-ci-benchmark-20261004.s81k5i3w/runtime-completion/rows/chi--cover-client-cpu32-orchestrion-round-1/input.json
chi--cover-client,32,sdk,-1,True,26.869574754033238,12.597697,155279360,0,True,,,/var/tmp/dd-ci-benchmark-20261004.s81k5i3w/runtime-completion/rows/chi--cover-client-cpu32-sdk-round-1/input.json
chi--cover-client,32,mini,-1,True,26.84694844787009,14.7166,111071232,0,True,,,/var/tmp/dd-ci-benchmark-20261004.s81k5i3w/runtime-completion/rows/chi--cover-client-cpu32-mini-round-1/input.json
chi--cover-client,32,mini-deferred,-1,True,26.912686581956223,14.569001,108752896,0,True,,,/var/tmp/dd-ci-benchmark-20261004.s81k5i3w/runtime-completion/rows/chi--cover-client-cpu32-mini-deferred-round-1/input.json
chi--cover-client,32,orchestrion,0,False,26.845708089880645,12.621996,152264704,0,True,,,/var/tmp/dd-ci-benchmark-20261004.s81k5i3w/runtime-completion/rows/chi--cover-client-cpu32-orchestrion-round0/input.json
chi--cover-client,32,sdk,0,False,26.854335664073005,12.348739,190205952,0,True,,,/var/tmp/dd-ci-benchmark-20261004.s81k5i3w/runtime-completion/rows/chi--cover-client-cpu32-sdk-round0/input.json
chi--cover-client,32,mini,0,False,26.856797561980784,14.747797,104648704,0,True,,,/var/tmp/dd-ci-benchmark-20261004.s81k5i3w/runtime-completion/rows/chi--cover-client-cpu32-mini-round0/input.json
chi--cover-client,32,mini-deferred,0,False,26.89622219488956,14.459635,117436416,0,True,,,/var/tmp/dd-ci-benchmark-20261004.s81k5i3w/runtime-completion/rows/chi--cover-client-cpu32-mini-deferred-round0/input.json
chi--cover-client,32,native,0,False,26.14307771716267,12.06115,83587072,0,True,,,/var/tmp/dd-ci-benchmark-20261004.s81k5i3w/runtime-completion/rows/chi--cover-client-cpu32-native-round0/input.json
chi--cover-client,32,sdk,1,False,26.853023196104914,12.701928,159600640,0,True,,,/var/tmp/dd-ci-benchmark-20261004.s81k5i3w/runtime-completion/rows/chi--cover-client-cpu32-sdk-round1/input.json
chi--cover-client,32,mini,1,False,26.86037749098614,14.506745,118685696,0,True,,,/var/tmp/dd-ci-benchmark-20261004.s81k5i3w/runtime-completion/rows/chi--cover-client-cpu32-mini-round1/input.json
chi--cover-client,32,mini-deferred,1,False,26.899090277031064,14.676933,118206464,0,True,,,/var/tmp/dd-ci-benchmark-20261004.s81k5i3w/runtime-completion/rows/chi--cover-client-cpu32-mini-deferred-round1/input.json
chi--cover-client,32,native,1,False,26.140160056995228,12.007906,86421504,0,True,,,/var/tmp/dd-ci-benchmark-20261004.s81k5i3w/runtime-completion/rows/chi--cover-client-cpu32-native-round1/input.json
chi--cover-client,32,orchestrion,1,False,26.8438307819888,12.401387,160251904,0,True,,,/var/tmp/dd-ci-benchmark-20261004.s81k5i3w/runtime-completion/rows/chi--cover-client-cpu32-orchestrion-round1/input.json
chi--cover-client,32,mini,2,False,26.83032670803368,14.496189,108179456,0,True,,,/var/tmp/dd-ci-benchmark-20261004.s81k5i3w/runtime-completion/rows/chi--cover-client-cpu32-mini-round2/input.json
chi--cover-client,32,mini-deferred,2,False,26.91605458012782,14.763337,119271424,0,True,,,/var/tmp/dd-ci-benchmark-20261004.s81k5i3w/runtime-completion/rows/chi--cover-client-cpu32-mini-deferred-round2/input.json
chi--cover-client,32,native,2,False,26.143271477194503,12.134794,88211456,0,True,,,/var/tmp/dd-ci-benchmark-20261004.s81k5i3w/runtime-completion/rows/chi--cover-client-cpu32-native-round2/input.json
chi--cover-client,32,orchestrion,2,False,26.84332613297738,12.536681,143618048,0,True,,,/var/tmp/dd-ci-benchmark-20261004.s81k5i3w/runtime-completion/rows/chi--cover-client-cpu32-orchestrion-round2/input.json
chi--cover-client,32,sdk,2,False,26.84879454993643,12.487402,146710528,0,True,,,/var/tmp/dd-ci-benchmark-20261004.s81k5i3w/runtime-completion/rows/chi--cover-client-cpu32-sdk-round2/input.json
chi--cover-client,32,mini-deferred,3,False,26.915433986112475,14.562592,126861312,0,True,,,/var/tmp/dd-ci-benchmark-20261004.s81k5i3w/runtime-completion/rows/chi--cover-client-cpu32-mini-deferred-round3/input.json
chi--cover-client,32,native,3,False,26.14388419012539,11.805583,94162944,0,True,,,/var/tmp/dd-ci-benchmark-20261004.s81k5i3w/runtime-completion/rows/chi--cover-client-cpu32-native-round3/input.json
chi--cover-client,32,orchestrion,3,False,26.825489311944693,12.573572,170061824,0,True,,,/var/tmp/dd-ci-benchmark-20261004.s81k5i3w/runtime-completion/rows/chi--cover-client-cpu32-orchestrion-round3/input.json
chi--cover-client,32,sdk,3,False,26.85705611202866,12.3989,166375424,0,True,,,/var/tmp/dd-ci-benchmark-20261004.s81k5i3w/runtime-completion/rows/chi--cover-client-cpu32-sdk-round3/input.json
chi--cover-client,32,mini,3,False,26.83322768798098,14.381162,104964096,0,True,,,/var/tmp/dd-ci-benchmark-20261004.s81k5i3w/runtime-completion/rows/chi--cover-client-cpu32-mini-round3/input.json
chi--cover-client,32,native,4,False,26.14277441892773,11.928456,94179328,0,True,,,/var/tmp/dd-ci-benchmark-20261004.s81k5i3w/runtime-completion/rows/chi--cover-client-cpu32-native-round4/input.json
chi--cover-client,32,orchestrion,4,False,26.848655621055514,12.403402,149946368,0,True,,,/var/tmp/dd-ci-benchmark-20261004.s81k5i3w/runtime-completion/rows/chi--cover-client-cpu32-orchestrion-round4/input.json
chi--cover-client,32,sdk,4,False,26.853596271947026,12.316011,170549248,0,True,,,/var/tmp/dd-ci-benchmark-20261004.s81k5i3w/runtime-completion/rows/chi--cover-client-cpu32-sdk-round4/input.json
chi--cover-client,32,mini,4,False,26.84868748486042,14.832014,110071808,0,True,,,/var/tmp/dd-ci-benchmark-20261004.s81k5i3w/runtime-completion/rows/chi--cover-client-cpu32-mini-round4/input.json
chi--cover-client,32,mini-deferred,4,False,26.914561429992318,14.661549,107667456,0,True,,,/var/tmp/dd-ci-benchmark-20261004.s81k5i3w/runtime-completion/rows/chi--cover-client-cpu32-mini-deferred-round4/input.json
chi--race-cover-client,4,native,-1,True,27.22844054410234,55.147055,3112095744,0,True,,,/var/tmp/dd-ci-benchmark-20261004.s81k5i3w/runtime-completion/rows/chi--race-cover-client-cpu4-native-round-1/input.json
chi--race-cover-client,4,orchestrion,-1,True,28.81192948622629,58.327781,3179360256,0,True,,,/var/tmp/dd-ci-benchmark-20261004.s81k5i3w/runtime-completion/rows/chi--race-cover-client-cpu4-orchestrion-round-1/input.json
chi--race-cover-client,4,sdk,-1,True,28.821446212939918,58.919541,3193647104,0,True,,,/var/tmp/dd-ci-benchmark-20261004.s81k5i3w/runtime-completion/rows/chi--race-cover-client-cpu4-sdk-round-1/input.json
chi--race-cover-client,4,mini,-1,True,28.80752280401066,58.564345,3193921536,0,True,,,/var/tmp/dd-ci-benchmark-20261004.s81k5i3w/runtime-completion/rows/chi--race-cover-client-cpu4-mini-round-1/input.json
chi--race-cover-client,4,mini-deferred,-1,True,29.0034851571545,58.958138,3185614848,0,True,,,/var/tmp/dd-ci-benchmark-20261004.s81k5i3w/runtime-completion/rows/chi--race-cover-client-cpu4-mini-deferred-round-1/input.json
chi--race-cover-client,4,orchestrion,0,False,28.864940241910517,59.668711,3214057472,0,True,,,/var/tmp/dd-ci-benchmark-20261004.s81k5i3w/runtime-completion/rows/chi--race-cover-client-cpu4-orchestrion-round0/input.json
chi--race-cover-client,4,sdk,0,False,28.869210480945185,58.978038,3225706496,0,True,,,/var/tmp/dd-ci-benchmark-20261004.s81k5i3w/runtime-completion/rows/chi--race-cover-client-cpu4-sdk-round0/input.json
chi--race-cover-client,4,mini,0,False,28.80172273889184,58.545797,3164258304,0,True,,,/var/tmp/dd-ci-benchmark-20261004.s81k5i3w/runtime-completion/rows/chi--race-cover-client-cpu4-mini-round0/input.json
chi--race-cover-client,4,mini-deferred,0,False,29.00000274204649,58.902024,3191103488,0,True,,,/var/tmp/dd-ci-benchmark-20261004.s81k5i3w/runtime-completion/rows/chi--race-cover-client-cpu4-mini-deferred-round0/input.json
chi--race-cover-client,4,native,0,False,27.22727393102832,54.587509,3075670016,0,True,,,/var/tmp/dd-ci-benchmark-20261004.s81k5i3w/runtime-completion/rows/chi--race-cover-client-cpu4-native-round0/input.json
chi--race-cover-client,4,sdk,1,False,28.91552157420665,57.901544,3182891008,0,True,,,/var/tmp/dd-ci-benchmark-20261004.s81k5i3w/runtime-completion/rows/chi--race-cover-client-cpu4-sdk-round1/input.json
chi--race-cover-client,4,mini,1,False,28.799663624959067,58.808755,3190554624,0,True,,,/var/tmp/dd-ci-benchmark-20261004.s81k5i3w/runtime-completion/rows/chi--race-cover-client-cpu4-mini-round1/input.json
chi--race-cover-client,4,mini-deferred,1,False,29.000613677082583,58.747318,3174596608,0,True,,,/var/tmp/dd-ci-benchmark-20261004.s81k5i3w/runtime-completion/rows/chi--race-cover-client-cpu4-mini-deferred-round1/input.json
chi--race-cover-client,4,native,1,False,27.229595474898815,55.070241,3122774016,0,True,,,/var/tmp/dd-ci-benchmark-20261004.s81k5i3w/runtime-completion/rows/chi--race-cover-client-cpu4-native-round1/input.json
chi--race-cover-client,4,orchestrion,1,False,28.848461876856163,58.694236,3233124352,0,True,,,/var/tmp/dd-ci-benchmark-20261004.s81k5i3w/runtime-completion/rows/chi--race-cover-client-cpu4-orchestrion-round1/input.json
chi--race-cover-client,4,mini,2,False,28.829889529850334,58.669945,3164643328,0,True,,,/var/tmp/dd-ci-benchmark-20261004.s81k5i3w/runtime-completion/rows/chi--race-cover-client-cpu4-mini-round2/input.json
chi--race-cover-client,4,mini-deferred,2,False,29.002212709980085,58.724218,3163549696,0,True,,,/var/tmp/dd-ci-benchmark-20261004.s81k5i3w/runtime-completion/rows/chi--race-cover-client-cpu4-mini-deferred-round2/input.json
chi--race-cover-client,4,native,2,False,27.21962879388593,55.39789,3099942912,0,True,,,/var/tmp/dd-ci-benchmark-20261004.s81k5i3w/runtime-completion/rows/chi--race-cover-client-cpu4-native-round2/input.json
chi--race-cover-client,4,orchestrion,2,False,28.81781923188828,60.038538,3222736896,0,True,,,/var/tmp/dd-ci-benchmark-20261004.s81k5i3w/runtime-completion/rows/chi--race-cover-client-cpu4-orchestrion-round2/input.json
chi--race-cover-client,4,sdk,2,False,28.866282855859026,59.873331,3233214464,0,True,,,/var/tmp/dd-ci-benchmark-20261004.s81k5i3w/runtime-completion/rows/chi--race-cover-client-cpu4-sdk-round2/input.json
chi--race-cover-client,4,mini-deferred,3,False,29.00341980997473,58.794469,3162062848,0,True,,,/var/tmp/dd-ci-benchmark-20261004.s81k5i3w/runtime-completion/rows/chi--race-cover-client-cpu4-mini-deferred-round3/input.json
chi--race-cover-client,4,native,3,False,27.22499679797329,55.156485,3087446016,0,True,,,/var/tmp/dd-ci-benchmark-20261004.s81k5i3w/runtime-completion/rows/chi--race-cover-client-cpu4-native-round3/input.json
chi--race-cover-client,4,orchestrion,3,False,28.91266645095311,59.183012,3192950784,0,True,,,/var/tmp/dd-ci-benchmark-20261004.s81k5i3w/runtime-completion/rows/chi--race-cover-client-cpu4-orchestrion-round3/input.json
chi--race-cover-client,4,sdk,3,False,28.872931978898123,58.774212,3240427520,0,True,,,/var/tmp/dd-ci-benchmark-20261004.s81k5i3w/runtime-completion/rows/chi--race-cover-client-cpu4-sdk-round3/input.json
chi--race-cover-client,4,mini,3,False,28.81707614217885,58.706481,3176972288,0,True,,,/var/tmp/dd-ci-benchmark-20261004.s81k5i3w/runtime-completion/rows/chi--race-cover-client-cpu4-mini-round3/input.json
chi--race-cover-client,4,native,4,False,27.232085459167138,54.929325,3071127552,0,True,,,/var/tmp/dd-ci-benchmark-20261004.s81k5i3w/runtime-completion/rows/chi--race-cover-client-cpu4-native-round4/input.json
chi--race-cover-client,4,orchestrion,4,False,28.864118807949126,58.978268,3250315264,0,True,,,/var/tmp/dd-ci-benchmark-20261004.s81k5i3w/runtime-completion/rows/chi--race-cover-client-cpu4-orchestrion-round4/input.json
chi--race-cover-client,4,sdk,4,False,28.904320653062314,59.716713,3239317504,0,True,,,/var/tmp/dd-ci-benchmark-20261004.s81k5i3w/runtime-completion/rows/chi--race-cover-client-cpu4-sdk-round4/input.json
chi--race-cover-client,4,mini,4,False,28.852029033005238,59.008645,3200172032,0,True,,,/var/tmp/dd-ci-benchmark-20261004.s81k5i3w/runtime-completion/rows/chi--race-cover-client-cpu4-mini-round4/input.json
chi--race-cover-client,4,mini-deferred,4,False,29.012589290039614,58.819113,3150327808,0,True,,,/var/tmp/dd-ci-benchmark-20261004.s81k5i3w/runtime-completion/rows/chi--race-cover-client-cpu4-mini-deferred-round4/input.json
chi--race-cover-client,32,native,-1,True,27.24253116408363,244.99115,3101704192,0,True,,,/var/tmp/dd-ci-benchmark-20261004.s81k5i3w/runtime-completion/rows/chi--race-cover-client-cpu32-native-round-1/input.json
chi--race-cover-client,32,orchestrion,-1,True,28.9638499841094,191.328237,3225939968,0,True,,,/var/tmp/dd-ci-benchmark-20261004.s81k5i3w/runtime-completion/rows/chi--race-cover-client-cpu32-orchestrion-round-1/input.json
chi--race-cover-client,32,sdk,-1,True,28.991238991031423,194.972323,3189362688,0,True,,,/var/tmp/dd-ci-benchmark-20261004.s81k5i3w/runtime-completion/rows/chi--race-cover-client-cpu32-sdk-round-1/input.json
chi--race-cover-client,32,mini,-1,True,28.95289303478785,257.942094,3150151680,0,True,,,/var/tmp/dd-ci-benchmark-20261004.s81k5i3w/runtime-completion/rows/chi--race-cover-client-cpu32-mini-round-1/input.json
chi--race-cover-client,32,mini-deferred,-1,True,29.137513366062194,256.774133,3156742144,0,True,,,/var/tmp/dd-ci-benchmark-20261004.s81k5i3w/runtime-completion/rows/chi--race-cover-client-cpu32-mini-deferred-round-1/input.json
chi--race-cover-client,32,orchestrion,0,False,28.938062909059227,189.72402,3258421248,0,True,,,/var/tmp/dd-ci-benchmark-20261004.s81k5i3w/runtime-completion/rows/chi--race-cover-client-cpu32-orchestrion-round0/input.json
chi--race-cover-client,32,sdk,0,False,28.98348306096159,194.100528,3213160448,0,True,,,/var/tmp/dd-ci-benchmark-20261004.s81k5i3w/runtime-completion/rows/chi--race-cover-client-cpu32-sdk-round0/input.json
chi--race-cover-client,32,mini,0,False,28.958227425813675,257.5818,3164254208,0,True,,,/var/tmp/dd-ci-benchmark-20261004.s81k5i3w/runtime-completion/rows/chi--race-cover-client-cpu32-mini-round0/input.json
chi--race-cover-client,32,mini-deferred,0,False,29.13012162502855,256.536444,3169759232,0,True,,,/var/tmp/dd-ci-benchmark-20261004.s81k5i3w/runtime-completion/rows/chi--race-cover-client-cpu32-mini-deferred-round0/input.json
chi--race-cover-client,32,native,0,False,27.23065617098473,240.980564,3093008384,0,True,,,/var/tmp/dd-ci-benchmark-20261004.s81k5i3w/runtime-completion/rows/chi--race-cover-client-cpu32-native-round0/input.json
chi--race-cover-client,32,sdk,1,False,28.974469213047996,195.237041,3262205952,0,True,,,/var/tmp/dd-ci-benchmark-20261004.s81k5i3w/runtime-completion/rows/chi--race-cover-client-cpu32-sdk-round1/input.json
chi--race-cover-client,32,mini,1,False,28.9716096050106,257.843642,3175862272,0,True,,,/var/tmp/dd-ci-benchmark-20261004.s81k5i3w/runtime-completion/rows/chi--race-cover-client-cpu32-mini-round1/input.json
chi--race-cover-client,32,mini-deferred,1,False,29.1558374108281,254.478665,3168276480,0,True,,,/var/tmp/dd-ci-benchmark-20261004.s81k5i3w/runtime-completion/rows/chi--race-cover-client-cpu32-mini-deferred-round1/input.json
chi--race-cover-client,32,native,1,False,27.231294658966362,245.280292,3090673664,0,True,,,/var/tmp/dd-ci-benchmark-20261004.s81k5i3w/runtime-completion/rows/chi--race-cover-client-cpu32-native-round1/input.json
chi--race-cover-client,32,orchestrion,1,False,28.929454398108646,189.4479,3210375168,0,True,,,/var/tmp/dd-ci-benchmark-20261004.s81k5i3w/runtime-completion/rows/chi--race-cover-client-cpu32-orchestrion-round1/input.json
chi--race-cover-client,32,mini,2,False,28.943650492001325,255.550294,3177623552,0,True,,,/var/tmp/dd-ci-benchmark-20261004.s81k5i3w/runtime-completion/rows/chi--race-cover-client-cpu32-mini-round2/input.json
chi--race-cover-client,32,mini-deferred,2,False,29.116071647033095,254.186442,3148779520,0,True,,,/var/tmp/dd-ci-benchmark-20261004.s81k5i3w/runtime-completion/rows/chi--race-cover-client-cpu32-mini-deferred-round2/input.json
chi--race-cover-client,32,native,2,False,27.235783654032275,243.74385,3065577472,0,True,,,/var/tmp/dd-ci-benchmark-20261004.s81k5i3w/runtime-completion/rows/chi--race-cover-client-cpu32-native-round2/input.json
chi--race-cover-client,32,orchestrion,2,False,28.930311176925898,188.321351,3221749760,0,True,,,/var/tmp/dd-ci-benchmark-20261004.s81k5i3w/runtime-completion/rows/chi--race-cover-client-cpu32-orchestrion-round2/input.json
chi--race-cover-client,32,sdk,2,False,28.945239240070805,192.399648,3245461504,0,True,,,/var/tmp/dd-ci-benchmark-20261004.s81k5i3w/runtime-completion/rows/chi--race-cover-client-cpu32-sdk-round2/input.json
chi--race-cover-client,32,mini-deferred,3,False,29.12558026984334,254.267561,3150917632,0,True,,,/var/tmp/dd-ci-benchmark-20261004.s81k5i3w/runtime-completion/rows/chi--race-cover-client-cpu32-mini-deferred-round3/input.json
chi--race-cover-client,32,native,3,False,27.23593729408458,243.15553,3077615616,0,True,,,/var/tmp/dd-ci-benchmark-20261004.s81k5i3w/runtime-completion/rows/chi--race-cover-client-cpu32-native-round3/input.json
chi--race-cover-client,32,orchestrion,3,False,28.93952037789859,189.835453,3211771904,0,True,,,/var/tmp/dd-ci-benchmark-20261004.s81k5i3w/runtime-completion/rows/chi--race-cover-client-cpu32-orchestrion-round3/input.json
chi--race-cover-client,32,sdk,3,False,28.957668984076008,193.396603,3178201088,0,True,,,/var/tmp/dd-ci-benchmark-20261004.s81k5i3w/runtime-completion/rows/chi--race-cover-client-cpu32-sdk-round3/input.json
chi--race-cover-client,32,mini,3,False,28.924668648978695,255.632777,3126992896,0,True,,,/var/tmp/dd-ci-benchmark-20261004.s81k5i3w/runtime-completion/rows/chi--race-cover-client-cpu32-mini-round3/input.json
chi--race-cover-client,32,native,4,False,27.233273056102917,244.095189,3083468800,0,True,,,/var/tmp/dd-ci-benchmark-20261004.s81k5i3w/runtime-completion/rows/chi--race-cover-client-cpu32-native-round4/input.json
chi--race-cover-client,32,orchestrion,4,False,28.933591105043888,188.693681,3231186944,0,True,,,/var/tmp/dd-ci-benchmark-20261004.s81k5i3w/runtime-completion/rows/chi--race-cover-client-cpu32-orchestrion-round4/input.json
chi--race-cover-client,32,sdk,4,False,28.957413881085813,191.067617,3188506624,0,True,,,/var/tmp/dd-ci-benchmark-20261004.s81k5i3w/runtime-completion/rows/chi--race-cover-client-cpu32-sdk-round4/input.json
chi--race-cover-client,32,mini,4,False,28.942694555968046,253.430216,3144204288,0,True,,,/var/tmp/dd-ci-benchmark-20261004.s81k5i3w/runtime-completion/rows/chi--race-cover-client-cpu32-mini-round4/input.json
chi--race-cover-client,32,mini-deferred,4,False,29.12464380590245,252.469184,3135778816,0,True,,,/var/tmp/dd-ci-benchmark-20261004.s81k5i3w/runtime-completion/rows/chi--race-cover-client-cpu32-mini-deferred-round4/input.json
